timestamp_iso,unix_ts,speaker_id,lock_state,confidence,status,pan_command,tilt_command,pan_angle,tilt_angle,face_x,face_y
2026-06-12T17:06:49.617,1781276809,nicole,SEARCHING,0.0,SEARCH,SCAN,SCAN,102.0,90.0,,
2026-06-12T17:06:49.827,1781276809,nicole,SEARCHING,0.0,SEARCH,SCAN,SCAN,114.0,90.0,,
2026-06-12T17:06:50.106,1781276810,nicole,SEARCHING,0.0,SEARCH,SCAN,SCAN,126.0,90.0,,
2026-06-12T17:06:50.323,1781276810,nicole,SEARCHING,0.0,SEARCH,SCAN,SCAN,138.0,90.0,,
2026-06-12T17:06:50.533,1781276810,nicole,SEARCHING,0.0,SEARCH,SCAN,SCAN,150.0,90.0,,
2026-06-12T17:06:50.831,1781276810,nicole,SEARCHING,0.0,SEARCH,SCAN,SCAN,155.0,90.0,,
2026-06-12T17:06:51.127,1781276811,nicole,SEARCHING,0.0,SEARCH,SCAN,SCAN,143.0,90.0,,
2026-06-12T17:06:51.328,1781276811,nicole,SEARCHING,0.0,SEARCH,SCAN,SCAN,131.0,90.0,,
2026-06-12T17:06:51.538,1781276811,nicole,SEARCHING,0.0,SEARCH,SCAN,SCAN,119.0,90.0,,
2026-06-12T17:06:51.832,1781276811,nicole,SEARCHING,0.0,SEARCH,SCAN,SCAN,107.0,90.0,,
2026-06-12T17:06:52.036,1781276812,nicole,SEARCHING,0.0,SEARCH,SCAN,SCAN,95.0,90.0,,
2026-06-12T17:06:52.247,1781276812,nicole,SEARCHING,0.0,SEARCH,SCAN,SCAN,83.0,90.0,,
2026-06-12T17:06:52.532,1781276812,nicole,SEARCHING,0.0,SEARCH,SCAN,SCAN,71.0,90.0,,
2026-06-12T17:06:52.740,1781276812,nicole,SEARCHING,0.0,SEARCH,SCAN,SCAN,59.0,90.0,,
2026-06-12T17:06:52.944,1781276812,nicole,SEARCHING,0.0,SEARCH,SCAN,SCAN,47.0,90.0,,
2026-06-12T17:06:53.234,1781276813,nicole,SEARCHING,0.0,SEARCH,SCAN,SCAN,35.0,90.0,,
2026-06-12T17:06:53.441,1781276813,nicole,SEARCHING,0.0,SEARCH,SCAN,SCAN,25.0,90.0,,
2026-06-12T17:06:53.649,1781276813,nicole,SEARCHING,0.0,SEARCH,SCAN,SCAN,37.0,90.0,,
2026-06-12T17:06:53.999,1781276813,nicole,SEARCHING,0.0,SEARCH,SCAN,SCAN,49.0,90.0,,
2026-06-12T17:06:54.211,1781276814,nicole,SEARCHING,0.0,SEARCH,SCAN,SCAN,61.0,90.0,,
2026-06-12T17:06:54.425,1781276814,nicole,SEARCHING,0.0,SEARCH,SCAN,SCAN,73.0,90.0,,
2026-06-12T17:06:54.703,1781276814,nicole,SEARCHING,0.0,SEARCH,SCAN,SCAN,85.0,90.0,,
2026-06-12T17:06:54.921,1781276814,nicole,SEARCHING,0.0,SEARCH,SCAN,SCAN,97.0,90.0,,
2026-06-12T17:06:55.213,1781276815,nicole,SEARCHING,0.0,SEARCH,SCAN,SCAN,109.0,90.0,,
2026-06-12T17:06:55.495,1781276815,nicole,SEARCHING,0.0,SEARCH,SCAN,SCAN,121.0,90.0,,
2026-06-12T17:06:55.761,1781276815,nicole,SEARCHING,0.0,SEARCH,SCAN,SCAN,133.0,90.0,,
2026-06-12T17:06:55.995,1781276815,nicole,SEARCHING,0.0,SEARCH,SCAN,SCAN,145.0,90.0,,
2026-06-12T17:06:56.203,1781276816,nicole,SEARCHING,0.0,SEARCH,SCAN,SCAN,155.0,90.0,,
2026-06-12T17:06:56.464,1781276816,nicole,SEARCHING,0.0,SEARCH,SCAN,SCAN,143.0,90.0,,
2026-06-12T17:06:56.696,1781276816,nicole,SEARCHING,0.0,SEARCH,SCAN,SCAN,131.0,90.0,,
2026-06-12T17:06:56.965,1781276816,nicole,SEARCHING,0.0,SEARCH,SCAN,SCAN,119.0,90.0,,
2026-06-12T17:06:57.167,1781276817,nicole,SEARCHING,0.0,SEARCH,SCAN,SCAN,107.0,90.0,,
2026-06-12T17:06:57.473,1781276817,nicole,SEARCHING,0.0,SEARCH,SCAN,SCAN,95.0,90.0,,
2026-06-12T17:06:57.833,1781276817,nicole,SEARCHING,0.0,SEARCH,SCAN,SCAN,83.0,90.0,,
2026-06-12T17:06:58.139,1781276818,nicole,SEARCHING,0.0,SEARCH,SCAN,SCAN,71.0,90.0,,
2026-06-12T17:06:58.447,1781276818,nicole,SEARCHING,0.0,SEARCH,SCAN,SCAN,59.0,90.0,,
2026-06-12T17:06:58.754,1781276818,nicole,SEARCHING,0.0,SEARCH,SCAN,SCAN,47.0,90.0,,
2026-06-12T17:06:58.856,1781276818,nicole,TRACKING,0.6695,MOVE_RIGHT_DOWN,RIGHT,DOWN,54.2,96.0,776,440
2026-06-12T17:06:58.961,1781276818,nicole,TRACKING,0.7023,MOVE_RIGHT_DOWN,RIGHT,DOWN,59.1,99.7,777,433
2026-06-12T17:06:59.057,1781276819,nicole,TRACKING,0.6897,MOVE_RIGHT,RIGHT,CENTERED,62.9,101.8,770,427
2026-06-12T17:06:59.145,1781276819,nicole,TRACKING,0.6741,CENTERED,CENTERED,CENTERED,66.0,103.1,760,424
2026-06-12T17:06:59.253,1781276819,nicole,TRACKING,0.5547,CENTERED,CENTERED,CENTERED,68.9,104.2,742,428
2026-06-12T17:06:59.349,1781276819,nicole,TRACKING,0.6361,CENTERED,CENTERED,CENTERED,71.0,104.6,741,422
2026-06-12T17:06:59.453,1781276819,nicole,TRACKING,0.618,CENTERED,CENTERED,CENTERED,72.7,105.3,734,428
2026-06-12T17:06:59.553,1781276819,nicole,TRACKING,0.5931,CENTERED,CENTERED,CENTERED,74.6,106.0,719,430
2026-06-12T17:06:59.670,1781276819,nicole,TRACKING,0.651,CENTERED,CENTERED,CENTERED,76.2,106.2,710,427
2026-06-12T17:06:59.764,1781276819,nicole,TRACKING,0.6683,CENTERED,CENTERED,CENTERED,77.5,106.5,707,429
2026-06-12T17:06:59.866,1781276819,nicole,TRACKING,0.6462,CENTERED,CENTERED,CENTERED,78.4,106.7,708,428
2026-06-12T17:06:59.973,1781276819,nicole,TRACKING,0.6416,MOVE_DOWN,CENTERED,DOWN,78.9,107.2,711,434
2026-06-12T17:07:00.055,1781276820,nicole,TRACKING,0.6532,CENTERED,CENTERED,CENTERED,79.2,107.0,712,426
2026-06-12T17:07:00.153,1781276820,nicole,TRACKING,0.661,CENTERED,CENTERED,CENTERED,79.3,106.9,715,426
2026-06-12T17:07:00.244,1781276820,nicole,TRACKING,0.6291,CENTERED,CENTERED,CENTERED,79.4,106.3,713,420
2026-06-12T17:07:00.367,1781276820,nicole,TRACKING,0.6803,CENTERED,CENTERED,CENTERED,79.4,105.5,716,414
2026-06-12T17:07:00.463,1781276820,nicole,TRACKING,0.7133,CENTERED,CENTERED,CENTERED,79.4,104.5,714,409
2026-06-12T17:07:00.669,1781276820,nicole,TRACKING,0.7138,CENTERED,CENTERED,CENTERED,79.6,103.7,712,408
2026-06-12T17:07:00.731,1781276820,nicole,TRACKING,0.6939,CENTERED,CENTERED,CENTERED,77.6,102.4,760,397
2026-06-12T17:07:00.837,1781276820,nicole,TRACKING,0.713,CENTERED,CENTERED,CENTERED,76.5,101.5,755,397
2026-06-12T17:07:00.950,1781276820,nicole,TRACKING,0.7449,CENTERED,CENTERED,CENTERED,75.4,101.2,761,402
2026-06-12T17:07:01.042,1781276821,nicole,TRACKING,0.7418,CENTERED,CENTERED,CENTERED,74.7,100.9,762,401
2026-06-12T17:07:01.140,1781276821,nicole,TRACKING,0.7311,CENTERED,CENTERED,CENTERED,74.1,100.5,763,398
2026-06-12T17:07:01.243,1781276821,nicole,TRACKING,0.7307,MOVE_RIGHT,RIGHT,CENTERED,73.4,100.4,769,401
2026-06-12T17:07:01.340,1781276821,nicole,TRACKING,0.746,MOVE_RIGHT,RIGHT,CENTERED,72.8,100.7,773,406
2026-06-12T17:07:01.434,1781276821,nicole,TRACKING,0.7295,MOVE_RIGHT,RIGHT,CENTERED,72.0,100.9,782,405
2026-06-12T17:07:01.527,1781276821,nicole,TRACKING,0.754,MOVE_RIGHT,RIGHT,CENTERED,71.3,101.1,784,406
2026-06-12T17:07:01.634,1781276821,nicole,TRACKING,0.7132,MOVE_RIGHT,RIGHT,CENTERED,71.1,101.3,777,407
2026-06-12T17:07:01.737,1781276821,nicole,TRACKING,0.7442,CENTERED,CENTERED,CENTERED,71.4,101.4,767,407
2026-06-12T17:07:01.831,1781276821,nicole,TRACKING,0.7269,CENTERED,CENTERED,CENTERED,71.9,101.6,760,408
2026-06-12T17:07:01.927,1781276821,nicole,TRACKING,0.7425,CENTERED,CENTERED,CENTERED,72.5,101.9,754,410
2026-06-12T17:07:02.054,1781276822,nicole,TRACKING,0.7378,CENTERED,CENTERED,CENTERED,73.3,102.1,746,410
2026-06-12T17:07:02.136,1781276822,nicole,TRACKING,0.7246,CENTERED,CENTERED,CENTERED,73.8,102.0,746,408
2026-06-12T17:07:02.234,1781276822,nicole,TRACKING,0.7353,CENTERED,CENTERED,CENTERED,74.2,102.1,747,409
2026-06-12T17:07:02.326,1781276822,nicole,TRACKING,0.7379,CENTERED,CENTERED,CENTERED,74.5,102.1,745,408
2026-06-12T17:07:02.456,1781276822,nicole,TRACKING,0.7297,CENTERED,CENTERED,CENTERED,74.8,102.1,743,408
2026-06-12T17:07:02.574,1781276822,nicole,TRACKING,0.7355,CENTERED,CENTERED,CENTERED,75.1,101.9,740,406
2026-06-12T17:07:02.633,1781276822,nicole,TRACKING,0.7226,CENTERED,CENTERED,CENTERED,75.3,101.8,741,406
2026-06-12T17:07:02.761,1781276822,nicole,TRACKING,0.7436,CENTERED,CENTERED,CENTERED,75.5,101.6,740,405
2026-06-12T17:07:02.855,1781276822,nicole,TRACKING,0.7384,CENTERED,CENTERED,CENTERED,75.8,101.2,737,401
2026-06-12T17:07:02.938,1781276822,nicole,TRACKING,0.7281,CENTERED,CENTERED,CENTERED,75.8,101.3,740,406
2026-06-12T17:07:03.050,1781276823,nicole,TRACKING,0.7268,CENTERED,CENTERED,CENTERED,75.9,101.6,739,409
2026-06-12T17:07:03.150,1781276823,nicole,TRACKING,0.7004,CENTERED,CENTERED,CENTERED,76.0,101.4,738,404
2026-06-12T17:07:03.249,1781276823,nicole,TRACKING,0.7046,CENTERED,CENTERED,CENTERED,75.9,101.5,743,407
2026-06-12T17:07:03.347,1781276823,nicole,TRACKING,0.6648,CENTERED,CENTERED,CENTERED,75.7,101.4,745,405
2026-06-12T17:07:03.448,1781276823,nicole,TRACKING,0.6867,CENTERED,CENTERED,CENTERED,75.4,101.0,749,400
2026-06-12T17:07:03.542,1781276823,nicole,TRACKING,0.641,CENTERED,CENTERED,CENTERED,75.3,100.7,746,400
2026-06-12T17:07:03.641,1781276823,nicole,TRACKING,0.5931,CENTERED,CENTERED,CENTERED,75.2,100.6,747,401
2026-06-12T17:07:03.787,1781276823,nicole,TRACKING,0.5816,CENTERED,CENTERED,CENTERED,75.2,100.6,745,403
2026-06-12T17:07:03.857,1781276823,nicole,TRACKING,0.5839,CENTERED,CENTERED,CENTERED,75.5,100.4,737,400
2026-06-12T17:07:03.953,1781276823,nicole,TRACKING,0.5705,CENTERED,CENTERED,CENTERED,76.0,100.2,733,399
2026-06-12T17:07:04.044,1781276824,nicole,TRACKING,0.5663,CENTERED,CENTERED,CENTERED,76.5,100.2,728,400
2026-06-12T17:07:04.154,1781276824,nicole,TRACKING,0.5605,CENTERED,CENTERED,CENTERED,77.1,100.6,720,407
2026-06-12T17:07:04.247,1781276824,nicole,TRACKING,0.5503,CENTERED,CENTERED,CENTERED,78.5,101.1,699,409
2026-06-12T17:07:04.356,1781276824,nicole,TRACKING,0.5633,CENTERED,CENTERED,CENTERED,80.4,101.1,677,404
2026-06-12T17:07:04.565,1781276824,nicole,TRACKING,0.5523,CENTERED,CENTERED,CENTERED,84.2,102.6,619,425
2026-06-12T17:07:04.909,1781276824,nicole,REACQUIRING,0.0,SEARCH,SCAN,SCAN,102.0,90.0,,
2026-06-12T17:07:05.115,1781276825,nicole,REACQUIRING,0.0,SEARCH,SCAN,SCAN,114.0,90.0,,
2026-06-12T17:07:05.518,1781276825,nicole,REACQUIRING,0.0,SEARCH,SCAN,SCAN,126.0,90.0,,
2026-06-12T17:07:05.822,1781276825,nicole,REACQUIRING,0.0,SEARCH,SCAN,SCAN,138.0,90.0,,
2026-06-12T17:07:06.114,1781276826,nicole,REACQUIRING,0.0,SEARCH,SCAN,SCAN,150.0,90.0,,
2026-06-12T17:07:06.321,1781276826,nicole,REACQUIRING,0.0,SEARCH,SCAN,SCAN,155.0,90.0,,
2026-06-12T17:07:06.533,1781276826,nicole,REACQUIRING,0.0,SEARCH,SCAN,SCAN,143.0,90.0,,
2026-06-12T17:07:06.831,1781276826,nicole,REACQUIRING,0.0,SEARCH,SCAN,SCAN,131.0,90.0,,
2026-06-12T17:07:07.121,1781276827,nicole,REACQUIRING,0.0,SEARCH,SCAN,SCAN,119.0,90.0,,
2026-06-12T17:07:07.326,1781276827,nicole,REACQUIRING,0.0,SEARCH,SCAN,SCAN,107.0,90.0,,
2026-06-12T17:07:07.542,1781276827,nicole,REACQUIRING,0.0,SEARCH,SCAN,SCAN,95.0,90.0,,
2026-06-12T17:07:07.823,1781276827,nicole,REACQUIRING,0.0,SEARCH,SCAN,SCAN,83.0,90.0,,
2026-06-12T17:07:08.032,1781276828,nicole,REACQUIRING,0.0,SEARCH,SCAN,SCAN,71.0,90.0,,
2026-06-12T17:07:08.243,1781276828,nicole,REACQUIRING,0.0,SEARCH,SCAN,SCAN,59.0,90.0,,
2026-06-12T17:07:08.527,1781276828,nicole,REACQUIRING,0.0,SEARCH,SCAN,SCAN,47.0,90.0,,
2026-06-12T17:07:08.739,1781276828,nicole,REACQUIRING,0.0,SEARCH,SCAN,SCAN,35.0,90.0,,
2026-06-12T17:07:08.946,1781276828,nicole,REACQUIRING,0.0,SEARCH,SCAN,SCAN,25.0,90.0,,
2026-06-12T17:07:09.230,1781276829,nicole,REACQUIRING,0.0,SEARCH,SCAN,SCAN,37.0,90.0,,
2026-06-12T17:07:09.443,1781276829,nicole,REACQUIRING,0.0,SEARCH,SCAN,SCAN,49.0,90.0,,
2026-06-12T17:07:09.652,1781276829,nicole,REACQUIRING,0.0,SEARCH,SCAN,SCAN,61.0,90.0,,
2026-06-12T17:07:09.941,1781276829,nicole,REACQUIRING,0.0,SEARCH,SCAN,SCAN,73.0,90.0,,
2026-06-12T17:07:10.147,1781276830,nicole,REACQUIRING,0.0,SEARCH,SCAN,SCAN,85.0,90.0,,
2026-06-12T17:07:10.358,1781276830,nicole,REACQUIRING,0.0,SEARCH,SCAN,SCAN,97.0,90.0,,
2026-06-12T17:07:10.659,1781276830,nicole,REACQUIRING,0.0,SEARCH,SCAN,SCAN,109.0,90.0,,
2026-06-12T17:07:10.949,1781276830,nicole,REACQUIRING,0.0,SEARCH,SCAN,SCAN,121.0,90.0,,
2026-06-12T17:07:11.155,1781276831,nicole,REACQUIRING,0.0,SEARCH,SCAN,SCAN,133.0,90.0,,
2026-06-12T17:07:11.459,1781276831,nicole,REACQUIRING,0.0,SEARCH,SCAN,SCAN,145.0,90.0,,
2026-06-12T17:07:11.765,1781276831,nicole,REACQUIRING,0.0,SEARCH,SCAN,SCAN,155.0,90.0,,
2026-06-12T17:07:12.069,1781276832,nicole,REACQUIRING,0.0,SEARCH,SCAN,SCAN,143.0,90.0,,
2026-06-12T17:07:12.351,1781276832,nicole,REACQUIRING,0.0,SEARCH,SCAN,SCAN,131.0,90.0,,
2026-06-12T17:07:12.559,1781276832,nicole,REACQUIRING,0.0,SEARCH,SCAN,SCAN,119.0,90.0,,
2026-06-12T17:07:12.766,1781276832,nicole,REACQUIRING,0.0,SEARCH,SCAN,SCAN,107.0,90.0,,
2026-06-12T17:07:13.059,1781276833,nicole,REACQUIRING,0.0,SEARCH,SCAN,SCAN,95.0,90.0,,
2026-06-12T17:07:13.270,1781276833,nicole,REACQUIRING,0.0,SEARCH,SCAN,SCAN,83.0,90.0,,
2026-06-12T17:07:13.575,1781276833,nicole,REACQUIRING,0.0,SEARCH,SCAN,SCAN,71.0,90.0,,
2026-06-12T17:07:13.874,1781276833,nicole,REACQUIRING,0.0,SEARCH,SCAN,SCAN,59.0,90.0,,
2026-06-12T17:07:14.178,1781276834,nicole,REACQUIRING,0.0,SEARCH,SCAN,SCAN,47.0,90.0,,
2026-06-12T17:07:14.482,1781276834,nicole,REACQUIRING,0.0,SEARCH,SCAN,SCAN,35.0,90.0,,
2026-06-12T17:07:14.771,1781276834,nicole,REACQUIRING,0.0,SEARCH,SCAN,SCAN,25.0,90.0,,
2026-06-12T17:07:14.979,1781276834,nicole,REACQUIRING,0.0,SEARCH,SCAN,SCAN,37.0,90.0,,
2026-06-12T17:07:15.185,1781276835,nicole,REACQUIRING,0.0,SEARCH,SCAN,SCAN,49.0,90.0,,
2026-06-12T17:07:15.476,1781276835,nicole,REACQUIRING,0.0,SEARCH,SCAN,SCAN,61.0,90.0,,
2026-06-12T17:07:15.680,1781276835,nicole,REACQUIRING,0.0,SEARCH,SCAN,SCAN,73.0,90.0,,
2026-06-12T17:07:15.888,1781276835,nicole,REACQUIRING,0.0,SEARCH,SCAN,SCAN,85.0,90.0,,
2026-06-12T17:07:16.177,1781276836,nicole,REACQUIRING,0.0,SEARCH,SCAN,SCAN,97.0,90.0,,
2026-06-12T17:07:16.385,1781276836,nicole,REACQUIRING,0.0,SEARCH,SCAN,SCAN,109.0,90.0,,
2026-06-12T17:07:16.595,1781276836,nicole,REACQUIRING,0.0,SEARCH,SCAN,SCAN,121.0,90.0,,
2026-06-12T17:07:16.882,1781276836,nicole,REACQUIRING,0.0,SEARCH,SCAN,SCAN,133.0,90.0,,
2026-06-12T17:07:17.084,1781276837,nicole,REACQUIRING,0.0,SEARCH,SCAN,SCAN,145.0,90.0,,
2026-06-12T17:07:17.296,1781276837,nicole,REACQUIRING,0.0,SEARCH,SCAN,SCAN,155.0,90.0,,
2026-06-12T17:07:17.581,1781276837,nicole,REACQUIRING,0.0,SEARCH,SCAN,SCAN,143.0,90.0,,
2026-06-12T17:07:17.794,1781276837,nicole,REACQUIRING,0.0,SEARCH,SCAN,SCAN,131.0,90.0,,
2026-06-12T17:07:18.001,1781276838,nicole,REACQUIRING,0.0,SEARCH,SCAN,SCAN,119.0,90.0,,
2026-06-12T17:07:18.310,1781276838,nicole,REACQUIRING,0.0,SEARCH,SCAN,SCAN,107.0,90.0,,
2026-06-12T17:07:18.590,1781276838,nicole,REACQUIRING,0.0,SEARCH,SCAN,SCAN,95.0,90.0,,
2026-06-12T17:07:18.807,1781276838,nicole,REACQUIRING,0.0,SEARCH,SCAN,SCAN,83.0,90.0,,
2026-06-12T17:07:19.104,1781276839,nicole,REACQUIRING,0.0,SEARCH,SCAN,SCAN,71.0,90.0,,
2026-06-12T17:07:19.410,1781276839,nicole,REACQUIRING,0.0,SEARCH,SCAN,SCAN,59.0,90.0,,
2026-06-12T17:07:19.715,1781276839,nicole,REACQUIRING,0.0,SEARCH,SCAN,SCAN,47.0,90.0,,
2026-06-12T17:07:20.000,1781276840,nicole,REACQUIRING,0.0,SEARCH,SCAN,SCAN,35.0,90.0,,
2026-06-12T17:07:20.205,1781276840,nicole,REACQUIRING,0.0,SEARCH,SCAN,SCAN,25.0,90.0,,
2026-06-12T17:07:20.412,1781276840,nicole,REACQUIRING,0.0,SEARCH,SCAN,SCAN,37.0,90.0,,
2026-06-12T17:07:20.699,1781276840,nicole,REACQUIRING,0.0,SEARCH,SCAN,SCAN,49.0,90.0,,
2026-06-12T17:07:20.909,1781276840,nicole,REACQUIRING,0.0,SEARCH,SCAN,SCAN,61.0,90.0,,
2026-06-12T17:07:21.123,1781276841,nicole,REACQUIRING,0.0,SEARCH,SCAN,SCAN,73.0,90.0,,
2026-06-12T17:07:21.407,1781276841,nicole,REACQUIRING,0.0,SEARCH,SCAN,SCAN,85.0,90.0,,
2026-06-12T17:07:21.614,1781276841,nicole,REACQUIRING,0.0,SEARCH,SCAN,SCAN,97.0,90.0,,
2026-06-12T17:07:21.825,1781276841,nicole,REACQUIRING,0.0,SEARCH,SCAN,SCAN,109.0,90.0,,
2026-06-12T17:07:22.108,1781276842,nicole,REACQUIRING,0.0,SEARCH,SCAN,SCAN,121.0,90.0,,
2026-06-12T17:07:22.314,1781276842,nicole,REACQUIRING,0.0,SEARCH,SCAN,SCAN,133.0,90.0,,
2026-06-12T17:07:22.527,1781276842,nicole,REACQUIRING,0.0,SEARCH,SCAN,SCAN,145.0,90.0,,
2026-06-12T17:07:22.831,1781276842,nicole,REACQUIRING,0.0,SEARCH,SCAN,SCAN,155.0,90.0,,
2026-06-12T17:07:23.120,1781276843,nicole,REACQUIRING,0.0,SEARCH,SCAN,SCAN,143.0,90.0,,
2026-06-12T17:07:23.323,1781276843,nicole,REACQUIRING,0.0,SEARCH,SCAN,SCAN,131.0,90.0,,
2026-06-12T17:07:23.537,1781276843,nicole,REACQUIRING,0.0,SEARCH,SCAN,SCAN,119.0,90.0,,
2026-06-12T17:07:23.831,1781276843,nicole,REACQUIRING,0.0,SEARCH,SCAN,SCAN,107.0,90.0,,
2026-06-12T17:07:24.034,1781276844,nicole,REACQUIRING,0.0,SEARCH,SCAN,SCAN,95.0,90.0,,
2026-06-12T17:07:24.239,1781276844,nicole,REACQUIRING,0.0,SEARCH,SCAN,SCAN,83.0,90.0,,
2026-06-12T17:07:24.522,1781276844,nicole,REACQUIRING,0.0,SEARCH,SCAN,SCAN,71.0,90.0,,
2026-06-12T17:07:24.730,1781276844,nicole,REACQUIRING,0.0,SEARCH,SCAN,SCAN,59.0,90.0,,
2026-06-12T17:07:24.946,1781276844,nicole,REACQUIRING,0.0,SEARCH,SCAN,SCAN,47.0,90.0,,
2026-06-12T17:07:25.231,1781276845,nicole,REACQUIRING,0.0,SEARCH,SCAN,SCAN,35.0,90.0,,
2026-06-12T17:07:25.435,1781276845,nicole,REACQUIRING,0.0,SEARCH,SCAN,SCAN,25.0,90.0,,
2026-06-12T17:07:25.653,1781276845,nicole,REACQUIRING,0.0,SEARCH,SCAN,SCAN,37.0,90.0,,
2026-06-12T17:07:25.934,1781276845,nicole,REACQUIRING,0.0,SEARCH,SCAN,SCAN,49.0,90.0,,
2026-06-12T17:07:26.145,1781276846,nicole,REACQUIRING,0.0,SEARCH,SCAN,SCAN,61.0,90.0,,
2026-06-12T17:07:26.359,1781276846,nicole,REACQUIRING,0.0,SEARCH,SCAN,SCAN,73.0,90.0,,
2026-06-12T17:07:26.652,1781276846,nicole,REACQUIRING,0.0,SEARCH,SCAN,SCAN,85.0,90.0,,
2026-06-12T17:07:26.946,1781276846,nicole,REACQUIRING,0.0,SEARCH,SCAN,SCAN,97.0,90.0,,
2026-06-12T17:07:27.148,1781276847,nicole,REACQUIRING,0.0,SEARCH,SCAN,SCAN,109.0,90.0,,
2026-06-12T17:07:27.355,1781276847,nicole,REACQUIRING,0.0,SEARCH,SCAN,SCAN,121.0,90.0,,
2026-06-12T17:07:27.649,1781276847,nicole,REACQUIRING,0.0,SEARCH,SCAN,SCAN,133.0,90.0,,
2026-06-12T17:07:27.856,1781276847,nicole,REACQUIRING,0.0,SEARCH,SCAN,SCAN,145.0,90.0,,
2026-06-12T17:07:28.066,1781276848,nicole,REACQUIRING,0.0,SEARCH,SCAN,SCAN,155.0,90.0,,
2026-06-12T17:07:28.348,1781276848,nicole,REACQUIRING,0.0,SEARCH,SCAN,SCAN,143.0,90.0,,
2026-06-12T17:07:28.559,1781276848,nicole,REACQUIRING,0.0,SEARCH,SCAN,SCAN,131.0,90.0,,
2026-06-12T17:07:28.762,1781276848,nicole,REACQUIRING,0.0,SEARCH,SCAN,SCAN,119.0,90.0,,
2026-06-12T17:07:29.050,1781276849,nicole,REACQUIRING,0.0,SEARCH,SCAN,SCAN,107.0,90.0,,
2026-06-12T17:07:29.262,1781276849,nicole,REACQUIRING,0.0,SEARCH,SCAN,SCAN,95.0,90.0,,
2026-06-12T17:07:29.466,1781276849,nicole,REACQUIRING,0.0,SEARCH,SCAN,SCAN,83.0,90.0,,
2026-06-12T17:07:29.774,1781276849,nicole,REACQUIRING,0.0,SEARCH,SCAN,SCAN,71.0,90.0,,
2026-06-12T17:07:30.060,1781276850,nicole,REACQUIRING,0.0,SEARCH,SCAN,SCAN,59.0,90.0,,
2026-06-12T17:07:30.265,1781276850,nicole,REACQUIRING,0.0,SEARCH,SCAN,SCAN,47.0,90.0,,
2026-06-12T17:07:30.478,1781276850,nicole,REACQUIRING,0.0,SEARCH,SCAN,SCAN,35.0,90.0,,
2026-06-12T17:07:30.763,1781276850,nicole,REACQUIRING,0.0,SEARCH,SCAN,SCAN,25.0,90.0,,
2026-06-12T17:07:30.970,1781276850,nicole,REACQUIRING,0.0,SEARCH,SCAN,SCAN,37.0,90.0,,
2026-06-12T17:07:31.188,1781276851,nicole,REACQUIRING,0.0,SEARCH,SCAN,SCAN,49.0,90.0,,
2026-06-12T17:07:31.473,1781276851,nicole,REACQUIRING,0.0,SEARCH,SCAN,SCAN,61.0,90.0,,
2026-06-12T17:07:31.679,1781276851,nicole,REACQUIRING,0.0,SEARCH,SCAN,SCAN,73.0,90.0,,
2026-06-12T17:07:31.889,1781276851,nicole,REACQUIRING,0.0,SEARCH,SCAN,SCAN,85.0,90.0,,
2026-06-12T17:07:32.174,1781276852,nicole,REACQUIRING,0.0,SEARCH,SCAN,SCAN,97.0,90.0,,
2026-06-12T17:07:32.383,1781276852,nicole,REACQUIRING,0.0,SEARCH,SCAN,SCAN,109.0,90.0,,
2026-06-12T17:07:32.594,1781276852,nicole,REACQUIRING,0.0,SEARCH,SCAN,SCAN,121.0,90.0,,
2026-06-12T17:07:32.873,1781276852,nicole,REACQUIRING,0.0,SEARCH,SCAN,SCAN,133.0,90.0,,
2026-06-12T17:07:33.093,1781276853,nicole,REACQUIRING,0.0,SEARCH,SCAN,SCAN,145.0,90.0,,
2026-06-12T17:07:33.296,1781276853,nicole,REACQUIRING,0.0,SEARCH,SCAN,SCAN,155.0,90.0,,
2026-06-12T17:07:33.597,1781276853,nicole,REACQUIRING,0.0,SEARCH,SCAN,SCAN,143.0,90.0,,
2026-06-12T17:07:33.882,1781276853,nicole,REACQUIRING,0.0,SEARCH,SCAN,SCAN,131.0,90.0,,
2026-06-12T17:07:34.099,1781276854,nicole,REACQUIRING,0.0,SEARCH,SCAN,SCAN,119.0,90.0,,
2026-06-12T17:07:34.305,1781276854,nicole,REACQUIRING,0.0,SEARCH,SCAN,SCAN,107.0,90.0,,
2026-06-12T17:07:34.593,1781276854,nicole,REACQUIRING,0.0,SEARCH,SCAN,SCAN,95.0,90.0,,
2026-06-12T17:07:34.799,1781276854,nicole,REACQUIRING,0.0,SEARCH,SCAN,SCAN,83.0,90.0,,
2026-06-12T17:07:35.010,1781276855,nicole,REACQUIRING,0.0,SEARCH,SCAN,SCAN,71.0,90.0,,
2026-06-12T17:07:35.290,1781276855,nicole,REACQUIRING,0.0,SEARCH,SCAN,SCAN,59.0,90.0,,
2026-06-12T17:07:35.511,1781276855,nicole,REACQUIRING,0.0,SEARCH,SCAN,SCAN,47.0,90.0,,
2026-06-12T17:07:35.807,1781276855,nicole,REACQUIRING,0.0,SEARCH,SCAN,SCAN,35.0,90.0,,
2026-06-12T17:07:36.112,1781276856,nicole,REACQUIRING,0.0,SEARCH,SCAN,SCAN,25.0,90.0,,
2026-06-12T17:07:36.419,1781276856,nicole,REACQUIRING,0.0,SEARCH,SCAN,SCAN,37.0,90.0,,
2026-06-12T17:07:36.706,1781276856,nicole,REACQUIRING,0.0,SEARCH,SCAN,SCAN,49.0,90.0,,
2026-06-12T17:07:36.910,1781276856,nicole,REACQUIRING,0.0,SEARCH,SCAN,SCAN,61.0,90.0,,
2026-06-12T17:07:37.118,1781276857,nicole,REACQUIRING,0.0,SEARCH,SCAN,SCAN,73.0,90.0,,
2026-06-12T17:07:37.426,1781276857,nicole,REACQUIRING,0.0,SEARCH,SCAN,SCAN,85.0,90.0,,
2026-06-12T17:07:37.711,1781276857,nicole,REACQUIRING,0.0,SEARCH,SCAN,SCAN,97.0,90.0,,
2026-06-12T17:07:37.920,1781276857,nicole,REACQUIRING,0.0,SEARCH,SCAN,SCAN,109.0,90.0,,
2026-06-12T17:07:38.123,1781276858,nicole,REACQUIRING,0.0,SEARCH,SCAN,SCAN,121.0,90.0,,
2026-06-12T17:07:38.421,1781276858,nicole,REACQUIRING,0.0,SEARCH,SCAN,SCAN,133.0,90.0,,
2026-06-12T17:07:38.625,1781276858,nicole,REACQUIRING,0.0,SEARCH,SCAN,SCAN,145.0,90.0,,
2026-06-12T17:07:38.832,1781276858,nicole,REACQUIRING,0.0,SEARCH,SCAN,SCAN,155.0,90.0,,
2026-06-12T17:07:39.119,1781276859,nicole,REACQUIRING,0.0,SEARCH,SCAN,SCAN,143.0,90.0,,
2026-06-12T17:07:39.330,1781276859,nicole,REACQUIRING,0.0,SEARCH,SCAN,SCAN,131.0,90.0,,
2026-06-12T17:07:39.535,1781276859,nicole,REACQUIRING,0.0,SEARCH,SCAN,SCAN,119.0,90.0,,
2026-06-12T17:07:39.823,1781276859,nicole,REACQUIRING,0.0,SEARCH,SCAN,SCAN,107.0,90.0,,
2026-06-12T17:07:40.030,1781276860,nicole,REACQUIRING,0.0,SEARCH,SCAN,SCAN,95.0,90.0,,
2026-06-12T17:07:40.242,1781276860,nicole,REACQUIRING,0.0,SEARCH,SCAN,SCAN,83.0,90.0,,
2026-06-12T17:07:40.527,1781276860,nicole,REACQUIRING,0.0,SEARCH,SCAN,SCAN,71.0,90.0,,
2026-06-12T17:07:40.732,1781276860,nicole,REACQUIRING,0.0,SEARCH,SCAN,SCAN,59.0,90.0,,
2026-06-12T17:07:40.947,1781276860,nicole,REACQUIRING,0.0,SEARCH,SCAN,SCAN,47.0,90.0,,
2026-06-12T17:07:41.250,1781276861,nicole,REACQUIRING,0.0,SEARCH,SCAN,SCAN,35.0,90.0,,
2026-06-12T17:07:41.538,1781276861,nicole,REACQUIRING,0.0,SEARCH,SCAN,SCAN,25.0,90.0,,
2026-06-12T17:07:41.743,1781276861,nicole,REACQUIRING,0.0,SEARCH,SCAN,SCAN,37.0,90.0,,
2026-06-12T17:07:41.952,1781276861,nicole,REACQUIRING,0.0,SEARCH,SCAN,SCAN,49.0,90.0,,
2026-06-12T17:07:42.239,1781276862,nicole,REACQUIRING,0.0,SEARCH,SCAN,SCAN,61.0,90.0,,
2026-06-12T17:07:42.451,1781276862,nicole,REACQUIRING,0.0,SEARCH,SCAN,SCAN,73.0,90.0,,
2026-06-12T17:07:42.660,1781276862,nicole,REACQUIRING,0.0,SEARCH,SCAN,SCAN,85.0,90.0,,
2026-06-12T17:07:42.943,1781276862,nicole,REACQUIRING,0.0,SEARCH,SCAN,SCAN,97.0,90.0,,
2026-06-12T17:07:43.152,1781276863,nicole,REACQUIRING,0.0,SEARCH,SCAN,SCAN,109.0,90.0,,
2026-06-12T17:07:43.361,1781276863,nicole,REACQUIRING,0.0,SEARCH,SCAN,SCAN,121.0,90.0,,
2026-06-12T17:07:43.648,1781276863,nicole,REACQUIRING,0.0,SEARCH,SCAN,SCAN,133.0,90.0,,
2026-06-12T17:07:43.862,1781276863,nicole,REACQUIRING,0.0,SEARCH,SCAN,SCAN,145.0,90.0,,
2026-06-12T17:07:44.161,1781276864,nicole,REACQUIRING,0.0,SEARCH,SCAN,SCAN,155.0,90.0,,
2026-06-12T17:07:44.469,1781276864,nicole,REACQUIRING,0.0,SEARCH,SCAN,SCAN,143.0,90.0,,
2026-06-12T17:07:44.772,1781276864,nicole,REACQUIRING,0.0,SEARCH,SCAN,SCAN,131.0,90.0,,
2026-06-12T17:07:45.074,1781276865,nicole,REACQUIRING,0.0,SEARCH,SCAN,SCAN,119.0,90.0,,
2026-06-12T17:07:45.362,1781276865,nicole,REACQUIRING,0.0,SEARCH,SCAN,SCAN,107.0,90.0,,
2026-06-12T17:07:45.563,1781276865,nicole,REACQUIRING,0.0,SEARCH,SCAN,SCAN,95.0,90.0,,
2026-06-12T17:07:45.773,1781276865,nicole,REACQUIRING,0.0,SEARCH,SCAN,SCAN,83.0,90.0,,
2026-06-12T17:07:46.063,1781276866,nicole,REACQUIRING,0.0,SEARCH,SCAN,SCAN,71.0,90.0,,
2026-06-12T17:07:46.273,1781276866,nicole,REACQUIRING,0.0,SEARCH,SCAN,SCAN,59.0,90.0,,
2026-06-12T17:07:46.478,1781276866,nicole,REACQUIRING,0.0,SEARCH,SCAN,SCAN,47.0,90.0,,
2026-06-12T17:07:46.771,1781276866,nicole,REACQUIRING,0.0,SEARCH,SCAN,SCAN,35.0,90.0,,
2026-06-12T17:07:46.973,1781276866,nicole,REACQUIRING,0.0,SEARCH,SCAN,SCAN,25.0,90.0,,
2026-06-12T17:07:47.182,1781276867,nicole,REACQUIRING,0.0,SEARCH,SCAN,SCAN,37.0,90.0,,
2026-06-12T17:07:47.473,1781276867,nicole,REACQUIRING,0.0,SEARCH,SCAN,SCAN,49.0,90.0,,
2026-06-12T17:07:47.678,1781276867,nicole,REACQUIRING,0.0,SEARCH,SCAN,SCAN,61.0,90.0,,
2026-06-12T17:07:47.887,1781276867,nicole,REACQUIRING,0.0,SEARCH,SCAN,SCAN,73.0,90.0,,
2026-06-12T17:07:48.175,1781276868,nicole,REACQUIRING,0.0,SEARCH,SCAN,SCAN,85.0,90.0,,
2026-06-12T17:07:48.382,1781276868,nicole,REACQUIRING,0.0,SEARCH,SCAN,SCAN,97.0,90.0,,
2026-06-12T17:07:48.598,1781276868,nicole,REACQUIRING,0.0,SEARCH,SCAN,SCAN,109.0,90.0,,
2026-06-12T17:07:48.894,1781276868,nicole,REACQUIRING,0.0,SEARCH,SCAN,SCAN,121.0,90.0,,
2026-06-12T17:07:49.183,1781276869,nicole,REACQUIRING,0.0,SEARCH,SCAN,SCAN,133.0,90.0,,
2026-06-12T17:07:49.388,1781276869,nicole,REACQUIRING,0.0,SEARCH,SCAN,SCAN,145.0,90.0,,
2026-06-12T17:07:49.601,1781276869,nicole,REACQUIRING,0.0,SEARCH,SCAN,SCAN,155.0,90.0,,
2026-06-12T17:07:49.881,1781276869,nicole,REACQUIRING,0.0,SEARCH,SCAN,SCAN,143.0,90.0,,
2026-06-12T17:07:50.100,1781276870,nicole,REACQUIRING,0.0,SEARCH,SCAN,SCAN,131.0,90.0,,
2026-06-12T17:07:50.403,1781276870,nicole,REACQUIRING,0.0,SEARCH,SCAN,SCAN,119.0,90.0,,
2026-06-12T17:07:50.704,1781276870,nicole,REACQUIRING,0.0,SEARCH,SCAN,SCAN,107.0,90.0,,
2026-06-12T17:07:51.007,1781276871,nicole,REACQUIRING,0.0,SEARCH,SCAN,SCAN,95.0,90.0,,
2026-06-12T17:07:51.299,1781276871,nicole,REACQUIRING,0.0,SEARCH,SCAN,SCAN,83.0,90.0,,
2026-06-12T17:07:51.507,1781276871,nicole,REACQUIRING,0.0,SEARCH,SCAN,SCAN,71.0,90.0,,
2026-06-12T17:07:51.711,1781276871,nicole,REACQUIRING,0.0,SEARCH,SCAN,SCAN,59.0,90.0,,
2026-06-12T17:07:51.998,1781276871,nicole,REACQUIRING,0.0,SEARCH,SCAN,SCAN,47.0,90.0,,
2026-06-12T17:07:52.206,1781276872,nicole,REACQUIRING,0.0,SEARCH,SCAN,SCAN,35.0,90.0,,
2026-06-12T17:07:52.414,1781276872,nicole,REACQUIRING,0.0,SEARCH,SCAN,SCAN,25.0,90.0,,
2026-06-12T17:07:52.705,1781276872,nicole,REACQUIRING,0.0,SEARCH,SCAN,SCAN,37.0,90.0,,
2026-06-12T17:07:52.915,1781276872,nicole,REACQUIRING,0.0,SEARCH,SCAN,SCAN,49.0,90.0,,
2026-06-12T17:07:53.120,1781276873,nicole,REACQUIRING,0.0,SEARCH,SCAN,SCAN,61.0,90.0,,
2026-06-12T17:07:53.424,1781276873,nicole,REACQUIRING,0.0,SEARCH,SCAN,SCAN,73.0,90.0,,
2026-06-12T17:07:53.715,1781276873,nicole,REACQUIRING,0.0,SEARCH,SCAN,SCAN,85.0,90.0,,
2026-06-12T17:07:53.920,1781276873,nicole,REACQUIRING,0.0,SEARCH,SCAN,SCAN,97.0,90.0,,
2026-06-12T17:07:54.126,1781276874,nicole,REACQUIRING,0.0,SEARCH,SCAN,SCAN,109.0,90.0,,
2026-06-12T17:07:54.415,1781276874,nicole,REACQUIRING,0.0,SEARCH,SCAN,SCAN,121.0,90.0,,
2026-06-12T17:07:54.626,1781276874,nicole,REACQUIRING,0.0,SEARCH,SCAN,SCAN,133.0,90.0,,
2026-06-12T17:07:54.830,1781276874,nicole,REACQUIRING,0.0,SEARCH,SCAN,SCAN,145.0,90.0,,
2026-06-12T17:07:55.120,1781276875,nicole,REACQUIRING,0.0,SEARCH,SCAN,SCAN,155.0,90.0,,
2026-06-12T17:07:55.330,1781276875,nicole,REACQUIRING,0.0,SEARCH,SCAN,SCAN,143.0,90.0,,
2026-06-12T17:07:55.531,1781276875,nicole,REACQUIRING,0.0,SEARCH,SCAN,SCAN,131.0,90.0,,
2026-06-12T17:07:55.825,1781276875,nicole,REACQUIRING,0.0,SEARCH,SCAN,SCAN,119.0,90.0,,
2026-06-12T17:07:56.033,1781276876,nicole,REACQUIRING,0.0,SEARCH,SCAN,SCAN,107.0,90.0,,
2026-06-12T17:07:56.241,1781276876,nicole,REACQUIRING,0.0,SEARCH,SCAN,SCAN,95.0,90.0,,
2026-06-12T17:07:56.522,1781276876,nicole,REACQUIRING,0.0,SEARCH,SCAN,SCAN,83.0,90.0,,
2026-06-12T17:07:56.730,1781276876,nicole,REACQUIRING,0.0,SEARCH,SCAN,SCAN,71.0,90.0,,
2026-06-12T17:07:56.942,1781276876,nicole,REACQUIRING,0.0,SEARCH,SCAN,SCAN,59.0,90.0,,
2026-06-12T17:07:57.232,1781276877,nicole,REACQUIRING,0.0,SEARCH,SCAN,SCAN,47.0,90.0,,
2026-06-12T17:07:57.442,1781276877,nicole,REACQUIRING,0.0,SEARCH,SCAN,SCAN,35.0,90.0,,
2026-06-12T17:07:57.649,1781276877,nicole,REACQUIRING,0.0,SEARCH,SCAN,SCAN,25.0,90.0,,
2026-06-12T17:07:57.955,1781276877,nicole,REACQUIRING,0.0,SEARCH,SCAN,SCAN,37.0,90.0,,
2026-06-12T17:07:58.243,1781276878,nicole,REACQUIRING,0.0,SEARCH,SCAN,SCAN,49.0,90.0,,
2026-06-12T17:07:58.452,1781276878,nicole,REACQUIRING,0.0,SEARCH,SCAN,SCAN,61.0,90.0,,
2026-06-12T17:07:58.678,1781276878,nicole,REACQUIRING,0.0,SEARCH,SCAN,SCAN,73.0,90.0,,
2026-06-12T17:07:58.943,1781276878,nicole,REACQUIRING,0.0,SEARCH,SCAN,SCAN,85.0,90.0,,
2026-06-12T17:07:59.151,1781276879,nicole,REACQUIRING,0.0,SEARCH,SCAN,SCAN,97.0,90.0,,
2026-06-12T17:07:59.362,1781276879,nicole,REACQUIRING,0.0,SEARCH,SCAN,SCAN,109.0,90.0,,
2026-06-12T17:07:59.646,1781276879,nicole,REACQUIRING,0.0,SEARCH,SCAN,SCAN,121.0,90.0,,
2026-06-12T17:07:59.853,1781276879,nicole,REACQUIRING,0.0,SEARCH,SCAN,SCAN,133.0,90.0,,
2026-06-12T17:08:00.062,1781276880,nicole,REACQUIRING,0.0,SEARCH,SCAN,SCAN,145.0,90.0,,
2026-06-12T17:08:00.357,1781276880,nicole,REACQUIRING,0.0,SEARCH,SCAN,SCAN,155.0,90.0,,
2026-06-12T17:08:00.560,1781276880,nicole,REACQUIRING,0.0,SEARCH,SCAN,SCAN,143.0,90.0,,
2026-06-12T17:08:00.770,1781276880,nicole,REACQUIRING,0.0,SEARCH,SCAN,SCAN,131.0,90.0,,
2026-06-12T17:08:01.059,1781276881,nicole,REACQUIRING,0.0,SEARCH,SCAN,SCAN,119.0,90.0,,
2026-06-12T17:08:01.263,1781276881,nicole,REACQUIRING,0.0,SEARCH,SCAN,SCAN,107.0,90.0,,
2026-06-12T17:08:01.466,1781276881,nicole,REACQUIRING,0.0,SEARCH,SCAN,SCAN,95.0,90.0,,
2026-06-12T17:08:01.775,1781276881,nicole,REACQUIRING,0.0,SEARCH,SCAN,SCAN,83.0,90.0,,
2026-06-12T17:08:02.065,1781276882,nicole,REACQUIRING,0.0,SEARCH,SCAN,SCAN,71.0,90.0,,
2026-06-12T17:08:02.272,1781276882,nicole,REACQUIRING,0.0,SEARCH,SCAN,SCAN,59.0,90.0,,
2026-06-12T17:08:02.478,1781276882,nicole,REACQUIRING,0.0,SEARCH,SCAN,SCAN,47.0,90.0,,
2026-06-12T17:08:02.769,1781276882,nicole,REACQUIRING,0.0,SEARCH,SCAN,SCAN,35.0,90.0,,
2026-06-12T17:08:02.975,1781276882,nicole,REACQUIRING,0.0,SEARCH,SCAN,SCAN,25.0,90.0,,
2026-06-12T17:08:03.182,1781276883,nicole,REACQUIRING,0.0,SEARCH,SCAN,SCAN,37.0,90.0,,
2026-06-12T17:08:03.474,1781276883,nicole,REACQUIRING,0.0,SEARCH,SCAN,SCAN,49.0,90.0,,
2026-06-12T17:08:03.680,1781276883,nicole,REACQUIRING,0.0,SEARCH,SCAN,SCAN,61.0,90.0,,
2026-06-12T17:08:03.885,1781276883,nicole,REACQUIRING,0.0,SEARCH,SCAN,SCAN,73.0,90.0,,
2026-06-12T17:08:04.174,1781276884,nicole,REACQUIRING,0.0,SEARCH,SCAN,SCAN,85.0,90.0,,
2026-06-12T17:08:04.384,1781276884,nicole,REACQUIRING,0.0,SEARCH,SCAN,SCAN,97.0,90.0,,
2026-06-12T17:08:04.593,1781276884,nicole,REACQUIRING,0.0,SEARCH,SCAN,SCAN,109.0,90.0,,
2026-06-12T17:08:04.880,1781276884,nicole,REACQUIRING,0.0,SEARCH,SCAN,SCAN,121.0,90.0,,
2026-06-12T17:08:05.090,1781276885,nicole,REACQUIRING,0.0,SEARCH,SCAN,SCAN,133.0,90.0,,
2026-06-12T17:08:05.295,1781276885,nicole,REACQUIRING,0.0,SEARCH,SCAN,SCAN,145.0,90.0,,
2026-06-12T17:08:05.586,1781276885,nicole,REACQUIRING,0.0,SEARCH,SCAN,SCAN,155.0,90.0,,
2026-06-12T17:08:05.793,1781276885,nicole,REACQUIRING,0.0,SEARCH,SCAN,SCAN,143.0,90.0,,
2026-06-12T17:08:06.000,1781276886,nicole,REACQUIRING,0.0,SEARCH,SCAN,SCAN,131.0,90.0,,
2026-06-12T17:08:06.289,1781276886,nicole,REACQUIRING,0.0,SEARCH,SCAN,SCAN,119.0,90.0,,
2026-06-12T17:08:06.501,1781276886,nicole,REACQUIRING,0.0,SEARCH,SCAN,SCAN,107.0,90.0,,
2026-06-12T17:08:06.705,1781276886,nicole,REACQUIRING,0.0,SEARCH,SCAN,SCAN,95.0,90.0,,
2026-06-12T17:08:07.001,1781276887,nicole,REACQUIRING,0.0,SEARCH,SCAN,SCAN,83.0,90.0,,
2026-06-12T17:08:07.203,1781276887,nicole,REACQUIRING,0.0,SEARCH,SCAN,SCAN,71.0,90.0,,
2026-06-12T17:08:07.411,1781276887,nicole,REACQUIRING,0.0,SEARCH,SCAN,SCAN,59.0,90.0,,
2026-06-12T17:08:07.715,1781276887,nicole,REACQUIRING,0.0,SEARCH,SCAN,SCAN,47.0,90.0,,
2026-06-12T17:08:08.000,1781276888,nicole,REACQUIRING,0.0,SEARCH,SCAN,SCAN,35.0,90.0,,
2026-06-12T17:08:08.210,1781276888,nicole,REACQUIRING,0.0,SEARCH,SCAN,SCAN,25.0,90.0,,
2026-06-12T17:08:08.415,1781276888,nicole,REACQUIRING,0.0,SEARCH,SCAN,SCAN,37.0,90.0,,
2026-06-12T17:08:08.707,1781276888,nicole,REACQUIRING,0.0,SEARCH,SCAN,SCAN,49.0,90.0,,
2026-06-12T17:08:08.910,1781276888,nicole,REACQUIRING,0.0,SEARCH,SCAN,SCAN,61.0,90.0,,
2026-06-12T17:08:09.119,1781276889,nicole,REACQUIRING,0.0,SEARCH,SCAN,SCAN,73.0,90.0,,
2026-06-12T17:08:09.408,1781276889,nicole,REACQUIRING,0.0,SEARCH,SCAN,SCAN,85.0,90.0,,
2026-06-12T17:08:09.613,1781276889,nicole,REACQUIRING,0.0,SEARCH,SCAN,SCAN,97.0,90.0,,
2026-06-12T17:08:09.827,1781276889,nicole,REACQUIRING,0.0,SEARCH,SCAN,SCAN,109.0,90.0,,
2026-06-12T17:08:10.114,1781276890,nicole,REACQUIRING,0.0,SEARCH,SCAN,SCAN,121.0,90.0,,
2026-06-12T17:08:10.320,1781276890,nicole,REACQUIRING,0.0,SEARCH,SCAN,SCAN,133.0,90.0,,
2026-06-12T17:08:10.526,1781276890,nicole,REACQUIRING,0.0,SEARCH,SCAN,SCAN,145.0,90.0,,
2026-06-12T17:08:10.814,1781276890,nicole,REACQUIRING,0.0,SEARCH,SCAN,SCAN,155.0,90.0,,
2026-06-12T17:08:11.024,1781276891,nicole,REACQUIRING,0.0,SEARCH,SCAN,SCAN,143.0,90.0,,
2026-06-12T17:08:11.235,1781276891,nicole,REACQUIRING,0.0,SEARCH,SCAN,SCAN,131.0,90.0,,
2026-06-12T17:08:11.535,1781276891,nicole,REACQUIRING,0.0,SEARCH,SCAN,SCAN,119.0,90.0,,
2026-06-12T17:08:11.829,1781276891,nicole,REACQUIRING,0.0,SEARCH,SCAN,SCAN,107.0,90.0,,
2026-06-12T17:08:12.031,1781276892,nicole,REACQUIRING,0.0,SEARCH,SCAN,SCAN,95.0,90.0,,
2026-06-12T17:08:12.235,1781276892,nicole,REACQUIRING,0.0,SEARCH,SCAN,SCAN,83.0,90.0,,
2026-06-12T17:08:12.527,1781276892,nicole,REACQUIRING,0.0,SEARCH,SCAN,SCAN,71.0,90.0,,
2026-06-12T17:08:12.738,1781276892,nicole,REACQUIRING,0.0,SEARCH,SCAN,SCAN,59.0,90.0,,
2026-06-12T17:08:12.943,1781276892,nicole,REACQUIRING,0.0,SEARCH,SCAN,SCAN,47.0,90.0,,
2026-06-12T17:08:13.237,1781276893,nicole,REACQUIRING,0.0,SEARCH,SCAN,SCAN,35.0,90.0,,
2026-06-12T17:08:13.443,1781276893,nicole,REACQUIRING,0.0,SEARCH,SCAN,SCAN,25.0,90.0,,
2026-06-12T17:08:13.651,1781276893,nicole,REACQUIRING,0.0,SEARCH,SCAN,SCAN,37.0,90.0,,
2026-06-12T17:08:13.935,1781276893,nicole,REACQUIRING,0.0,SEARCH,SCAN,SCAN,49.0,90.0,,
2026-06-12T17:08:14.242,1781276894,nicole,REACQUIRING,0.0,SEARCH,SCAN,SCAN,61.0,90.0,,
2026-06-12T17:08:14.451,1781276894,nicole,REACQUIRING,0.0,SEARCH,SCAN,SCAN,73.0,90.0,,
2026-06-12T17:08:14.661,1781276894,nicole,REACQUIRING,0.0,SEARCH,SCAN,SCAN,85.0,90.0,,
2026-06-12T17:08:14.943,1781276894,nicole,REACQUIRING,0.0,SEARCH,SCAN,SCAN,97.0,90.0,,
2026-06-12T17:08:15.158,1781276895,nicole,REACQUIRING,0.0,SEARCH,SCAN,SCAN,109.0,90.0,,
2026-06-12T17:08:15.367,1781276895,nicole,REACQUIRING,0.0,SEARCH,SCAN,SCAN,121.0,90.0,,
2026-06-12T17:08:15.649,1781276895,nicole,REACQUIRING,0.0,SEARCH,SCAN,SCAN,133.0,90.0,,
2026-06-12T17:08:15.861,1781276895,nicole,REACQUIRING,0.0,SEARCH,SCAN,SCAN,145.0,90.0,,
2026-06-12T17:08:16.066,1781276896,nicole,REACQUIRING,0.0,SEARCH,SCAN,SCAN,155.0,90.0,,
2026-06-12T17:08:16.351,1781276896,nicole,REACQUIRING,0.0,SEARCH,SCAN,SCAN,143.0,90.0,,
2026-06-12T17:08:16.559,1781276896,nicole,REACQUIRING,0.0,SEARCH,SCAN,SCAN,131.0,90.0,,
2026-06-12T17:08:16.761,1781276896,nicole,REACQUIRING,0.0,SEARCH,SCAN,SCAN,119.0,90.0,,
2026-06-12T17:08:17.056,1781276897,nicole,REACQUIRING,0.0,SEARCH,SCAN,SCAN,107.0,90.0,,
2026-06-12T17:08:17.259,1781276897,nicole,REACQUIRING,0.0,SEARCH,SCAN,SCAN,95.0,90.0,,
2026-06-12T17:08:17.471,1781276897,nicole,REACQUIRING,0.0,SEARCH,SCAN,SCAN,83.0,90.0,,
2026-06-12T17:08:17.765,1781276897,nicole,REACQUIRING,0.0,SEARCH,SCAN,SCAN,71.0,90.0,,
2026-06-12T17:08:18.060,1781276898,nicole,REACQUIRING,0.0,SEARCH,SCAN,SCAN,59.0,90.0,,
2026-06-12T17:08:18.275,1781276898,nicole,REACQUIRING,0.0,SEARCH,SCAN,SCAN,47.0,90.0,,
2026-06-12T17:08:18.484,1781276898,nicole,REACQUIRING,0.0,SEARCH,SCAN,SCAN,35.0,90.0,,
2026-06-12T17:08:18.763,1781276898,nicole,REACQUIRING,0.0,SEARCH,SCAN,SCAN,25.0,90.0,,
2026-06-12T17:08:18.982,1781276898,nicole,REACQUIRING,0.0,SEARCH,SCAN,SCAN,37.0,90.0,,
2026-06-12T17:08:19.184,1781276899,nicole,REACQUIRING,0.0,SEARCH,SCAN,SCAN,49.0,90.0,,
2026-06-12T17:08:19.469,1781276899,nicole,REACQUIRING,0.0,SEARCH,SCAN,SCAN,61.0,90.0,,
2026-06-12T17:08:19.685,1781276899,nicole,REACQUIRING,0.0,SEARCH,SCAN,SCAN,73.0,90.0,,
2026-06-12T17:08:19.889,1781276899,nicole,REACQUIRING,0.0,SEARCH,SCAN,SCAN,85.0,90.0,,
2026-06-12T17:08:20.155,1781276900,nicole,REACQUIRING,0.0,SEARCH,SCAN,SCAN,97.0,90.0,,
2026-06-12T17:08:20.365,1781276900,nicole,TRACKING,0.5837,MOVE_DOWN,CENTERED,DOWN,95.7,96.6,620,448
2026-06-12T17:08:20.462,1781276900,nicole,TRACKING,0.5567,MOVE_DOWN,CENTERED,DOWN,95.2,101.4,613,450
2026-06-12T17:08:20.554,1781276900,nicole,TRACKING,0.5636,MOVE_DOWN,CENTERED,DOWN,94.2,104.7,625,450
2026-06-12T17:08:20.752,1781276900,nicole,TRACKING,0.5559,MOVE_DOWN,CENTERED,DOWN,93.5,106.8,627,447
2026-06-12T17:08:20.958,1781276900,nicole,TRACKING,0.5712,MOVE_DOWN,CENTERED,DOWN,93.0,108.6,627,451
2026-06-12T17:08:21.169,1781276901,nicole,TRACKING,0.5599,MOVE_DOWN,CENTERED,DOWN,92.9,109.8,622,450
2026-06-12T17:08:21.256,1781276901,nicole,TRACKING,0.5682,MOVE_DOWN,CENTERED,DOWN,93.0,110.7,617,452
2026-06-12T17:08:21.846,1781276901,nicole,REACQUIRING,0.0,SEARCH,SCAN,SCAN,102.0,90.0,,
2026-06-12T17:08:22.078,1781276902,nicole,REACQUIRING,0.0,SEARCH,SCAN,SCAN,114.0,90.0,,
2026-06-12T17:08:22.380,1781276902,nicole,REACQUIRING,0.0,SEARCH,SCAN,SCAN,126.0,90.0,,
2026-06-12T17:08:22.665,1781276902,nicole,REACQUIRING,0.0,SEARCH,SCAN,SCAN,138.0,90.0,,
2026-06-12T17:08:22.870,1781276902,nicole,REACQUIRING,0.0,SEARCH,SCAN,SCAN,150.0,90.0,,
2026-06-12T17:08:23.082,1781276903,nicole,TRACKING,0.5523,MOVE_DOWN,CENTERED,DOWN,134.0,96.4,592,446
2026-06-12T17:08:23.686,1781276903,nicole,REACQUIRING,0.0,SEARCH,SCAN,SCAN,102.0,90.0,,
2026-06-12T17:08:23.988,1781276903,nicole,TRACKING,0.5738,MOVE_DOWN,CENTERED,DOWN,100.1,96.4,599,446
2026-06-12T17:08:24.079,1781276904,nicole,TRACKING,0.5714,MOVE_DOWN,CENTERED,DOWN,98.6,101.0,605,447
2026-06-12T17:08:24.196,1781276904,nicole,TRACKING,0.5645,MOVE_DOWN,CENTERED,DOWN,97.6,104.3,603,447
2026-06-12T17:08:24.294,1781276904,nicole,TRACKING,0.5551,MOVE_DOWN,CENTERED,DOWN,96.6,106.6,608,448
2026-06-12T17:08:24.886,1781276904,nicole,REACQUIRING,0.0,SEARCH,SCAN,SCAN,102.0,90.0,,
2026-06-12T17:08:25.090,1781276905,nicole,REACQUIRING,0.0,SEARCH,SCAN,SCAN,114.0,90.0,,
2026-06-12T17:08:25.291,1781276905,nicole,REACQUIRING,0.0,SEARCH,SCAN,SCAN,126.0,90.0,,
2026-06-12T17:08:25.502,1781276905,nicole,REACQUIRING,0.0,SEARCH,SCAN,SCAN,138.0,90.0,,
2026-06-12T17:08:25.797,1781276905,nicole,REACQUIRING,0.0,SEARCH,SCAN,SCAN,150.0,90.0,,
2026-06-12T17:08:26.084,1781276906,nicole,REACQUIRING,0.0,SEARCH,SCAN,SCAN,155.0,90.0,,
2026-06-12T17:08:26.297,1781276906,nicole,REACQUIRING,0.0,SEARCH,SCAN,SCAN,143.0,90.0,,
2026-06-12T17:08:26.608,1781276906,nicole,REACQUIRING,0.0,SEARCH,SCAN,SCAN,131.0,90.0,,
2026-06-12T17:08:26.699,1781276906,nicole,TRACKING,0.5625,MOVE_DOWN,CENTERED,DOWN,120.0,97.5,610,460
2026-06-12T17:08:26.913,1781276906,nicole,TRACKING,0.5758,MOVE_DOWN,CENTERED,DOWN,111.9,102.8,618,461
2026-06-12T17:08:27.196,1781276907,nicole,TRACKING,0.5566,MOVE_DOWN,CENTERED,DOWN,106.6,106.1,610,455
2026-06-12T17:08:27.310,1781276907,nicole,TRACKING,0.5518,MOVE_DOWN,CENTERED,DOWN,102.7,108.9,615,462
2026-06-12T17:08:27.506,1781276907,nicole,TRACKING,0.5609,MOVE_DOWN,CENTERED,DOWN,100.1,110.4,610,455
2026-06-12T17:08:27.610,1781276907,nicole,TRACKING,0.5724,MOVE_DOWN,CENTERED,DOWN,98.3,111.9,611,462
2026-06-12T17:08:27.704,1781276907,nicole,TRACKING,0.5899,MOVE_DOWN,CENTERED,DOWN,97.1,112.9,610,461
2026-06-12T17:08:27.805,1781276907,nicole,TRACKING,0.5687,MOVE_DOWN,CENTERED,DOWN,96.1,113.9,613,465
2026-06-12T17:08:27.900,1781276907,nicole,TRACKING,0.5614,MOVE_DOWN,CENTERED,DOWN,95.5,114.3,610,461
2026-06-12T17:08:28.011,1781276908,nicole,TRACKING,0.5646,MOVE_DOWN,CENTERED,DOWN,95.2,114.4,609,459
2026-06-12T17:08:28.104,1781276908,nicole,TRACKING,0.5674,MOVE_DOWN,CENTERED,DOWN,94.7,114.8,614,463
2026-06-12T17:08:28.204,1781276908,nicole,TRACKING,0.5675,MOVE_DOWN,CENTERED,DOWN,94.6,115.0,610,461
2026-06-12T17:08:28.820,1781276908,nicole,REACQUIRING,0.0,SEARCH,SCAN,SCAN,102.0,90.0,,
2026-06-12T17:08:29.022,1781276909,nicole,REACQUIRING,0.0,SEARCH,SCAN,SCAN,114.0,90.0,,
2026-06-12T17:08:29.329,1781276909,nicole,REACQUIRING,0.0,SEARCH,SCAN,SCAN,126.0,90.0,,
2026-06-12T17:08:29.619,1781276909,nicole,REACQUIRING,0.0,SEARCH,SCAN,SCAN,138.0,90.0,,
2026-06-12T17:08:29.916,1781276909,nicole,REACQUIRING,0.0,SEARCH,SCAN,SCAN,150.0,90.0,,
2026-06-12T17:08:30.219,1781276910,nicole,REACQUIRING,0.0,SEARCH,SCAN,SCAN,155.0,90.0,,
2026-06-12T17:08:30.438,1781276910,nicole,TRACKING,0.5527,MOVE_DOWN,CENTERED,DOWN,137.3,97.9,597,466
2026-06-12T17:08:31.026,1781276911,nicole,REACQUIRING,0.0,SEARCH,SCAN,SCAN,102.0,90.0,,
2026-06-12T17:08:31.319,1781276911,nicole,REACQUIRING,0.0,SEARCH,SCAN,SCAN,114.0,90.0,,
2026-06-12T17:08:31.531,1781276911,nicole,REACQUIRING,0.0,SEARCH,SCAN,SCAN,126.0,90.0,,
2026-06-12T17:08:31.843,1781276911,nicole,REACQUIRING,0.0,SEARCH,SCAN,SCAN,138.0,90.0,,
2026-06-12T17:08:32.142,1781276912,nicole,REACQUIRING,0.0,SEARCH,SCAN,SCAN,150.0,90.0,,
2026-06-12T17:08:32.444,1781276912,nicole,REACQUIRING,0.0,SEARCH,SCAN,SCAN,155.0,90.0,,
2026-06-12T17:08:32.732,1781276912,nicole,REACQUIRING,0.0,SEARCH,SCAN,SCAN,143.0,90.0,,
2026-06-12T17:08:32.934,1781276912,nicole,REACQUIRING,0.0,SEARCH,SCAN,SCAN,131.0,90.0,,
2026-06-12T17:08:33.153,1781276913,nicole,REACQUIRING,0.0,SEARCH,SCAN,SCAN,119.0,90.0,,
2026-06-12T17:08:33.430,1781276913,nicole,REACQUIRING,0.0,SEARCH,SCAN,SCAN,107.0,90.0,,
2026-06-12T17:08:33.654,1781276913,nicole,REACQUIRING,0.0,SEARCH,SCAN,SCAN,95.0,90.0,,
2026-06-12T17:08:33.947,1781276913,nicole,REACQUIRING,0.0,SEARCH,SCAN,SCAN,83.0,90.0,,
2026-06-12T17:08:34.264,1781276914,nicole,REACQUIRING,0.0,SEARCH,SCAN,SCAN,71.0,90.0,,
2026-06-12T17:08:34.557,1781276914,nicole,REACQUIRING,0.0,SEARCH,SCAN,SCAN,59.0,90.0,,
2026-06-12T17:08:34.763,1781276914,nicole,REACQUIRING,0.0,SEARCH,SCAN,SCAN,47.0,90.0,,
2026-06-12T17:08:34.970,1781276914,nicole,REACQUIRING,0.0,SEARCH,SCAN,SCAN,35.0,90.0,,
2026-06-12T17:08:35.177,1781276915,nicole,REACQUIRING,0.0,SEARCH,SCAN,SCAN,25.0,90.0,,
2026-06-12T17:08:35.379,1781276915,nicole,REACQUIRING,0.0,SEARCH,SCAN,SCAN,37.0,90.0,,
2026-06-12T17:08:35.584,1781276915,nicole,REACQUIRING,0.0,SEARCH,SCAN,SCAN,49.0,90.0,,
2026-06-12T17:08:35.885,1781276915,nicole,REACQUIRING,0.0,SEARCH,SCAN,SCAN,61.0,90.0,,
2026-06-12T17:08:36.190,1781276916,nicole,REACQUIRING,0.0,SEARCH,SCAN,SCAN,73.0,90.0,,
2026-06-12T17:08:36.478,1781276916,nicole,REACQUIRING,0.0,SEARCH,SCAN,SCAN,85.0,90.0,,
2026-06-12T17:08:36.688,1781276916,nicole,REACQUIRING,0.0,SEARCH,SCAN,SCAN,97.0,90.0,,
2026-06-12T17:08:36.897,1781276916,nicole,REACQUIRING,0.0,SEARCH,SCAN,SCAN,109.0,90.0,,
2026-06-12T17:08:37.182,1781276917,nicole,REACQUIRING,0.0,SEARCH,SCAN,SCAN,121.0,90.0,,
2026-06-12T17:08:37.393,1781276917,nicole,REACQUIRING,0.0,SEARCH,SCAN,SCAN,133.0,90.0,,
2026-06-12T17:08:37.604,1781276917,nicole,REACQUIRING,0.0,SEARCH,SCAN,SCAN,145.0,90.0,,
2026-06-12T17:08:37.885,1781276917,nicole,REACQUIRING,0.0,SEARCH,SCAN,SCAN,155.0,90.0,,
2026-06-12T17:08:38.098,1781276918,nicole,REACQUIRING,0.0,SEARCH,SCAN,SCAN,143.0,90.0,,
2026-06-12T17:08:38.385,1781276918,nicole,REACQUIRING,0.0,SEARCH,SCAN,SCAN,131.0,90.0,,
2026-06-12T17:08:38.567,1781276918,nicole,TRACKING,0.577,MOVE_DOWN,CENTERED,DOWN,123.6,96.9,524,452
2026-06-12T17:08:38.652,1781276918,nicole,TRACKING,0.5946,MOVE_DOWN,CENTERED,DOWN,118.3,101.4,527,447
2026-06-12T17:08:38.784,1781276918,nicole,TRACKING,0.5518,MOVE_DOWN,CENTERED,DOWN,114.6,104.5,527,447
2026-06-12T17:08:38.879,1781276918,nicole,TRACKING,0.5897,MOVE_DOWN,CENTERED,DOWN,112.0,106.7,526,447
2026-06-12T17:08:38.976,1781276918,nicole,TRACKING,0.6311,MOVE_DOWN,CENTERED,DOWN,110.3,108.0,525,444
2026-06-12T17:08:39.088,1781276919,nicole,TRACKING,0.6046,MOVE_DOWN,CENTERED,DOWN,109.0,108.8,525,443
2026-06-12T17:08:39.181,1781276919,nicole,TRACKING,0.6042,MOVE_DOWN,CENTERED,DOWN,108.1,109.2,527,441
2026-06-12T17:08:39.276,1781276919,nicole,TRACKING,0.5929,MOVE_DOWN,CENTERED,DOWN,107.6,109.5,523,441
2026-06-12T17:08:39.376,1781276919,nicole,TRACKING,0.5879,MOVE_DOWN,CENTERED,DOWN,107.3,110.1,523,445
2026-06-12T17:08:39.479,1781276919,nicole,TRACKING,0.6129,MOVE_DOWN,CENTERED,DOWN,107.1,110.5,522,446
2026-06-12T17:08:39.580,1781276919,nicole,TRACKING,0.6161,MOVE_DOWN,CENTERED,DOWN,107.0,110.7,519,445
2026-06-12T17:08:39.678,1781276919,nicole,TRACKING,0.571,MOVE_DOWN,CENTERED,DOWN,107.1,111.1,517,448
2026-06-12T17:08:39.792,1781276919,nicole,TRACKING,0.5828,MOVE_DOWN,CENTERED,DOWN,107.1,111.4,518,449
2026-06-12T17:08:39.887,1781276919,nicole,TRACKING,0.5728,MOVE_DOWN,CENTERED,DOWN,107.2,111.8,517,451
2026-06-12T17:08:39.970,1781276919,nicole,TRACKING,0.5692,MOVE_LEFT_DOWN,LEFT,DOWN,107.6,112.1,507,451
2026-06-12T17:08:40.087,1781276920,nicole,TRACKING,0.5669,MOVE_LEFT_DOWN,LEFT,DOWN,108.2,112.5,502,454
2026-06-12T17:08:40.189,1781276920,nicole,TRACKING,0.6044,MOVE_LEFT_DOWN,LEFT,DOWN,108.8,113.1,496,458
2026-06-12T17:08:40.389,1781276920,nicole,TRACKING,0.5647,MOVE_LEFT_DOWN,LEFT,DOWN,109.3,113.9,495,463
2026-06-12T17:08:40.593,1781276920,nicole,TRACKING,0.574,MOVE_LEFT_DOWN,LEFT,DOWN,109.5,114.8,498,467
2026-06-12T17:08:40.680,1781276920,nicole,TRACKING,0.62,MOVE_LEFT_DOWN,LEFT,DOWN,109.6,115.4,499,467
2026-06-12T17:08:41.002,1781276921,nicole,REACQUIRING,0.0,SEARCH,SCAN,SCAN,102.0,90.0,,
2026-06-12T17:08:41.211,1781276921,nicole,REACQUIRING,0.0,SEARCH,SCAN,SCAN,114.0,90.0,,
2026-06-12T17:08:41.419,1781276921,nicole,REACQUIRING,0.0,SEARCH,SCAN,SCAN,126.0,90.0,,
2026-06-12T17:08:41.622,1781276921,nicole,REACQUIRING,0.0,SEARCH,SCAN,SCAN,138.0,90.0,,
2026-06-12T17:08:41.823,1781276921,nicole,REACQUIRING,0.0,SEARCH,SCAN,SCAN,150.0,90.0,,
2026-06-12T17:08:42.193,1781276922,nicole,REACQUIRING,0.0,SEARCH,SCAN,SCAN,155.0,90.0,,
2026-06-12T17:08:42.302,1781276922,nicole,TRACKING,0.5632,MOVE_DOWN,CENTERED,DOWN,140.7,97.7,516,463
2026-06-12T17:08:42.404,1781276922,nicole,TRACKING,0.5695,MOVE_DOWN,CENTERED,DOWN,130.9,103.2,513,464
2026-06-12T17:08:42.497,1781276922,nicole,TRACKING,0.5617,MOVE_DOWN,CENTERED,DOWN,124.0,107.0,513,464
2026-06-12T17:08:42.605,1781276922,nicole,TRACKING,0.555,MOVE_DOWN,CENTERED,DOWN,119.2,110.1,512,469
2026-06-12T17:08:42.801,1781276922,nicole,TRACKING,0.5607,MOVE_DOWN,CENTERED,DOWN,115.8,112.3,512,470
2026-06-12T17:08:43.013,1781276923,nicole,TRACKING,0.5832,MOVE_LEFT_DOWN,LEFT,DOWN,113.7,113.4,507,464
2026-06-12T17:08:43.532,1781276923,nicole,REACQUIRING,0.0,SEARCH,SCAN,SCAN,102.0,90.0,,
2026-06-12T17:08:43.912,1781276923,nicole,REACQUIRING,0.0,SEARCH,SCAN,SCAN,114.0,90.0,,
2026-06-12T17:08:44.115,1781276924,nicole,REACQUIRING,0.0,SEARCH,SCAN,SCAN,126.0,90.0,,
2026-06-12T17:08:44.316,1781276924,nicole,REACQUIRING,0.0,SEARCH,SCAN,SCAN,138.0,90.0,,
2026-06-12T17:08:44.518,1781276924,nicole,REACQUIRING,0.0,SEARCH,SCAN,SCAN,150.0,90.0,,
2026-06-12T17:08:44.813,1781276924,nicole,REACQUIRING,0.0,SEARCH,SCAN,SCAN,155.0,90.0,,
2026-06-12T17:08:45.014,1781276925,nicole,REACQUIRING,0.0,SEARCH,SCAN,SCAN,143.0,90.0,,
2026-06-12T17:08:45.223,1781276925,nicole,REACQUIRING,0.0,SEARCH,SCAN,SCAN,131.0,90.0,,
2026-06-12T17:08:45.427,1781276925,nicole,REACQUIRING,0.0,SEARCH,SCAN,SCAN,119.0,90.0,,
2026-06-12T17:08:45.725,1781276925,nicole,TRACKING,0.5794,MOVE_DOWN,CENTERED,DOWN,115.7,98.2,512,469
2026-06-12T17:08:45.820,1781276925,nicole,TRACKING,0.588,MOVE_LEFT_DOWN,LEFT,DOWN,113.4,103.3,511,461
2026-06-12T17:08:45.910,1781276925,nicole,TRACKING,0.57,MOVE_LEFT_DOWN,LEFT,DOWN,111.8,107.0,511,463
2026-06-12T17:08:46.024,1781276926,nicole,TRACKING,0.5726,MOVE_LEFT_DOWN,LEFT,DOWN,110.8,109.4,510,460
2026-06-12T17:08:46.133,1781276926,nicole,TRACKING,0.592,MOVE_DOWN,CENTERED,DOWN,109.9,111.0,513,459
2026-06-12T17:08:46.432,1781276926,nicole,TRACKING,0.5596,MOVE_DOWN,CENTERED,DOWN,108.9,112.1,522,458
2026-06-12T17:08:46.522,1781276926,nicole,TRACKING,0.5798,MOVE_DOWN,CENTERED,DOWN,108.3,112.9,519,459
2026-06-12T17:08:46.621,1781276926,nicole,TRACKING,0.5692,MOVE_DOWN,CENTERED,DOWN,108.1,113.5,516,460
2026-06-12T17:08:46.732,1781276926,nicole,TRACKING,0.569,MOVE_DOWN,CENTERED,DOWN,107.8,113.8,517,458
2026-06-12T17:08:46.917,1781276926,nicole,TRACKING,0.5523,MOVE_DOWN,CENTERED,DOWN,107.6,113.8,519,455
2026-06-12T17:08:47.029,1781276927,nicole,TRACKING,0.5701,MOVE_DOWN,CENTERED,DOWN,107.5,113.9,518,457
2026-06-12T17:08:47.135,1781276927,nicole,TRACKING,0.5624,MOVE_DOWN,CENTERED,DOWN,107.3,114.1,519,458
2026-06-12T17:08:47.334,1781276927,nicole,TRACKING,0.5643,MOVE_DOWN,CENTERED,DOWN,107.1,114.9,523,467
2026-06-12T17:08:47.843,1781276927,nicole,TRACKING,0.5596,MOVE_DOWN,CENTERED,DOWN,107.1,114.7,517,457
2026-06-12T17:08:47.932,1781276927,nicole,TRACKING,0.5523,MOVE_DOWN,CENTERED,DOWN,107.4,115.3,512,467
2026-06-12T17:08:48.141,1781276928,nicole,TRACKING,0.5653,MOVE_DOWN,CENTERED,DOWN,107.2,115.4,520,463
2026-06-12T17:08:48.550,1781276928,nicole,TRACKING,0.5797,MOVE_DOWN,CENTERED,DOWN,106.6,114.9,533,455
2026-06-12T17:08:49.147,1781276929,nicole,REACQUIRING,0.0,SEARCH,SCAN,SCAN,102.0,90.0,,
2026-06-12T17:08:49.349,1781276929,nicole,TRACKING,0.5526,MOVE_RIGHT,RIGHT,CENTERED,91.1,90.0,814,360
2026-06-12T17:08:49.556,1781276929,nicole,TRACKING,0.5893,MOVE_RIGHT,RIGHT,CENTERED,83.4,90.0,815,360
2026-06-12T17:08:49.648,1781276929,nicole,TRACKING,0.5984,MOVE_RIGHT,RIGHT,CENTERED,77.2,90.0,833,360
2026-06-12T17:08:49.949,1781276929,nicole,TRACKING,0.7066,MOVE_RIGHT,RIGHT,CENTERED,72.3,90.8,848,371
2026-06-12T17:08:50.048,1781276930,nicole,TRACKING,0.7417,MOVE_RIGHT,RIGHT,CENTERED,69.7,91.8,827,376
2026-06-12T17:08:50.144,1781276930,nicole,TRACKING,0.7259,MOVE_RIGHT,RIGHT,CENTERED,68.5,93.1,812,385
2026-06-12T17:08:50.249,1781276930,nicole,TRACKING,0.7358,MOVE_RIGHT,RIGHT,CENTERED,68.2,94.1,801,385
2026-06-12T17:08:50.348,1781276930,nicole,TRACKING,0.74,MOVE_RIGHT,RIGHT,CENTERED,68.4,95.3,790,393
2026-06-12T17:08:50.448,1781276930,nicole,TRACKING,0.7368,MOVE_RIGHT,RIGHT,CENTERED,69.1,96.1,777,392
2026-06-12T17:08:50.554,1781276930,nicole,TRACKING,0.7273,CENTERED,CENTERED,CENTERED,70.1,96.9,766,395
2026-06-12T17:08:50.659,1781276930,nicole,TRACKING,0.7188,CENTERED,CENTERED,CENTERED,71.4,97.3,750,393
2026-06-12T17:08:50.746,1781276930,nicole,TRACKING,0.7141,CENTERED,CENTERED,CENTERED,72.9,97.6,737,393
2026-06-12T17:08:50.838,1781276930,nicole,TRACKING,0.7398,CENTERED,CENTERED,CENTERED,74.2,98.5,731,402
2026-06-12T17:08:50.961,1781276930,nicole,TRACKING,0.7305,CENTERED,CENTERED,CENTERED,75.4,98.9,724,400
2026-06-12T17:08:51.051,1781276931,nicole,TRACKING,0.721,CENTERED,CENTERED,CENTERED,76.4,99.2,720,400
2026-06-12T17:08:51.155,1781276931,nicole,TRACKING,0.704,CENTERED,CENTERED,CENTERED,77.1,99.8,721,405
2026-06-12T17:08:51.253,1781276931,nicole,TRACKING,0.663,CENTERED,CENTERED,CENTERED,77.7,99.7,717,398
2026-06-12T17:08:51.353,1781276931,nicole,TRACKING,0.669,CENTERED,CENTERED,CENTERED,78.3,99.9,713,401
2026-06-12T17:08:51.464,1781276931,nicole,TRACKING,0.5999,CENTERED,CENTERED,CENTERED,78.8,99.7,711,397
2026-06-12T17:08:51.554,1781276931,nicole,TRACKING,0.5845,CENTERED,CENTERED,CENTERED,79.6,100.2,700,405
2026-06-12T17:08:51.662,1781276931,nicole,TRACKING,0.5596,CENTERED,CENTERED,CENTERED,80.2,100.0,700,398
2026-06-12T17:08:52.270,1781276932,nicole,REACQUIRING,0.0,SEARCH,SCAN,SCAN,102.0,90.0,,
2026-06-12T17:08:52.555,1781276932,nicole,REACQUIRING,0.0,SEARCH,SCAN,SCAN,114.0,90.0,,
2026-06-12T17:08:52.760,1781276932,nicole,REACQUIRING,0.0,SEARCH,SCAN,SCAN,126.0,90.0,,
2026-06-12T17:08:52.974,1781276932,nicole,REACQUIRING,0.0,SEARCH,SCAN,SCAN,138.0,90.0,,
2026-06-12T17:08:53.258,1781276933,nicole,REACQUIRING,0.0,SEARCH,SCAN,SCAN,150.0,90.0,,
2026-06-12T17:08:53.477,1781276933,nicole,REACQUIRING,0.0,SEARCH,SCAN,SCAN,155.0,90.0,,
2026-06-12T17:08:53.783,1781276933,nicole,TRACKING,0.5594,CENTERED,CENTERED,CENTERED,132.8,93.4,705,406
2026-06-12T17:08:53.874,1781276933,nicole,TRACKING,0.5557,CENTERED,CENTERED,CENTERED,117.1,95.8,708,405
2026-06-12T17:08:54.074,1781276934,nicole,TRACKING,0.5932,CENTERED,CENTERED,CENTERED,106.2,97.4,704,405
2026-06-12T17:08:54.171,1781276934,nicole,TRACKING,0.6333,CENTERED,CENTERED,CENTERED,99.5,99.2,685,413
2026-06-12T17:08:54.275,1781276934,nicole,TRACKING,0.6227,CENTERED,CENTERED,CENTERED,96.1,99.9,652,406
2026-06-12T17:08:54.382,1781276934,nicole,TRACKING,0.6427,CENTERED,CENTERED,CENTERED,94.4,100.8,637,412
2026-06-12T17:08:54.484,1781276934,nicole,TRACKING,0.6495,CENTERED,CENTERED,CENTERED,93.3,101.8,636,417
2026-06-12T17:08:54.585,1781276934,nicole,TRACKING,0.6998,CENTERED,CENTERED,CENTERED,92.4,102.9,637,422
2026-06-12T17:08:55.179,1781276935,nicole,REACQUIRING,0.0,SEARCH,SCAN,SCAN,102.0,90.0,,
2026-06-12T17:08:55.383,1781276935,nicole,REACQUIRING,0.0,SEARCH,SCAN,SCAN,114.0,90.0,,
2026-06-12T17:08:55.584,1781276935,nicole,REACQUIRING,0.0,SEARCH,SCAN,SCAN,126.0,90.0,,
2026-06-12T17:08:55.788,1781276935,nicole,REACQUIRING,0.0,SEARCH,SCAN,SCAN,138.0,90.0,,
2026-06-12T17:08:56.084,1781276936,nicole,REACQUIRING,0.0,SEARCH,SCAN,SCAN,150.0,90.0,,
2026-06-12T17:08:56.293,1781276936,nicole,REACQUIRING,0.0,SEARCH,SCAN,SCAN,155.0,90.0,,
2026-06-12T17:08:56.496,1781276936,nicole,REACQUIRING,0.0,SEARCH,SCAN,SCAN,143.0,90.0,,
2026-06-12T17:08:56.800,1781276936,nicole,REACQUIRING,0.0,SEARCH,SCAN,SCAN,131.0,90.0,,
2026-06-12T17:08:57.090,1781276937,nicole,REACQUIRING,0.0,SEARCH,SCAN,SCAN,119.0,90.0,,
2026-06-12T17:08:58.311,1781276938,nicole,REACQUIRING,0.0,SEARCH,SCAN,SCAN,107.0,90.0,,
2026-06-12T17:08:59.269,1781276939,nicole,REACQUIRING,0.0,SEARCH,SCAN,SCAN,95.0,90.0,,
2026-06-12T17:09:00.274,1781276940,nicole,REACQUIRING,0.0,SEARCH,SCAN,SCAN,83.0,90.0,,
2026-06-12T17:09:01.289,1781276941,nicole,REACQUIRING,0.0,SEARCH,SCAN,SCAN,71.0,90.0,,
2026-06-12T17:09:02.262,1781276942,nicole,REACQUIRING,0.0,SEARCH,SCAN,SCAN,59.0,90.0,,
2026-06-12T17:09:03.240,1781276943,nicole,REACQUIRING,0.0,SEARCH,SCAN,SCAN,47.0,90.0,,
2026-06-12T17:09:04.260,1781276944,nicole,REACQUIRING,0.0,SEARCH,SCAN,SCAN,35.0,90.0,,
2026-06-12T17:09:05.199,1781276945,nicole,REACQUIRING,0.0,SEARCH,SCAN,SCAN,25.0,90.0,,
2026-06-12T17:09:05.499,1781276945,nicole,REACQUIRING,0.0,SEARCH,SCAN,SCAN,37.0,90.0,,
2026-06-12T17:09:05.801,1781276945,nicole,REACQUIRING,0.0,SEARCH,SCAN,SCAN,49.0,90.0,,
2026-06-12T17:09:06.093,1781276946,nicole,REACQUIRING,0.0,SEARCH,SCAN,SCAN,61.0,90.0,,
2026-06-12T17:09:06.305,1781276946,nicole,REACQUIRING,0.0,SEARCH,SCAN,SCAN,73.0,90.0,,
2026-06-12T17:09:06.520,1781276946,nicole,REACQUIRING,0.0,SEARCH,SCAN,SCAN,85.0,90.0,,
2026-06-12T17:09:06.758,1781276946,nicole,REACQUIRING,0.0,SEARCH,SCAN,SCAN,97.0,90.0,,
2026-06-12T17:09:06.996,1781276946,nicole,REACQUIRING,0.0,SEARCH,SCAN,SCAN,109.0,90.0,,
2026-06-12T17:09:07.298,1781276947,nicole,REACQUIRING,0.0,SEARCH,SCAN,SCAN,121.0,90.0,,
2026-06-12T17:09:07.601,1781276947,nicole,REACQUIRING,0.0,SEARCH,SCAN,SCAN,133.0,90.0,,
2026-06-12T17:09:07.907,1781276947,nicole,REACQUIRING,0.0,SEARCH,SCAN,SCAN,145.0,90.0,,
2026-06-12T17:09:08.194,1781276948,nicole,REACQUIRING,0.0,SEARCH,SCAN,SCAN,155.0,90.0,,
2026-06-12T17:09:08.486,1781276948,nicole,REACQUIRING,0.0,SEARCH,SCAN,SCAN,143.0,90.0,,
2026-06-12T17:09:08.698,1781276948,nicole,REACQUIRING,0.0,SEARCH,SCAN,SCAN,131.0,90.0,,
2026-06-12T17:09:08.904,1781276948,nicole,REACQUIRING,0.0,SEARCH,SCAN,SCAN,119.0,90.0,,
2026-06-12T17:09:09.111,1781276949,nicole,REACQUIRING,0.0,SEARCH,SCAN,SCAN,107.0,90.0,,
2026-06-12T17:09:09.312,1781276949,nicole,REACQUIRING,0.0,SEARCH,SCAN,SCAN,95.0,90.0,,
2026-06-12T17:09:09.613,1781276949,nicole,REACQUIRING,0.0,SEARCH,SCAN,SCAN,83.0,90.0,,
2026-06-12T17:09:09.902,1781276949,nicole,REACQUIRING,0.0,SEARCH,SCAN,SCAN,71.0,90.0,,
2026-06-12T17:09:10.118,1781276950,nicole,REACQUIRING,0.0,SEARCH,SCAN,SCAN,59.0,90.0,,
2026-06-12T17:09:10.417,1781276950,nicole,REACQUIRING,0.0,SEARCH,SCAN,SCAN,47.0,90.0,,
2026-06-12T17:09:10.716,1781276950,nicole,REACQUIRING,0.0,SEARCH,SCAN,SCAN,35.0,90.0,,
2026-06-12T17:09:11.037,1781276951,nicole,REACQUIRING,0.0,SEARCH,SCAN,SCAN,25.0,90.0,,
2026-06-12T17:09:11.318,1781276951,nicole,REACQUIRING,0.0,SEARCH,SCAN,SCAN,37.0,90.0,,
2026-06-12T17:09:11.528,1781276951,nicole,REACQUIRING,0.0,SEARCH,SCAN,SCAN,49.0,90.0,,
2026-06-12T17:09:11.729,1781276951,nicole,REACQUIRING,0.0,SEARCH,SCAN,SCAN,61.0,90.0,,
2026-06-12T17:09:12.025,1781276952,nicole,REACQUIRING,0.0,SEARCH,SCAN,SCAN,73.0,90.0,,
2026-06-12T17:09:12.302,1781276952,nicole,REACQUIRING,0.0,SEARCH,SCAN,SCAN,85.0,90.0,,
2026-06-12T17:09:13.369,1781276953,nicole,REACQUIRING,0.0,SEARCH,SCAN,SCAN,97.0,90.0,,
2026-06-12T17:09:14.414,1781276954,nicole,REACQUIRING,0.0,SEARCH,SCAN,SCAN,109.0,90.0,,
2026-06-12T17:09:15.381,1781276955,nicole,REACQUIRING,0.0,SEARCH,SCAN,SCAN,121.0,90.0,,
2026-06-12T17:09:16.399,1781276956,nicole,REACQUIRING,0.0,SEARCH,SCAN,SCAN,133.0,90.0,,
2026-06-12T17:09:17.276,1781276957,nicole,REACQUIRING,0.0,SEARCH,SCAN,SCAN,145.0,90.0,,
2026-06-12T17:09:18.266,1781276958,nicole,REACQUIRING,0.0,SEARCH,SCAN,SCAN,155.0,90.0,,
2026-06-12T17:09:19.287,1781276959,nicole,REACQUIRING,0.0,SEARCH,SCAN,SCAN,143.0,90.0,,
2026-06-12T17:09:20.321,1781276960,nicole,TRACKING,0.5615,MOVE_DOWN,CENTERED,DOWN,125.8,96.3,670,444
2026-06-12T17:09:22.529,1781276962,nicole,REACQUIRING,0.0,SEARCH,SCAN,SCAN,102.0,90.0,,
2026-06-12T17:09:22.788,1781276962,nicole,REACQUIRING,0.0,SEARCH,SCAN,SCAN,114.0,90.0,,
2026-06-12T17:09:23.003,1781276963,nicole,REACQUIRING,0.0,SEARCH,SCAN,SCAN,126.0,90.0,,
2026-06-12T17:09:23.304,1781276963,nicole,REACQUIRING,0.0,SEARCH,SCAN,SCAN,138.0,90.0,,
2026-06-12T17:09:23.621,1781276963,nicole,REACQUIRING,0.0,SEARCH,SCAN,SCAN,150.0,90.0,,
2026-06-12T17:09:23.888,1781276963,nicole,REACQUIRING,0.0,SEARCH,SCAN,SCAN,155.0,90.0,,
2026-06-12T17:09:24.187,1781276964,nicole,REACQUIRING,0.0,SEARCH,SCAN,SCAN,143.0,90.0,,
2026-06-12T17:09:25.221,1781276965,nicole,REACQUIRING,0.0,SEARCH,SCAN,SCAN,131.0,90.0,,
2026-06-12T17:09:26.204,1781276966,nicole,REACQUIRING,0.0,SEARCH,SCAN,SCAN,119.0,90.0,,
2026-06-12T17:09:27.188,1781276967,nicole,REACQUIRING,0.0,SEARCH,SCAN,SCAN,107.0,90.0,,
2026-06-12T17:09:28.126,1781276968,nicole,REACQUIRING,0.0,SEARCH,SCAN,SCAN,95.0,90.0,,
2026-06-12T17:09:29.121,1781276969,nicole,REACQUIRING,0.0,SEARCH,SCAN,SCAN,83.0,90.0,,
2026-06-12T17:09:30.057,1781276970,nicole,REACQUIRING,0.0,SEARCH,SCAN,SCAN,71.0,90.0,,
2026-06-12T17:09:31.036,1781276971,nicole,REACQUIRING,0.0,SEARCH,SCAN,SCAN,59.0,90.0,,
2026-06-12T17:09:32.019,1781276972,nicole,TRACKING,0.5716,MOVE_RIGHT_DOWN,RIGHT,DOWN,60.5,97.0,826,453
2026-06-12T17:09:33.018,1781276973,nicole,TRACKING,0.5652,MOVE_RIGHT_DOWN,RIGHT,DOWN,61.6,102.8,823,466
2026-06-12T17:09:34.037,1781276974,nicole,TRACKING,0.5771,MOVE_RIGHT_DOWN,RIGHT,DOWN,63.2,106.0,803,454
2026-06-12T17:09:36.937,1781276976,nicole,TRACKING,0.615,MOVE_RIGHT_DOWN,RIGHT,DOWN,64.8,109.1,794,465
2026-06-12T17:09:37.937,1781276977,nicole,TRACKING,0.584,MOVE_RIGHT_DOWN,RIGHT,DOWN,65.8,111.2,795,465
2026-06-12T17:09:38.854,1781276978,nicole,TRACKING,0.5773,MOVE_RIGHT_DOWN,RIGHT,DOWN,66.9,112.1,787,457
2026-06-12T17:09:44.638,1781276984,nicole,REACQUIRING,0.0,SEARCH,SCAN,SCAN,102.0,90.0,,
2026-06-12T17:09:45.587,1781276985,nicole,REACQUIRING,0.0,SEARCH,SCAN,SCAN,114.0,90.0,,
2026-06-12T17:09:46.573,1781276986,nicole,REACQUIRING,0.0,SEARCH,SCAN,SCAN,126.0,90.0,,
2026-06-12T17:09:47.620,1781276987,nicole,TRACKING,0.5611,MOVE_RIGHT_DOWN,RIGHT,DOWN,109.5,97.9,776,465
2026-06-12T17:09:48.587,1781276988,nicole,TRACKING,0.5819,MOVE_RIGHT_DOWN,RIGHT,DOWN,97.8,103.4,778,465
2026-06-12T17:09:51.568,1781276991,nicole,TRACKING,0.5746,MOVE_RIGHT_DOWN,RIGHT,DOWN,89.7,107.2,777,464
2026-06-12T17:09:56.722,1781276996,nicole,REACQUIRING,0.0,SEARCH,SCAN,SCAN,102.0,90.0,,
2026-06-12T17:09:57.779,1781276997,nicole,REACQUIRING,0.0,SEARCH,SCAN,SCAN,114.0,90.0,,
2026-06-12T17:09:58.811,1781276998,nicole,REACQUIRING,0.0,SEARCH,SCAN,SCAN,126.0,90.0,,
2026-06-12T17:09:59.851,1781276999,nicole,REACQUIRING,0.0,SEARCH,SCAN,SCAN,138.0,90.0,,
2026-06-12T17:10:00.905,1781277000,nicole,REACQUIRING,0.0,SEARCH,SCAN,SCAN,150.0,90.0,,
2026-06-12T17:10:01.902,1781277001,nicole,REACQUIRING,0.0,SEARCH,SCAN,SCAN,155.0,90.0,,
2026-06-12T17:10:02.134,1781277002,nicole,REACQUIRING,0.0,SEARCH,SCAN,SCAN,143.0,90.0,,
2026-06-12T17:10:02.336,1781277002,nicole,REACQUIRING,0.0,SEARCH,SCAN,SCAN,131.0,90.0,,
2026-06-12T17:10:02.536,1781277002,nicole,REACQUIRING,0.0,SEARCH,SCAN,SCAN,119.0,90.0,,
2026-06-12T17:10:02.842,1781277002,nicole,REACQUIRING,0.0,SEARCH,SCAN,SCAN,107.0,90.0,,
2026-06-12T17:10:03.151,1781277003,nicole,REACQUIRING,0.0,SEARCH,SCAN,SCAN,95.0,90.0,,
2026-06-12T17:10:03.422,1781277003,nicole,REACQUIRING,0.0,SEARCH,SCAN,SCAN,83.0,90.0,,
2026-06-12T17:10:03.633,1781277003,nicole,REACQUIRING,0.0,SEARCH,SCAN,SCAN,71.0,90.0,,
2026-06-12T17:10:03.838,1781277003,nicole,REACQUIRING,0.0,SEARCH,SCAN,SCAN,59.0,90.0,,
2026-06-12T17:10:04.128,1781277004,nicole,REACQUIRING,0.0,SEARCH,SCAN,SCAN,47.0,90.0,,
2026-06-12T17:10:04.332,1781277004,nicole,REACQUIRING,0.0,SEARCH,SCAN,SCAN,35.0,90.0,,
2026-06-12T17:10:04.543,1781277004,nicole,REACQUIRING,0.0,SEARCH,SCAN,SCAN,25.0,90.0,,
2026-06-12T17:10:04.744,1781277004,nicole,REACQUIRING,0.0,SEARCH,SCAN,SCAN,37.0,90.0,,
2026-06-12T17:10:04.948,1781277004,nicole,REACQUIRING,0.0,SEARCH,SCAN,SCAN,49.0,90.0,,
2026-06-12T17:10:05.950,1781277005,nicole,REACQUIRING,0.0,SEARCH,SCAN,SCAN,61.0,90.0,,
2026-06-12T17:10:07.081,1781277007,nicole,REACQUIRING,0.0,SEARCH,SCAN,SCAN,73.0,90.0,,
2026-06-12T17:10:07.370,1781277007,nicole,REACQUIRING,0.0,SEARCH,SCAN,SCAN,85.0,90.0,,
2026-06-12T17:10:08.470,1781277008,nicole,REACQUIRING,0.0,SEARCH,SCAN,SCAN,97.0,90.0,,
2026-06-12T17:10:08.676,1781277008,nicole,REACQUIRING,0.0,SEARCH,SCAN,SCAN,109.0,90.0,,
2026-06-12T17:10:08.964,1781277008,nicole,REACQUIRING,0.0,SEARCH,SCAN,SCAN,121.0,90.0,,
2026-06-12T17:10:09.169,1781277009,nicole,REACQUIRING,0.0,SEARCH,SCAN,SCAN,133.0,90.0,,
2026-06-12T17:10:09.381,1781277009,nicole,REACQUIRING,0.0,SEARCH,SCAN,SCAN,145.0,90.0,,
2026-06-12T17:10:09.674,1781277009,nicole,REACQUIRING,0.0,SEARCH,SCAN,SCAN,155.0,90.0,,
2026-06-12T17:10:09.875,1781277009,nicole,REACQUIRING,0.0,SEARCH,SCAN,SCAN,143.0,90.0,,
2026-06-12T17:10:10.085,1781277010,nicole,REACQUIRING,0.0,SEARCH,SCAN,SCAN,131.0,90.0,,
2026-06-12T17:10:11.199,1781277011,nicole,REACQUIRING,0.0,SEARCH,SCAN,SCAN,119.0,90.0,,
2026-06-12T17:10:12.287,1781277012,nicole,REACQUIRING,0.0,SEARCH,SCAN,SCAN,107.0,90.0,,
2026-06-12T17:10:13.337,1781277013,nicole,TRACKING,0.6096,MOVE_DOWN,CENTERED,DOWN,103.0,100.3,615,497
2026-06-12T17:10:19.181,1781277019,nicole,REACQUIRING,0.0,SEARCH,SCAN,SCAN,102.0,90.0,,
2026-06-12T17:10:20.120,1781277020,nicole,REACQUIRING,0.0,SEARCH,SCAN,SCAN,114.0,90.0,,
2026-06-12T17:10:21.070,1781277021,nicole,REACQUIRING,0.0,SEARCH,SCAN,SCAN,126.0,90.0,,
2026-06-12T17:10:21.359,1781277021,nicole,REACQUIRING,0.0,SEARCH,SCAN,SCAN,138.0,90.0,,
2026-06-12T17:10:21.563,1781277021,nicole,REACQUIRING,0.0,SEARCH,SCAN,SCAN,150.0,90.0,,
2026-06-12T17:10:21.854,1781277021,nicole,REACQUIRING,0.0,SEARCH,SCAN,SCAN,155.0,90.0,,
2026-06-12T17:10:22.149,1781277022,nicole,REACQUIRING,0.0,SEARCH,SCAN,SCAN,143.0,90.0,,
2026-06-12T17:10:22.353,1781277022,nicole,REACQUIRING,0.0,SEARCH,SCAN,SCAN,131.0,90.0,,
2026-06-12T17:10:22.560,1781277022,nicole,REACQUIRING,0.0,SEARCH,SCAN,SCAN,119.0,90.0,,
2026-06-12T17:10:22.762,1781277022,nicole,REACQUIRING,0.0,SEARCH,SCAN,SCAN,107.0,90.0,,
2026-06-12T17:10:23.057,1781277023,nicole,REACQUIRING,0.0,SEARCH,SCAN,SCAN,95.0,90.0,,
2026-06-12T17:10:23.269,1781277023,nicole,REACQUIRING,0.0,SEARCH,SCAN,SCAN,83.0,90.0,,
2026-06-12T17:10:23.556,1781277023,nicole,REACQUIRING,0.0,SEARCH,SCAN,SCAN,71.0,90.0,,
2026-06-12T17:10:23.780,1781277023,nicole,REACQUIRING,0.0,SEARCH,SCAN,SCAN,59.0,90.0,,
2026-06-12T17:10:24.075,1781277024,nicole,REACQUIRING,0.0,SEARCH,SCAN,SCAN,47.0,90.0,,
2026-06-12T17:10:24.283,1781277024,nicole,REACQUIRING,0.0,SEARCH,SCAN,SCAN,35.0,90.0,,
2026-06-12T17:10:24.577,1781277024,nicole,REACQUIRING,0.0,SEARCH,SCAN,SCAN,25.0,90.0,,
2026-06-12T17:10:24.790,1781277024,nicole,REACQUIRING,0.0,SEARCH,SCAN,SCAN,37.0,90.0,,
2026-06-12T17:10:25.083,1781277025,nicole,REACQUIRING,0.0,SEARCH,SCAN,SCAN,49.0,90.0,,
2026-06-12T17:10:25.398,1781277025,nicole,REACQUIRING,0.0,SEARCH,SCAN,SCAN,61.0,90.0,,
2026-06-12T17:10:26.520,1781277026,nicole,REACQUIRING,0.0,SEARCH,SCAN,SCAN,73.0,90.0,,
2026-06-12T17:10:27.605,1781277027,nicole,REACQUIRING,0.0,SEARCH,SCAN,SCAN,85.0,90.0,,
2026-06-12T17:10:28.568,1781277028,nicole,TRACKING,0.5537,MOVE_LEFT_DOWN,LEFT,DOWN,101.5,96.9,285,452
2026-06-12T17:10:29.815,1781277029,nicole,TRACKING,0.5966,MOVE_LEFT_DOWN,LEFT,DOWN,112.8,102.4,289,461
2026-06-12T17:10:30.805,1781277030,nicole,TRACKING,0.632,MOVE_LEFT_DOWN,LEFT,DOWN,120.8,105.7,289,454
2026-06-12T17:10:31.762,1781277031,nicole,TRACKING,0.6016,MOVE_LEFT_DOWN,LEFT,DOWN,126.2,108.1,292,454
2026-06-12T17:10:34.732,1781277034,nicole,TRACKING,0.5676,MOVE_LEFT_DOWN,LEFT,DOWN,129.9,110.4,296,463
2026-06-12T17:10:36.964,1781277036,nicole,REACQUIRING,0.0,SEARCH,SCAN,SCAN,102.0,90.0,,
2026-06-12T17:10:37.264,1781277037,nicole,REACQUIRING,0.0,SEARCH,SCAN,SCAN,114.0,90.0,,
2026-06-12T17:10:37.562,1781277037,nicole,REACQUIRING,0.0,SEARCH,SCAN,SCAN,126.0,90.0,,
2026-06-12T17:10:37.868,1781277037,nicole,REACQUIRING,0.0,SEARCH,SCAN,SCAN,138.0,90.0,,
2026-06-12T17:10:38.143,1781277038,nicole,REACQUIRING,0.0,SEARCH,SCAN,SCAN,150.0,90.0,,
2026-06-12T17:10:38.363,1781277038,nicole,REACQUIRING,0.0,SEARCH,SCAN,SCAN,155.0,90.0,,
2026-06-12T17:10:38.667,1781277038,nicole,REACQUIRING,0.0,SEARCH,SCAN,SCAN,143.0,90.0,,
2026-06-12T17:10:38.970,1781277038,nicole,REACQUIRING,0.0,SEARCH,SCAN,SCAN,131.0,90.0,,
2026-06-12T17:10:39.273,1781277039,nicole,REACQUIRING,0.0,SEARCH,SCAN,SCAN,119.0,90.0,,
2026-06-12T17:10:39.559,1781277039,nicole,REACQUIRING,0.0,SEARCH,SCAN,SCAN,107.0,90.0,,
2026-06-12T17:10:39.762,1781277039,nicole,REACQUIRING,0.0,SEARCH,SCAN,SCAN,95.0,90.0,,
2026-06-12T17:10:39.978,1781277039,nicole,REACQUIRING,0.0,SEARCH,SCAN,SCAN,83.0,90.0,,
2026-06-12T17:10:40.265,1781277040,nicole,REACQUIRING,0.0,SEARCH,SCAN,SCAN,71.0,90.0,,
2026-06-12T17:10:40.554,1781277040,nicole,REACQUIRING,0.0,SEARCH,SCAN,SCAN,59.0,90.0,,
2026-06-12T17:10:40.768,1781277040,nicole,REACQUIRING,0.0,SEARCH,SCAN,SCAN,47.0,90.0,,
2026-06-12T17:10:41.079,1781277041,nicole,REACQUIRING,0.0,SEARCH,SCAN,SCAN,35.0,90.0,,
2026-06-12T17:10:41.373,1781277041,nicole,REACQUIRING,0.0,SEARCH,SCAN,SCAN,25.0,90.0,,
2026-06-12T17:10:41.573,1781277041,nicole,REACQUIRING,0.0,SEARCH,SCAN,SCAN,37.0,90.0,,
2026-06-12T17:10:41.774,1781277041,nicole,REACQUIRING,0.0,SEARCH,SCAN,SCAN,49.0,90.0,,
2026-06-12T17:10:42.083,1781277042,nicole,REACQUIRING,0.0,SEARCH,SCAN,SCAN,61.0,90.0,,
2026-06-12T17:10:42.375,1781277042,nicole,REACQUIRING,0.0,SEARCH,SCAN,SCAN,73.0,90.0,,
2026-06-12T17:10:42.581,1781277042,nicole,REACQUIRING,0.0,SEARCH,SCAN,SCAN,85.0,90.0,,
2026-06-12T17:10:42.784,1781277042,nicole,REACQUIRING,0.0,SEARCH,SCAN,SCAN,97.0,90.0,,
2026-06-12T17:10:42.986,1781277042,nicole,REACQUIRING,0.0,SEARCH,SCAN,SCAN,109.0,90.0,,
2026-06-12T17:10:43.193,1781277043,nicole,REACQUIRING,0.0,SEARCH,SCAN,SCAN,121.0,90.0,,
2026-06-12T17:10:43.488,1781277043,nicole,REACQUIRING,0.0,SEARCH,SCAN,SCAN,133.0,90.0,,
2026-06-12T17:10:43.801,1781277043,nicole,REACQUIRING,0.0,SEARCH,SCAN,SCAN,145.0,90.0,,
2026-06-12T17:10:44.070,1781277044,nicole,REACQUIRING,0.0,SEARCH,SCAN,SCAN,155.0,90.0,,
2026-06-12T17:10:44.285,1781277044,nicole,REACQUIRING,0.0,SEARCH,SCAN,SCAN,143.0,90.0,,
2026-06-12T17:10:44.504,1781277044,nicole,REACQUIRING,0.0,SEARCH,SCAN,SCAN,131.0,90.0,,
2026-06-12T17:10:44.793,1781277044,nicole,REACQUIRING,0.0,SEARCH,SCAN,SCAN,119.0,90.0,,
2026-06-12T17:10:45.098,1781277045,nicole,REACQUIRING,0.0,SEARCH,SCAN,SCAN,107.0,90.0,,
2026-06-12T17:10:45.306,1781277045,nicole,REACQUIRING,0.0,SEARCH,SCAN,SCAN,95.0,90.0,,
2026-06-12T17:10:45.604,1781277045,nicole,REACQUIRING,0.0,SEARCH,SCAN,SCAN,83.0,90.0,,
2026-06-12T17:10:45.906,1781277045,nicole,REACQUIRING,0.0,SEARCH,SCAN,SCAN,71.0,90.0,,
2026-06-12T17:10:46.216,1781277046,nicole,REACQUIRING,0.0,SEARCH,SCAN,SCAN,59.0,90.0,,
2026-06-12T17:10:46.498,1781277046,nicole,REACQUIRING,0.0,SEARCH,SCAN,SCAN,47.0,90.0,,
2026-06-12T17:10:46.715,1781277046,nicole,REACQUIRING,0.0,SEARCH,SCAN,SCAN,35.0,90.0,,
2026-06-12T17:10:46.920,1781277046,nicole,REACQUIRING,0.0,SEARCH,SCAN,SCAN,25.0,90.0,,
2026-06-12T17:10:47.206,1781277047,nicole,REACQUIRING,0.0,SEARCH,SCAN,SCAN,37.0,90.0,,
2026-06-12T17:10:47.413,1781277047,nicole,REACQUIRING,0.0,SEARCH,SCAN,SCAN,49.0,90.0,,
2026-06-12T17:10:47.618,1781277047,nicole,REACQUIRING,0.0,SEARCH,SCAN,SCAN,61.0,90.0,,
2026-06-12T17:10:47.911,1781277047,nicole,REACQUIRING,0.0,SEARCH,SCAN,SCAN,73.0,90.0,,
2026-06-12T17:10:48.114,1781277048,nicole,REACQUIRING,0.0,SEARCH,SCAN,SCAN,85.0,90.0,,
2026-06-12T17:10:48.320,1781277048,nicole,REACQUIRING,0.0,SEARCH,SCAN,SCAN,97.0,90.0,,
2026-06-12T17:10:48.599,1781277048,nicole,REACQUIRING,0.0,SEARCH,SCAN,SCAN,109.0,90.0,,
2026-06-12T17:10:48.823,1781277048,nicole,REACQUIRING,0.0,SEARCH,SCAN,SCAN,121.0,90.0,,
2026-06-12T17:10:49.033,1781277049,nicole,REACQUIRING,0.0,SEARCH,SCAN,SCAN,133.0,90.0,,
2026-06-12T17:10:49.332,1781277049,nicole,REACQUIRING,0.0,SEARCH,SCAN,SCAN,145.0,90.0,,
2026-06-12T17:10:49.539,1781277049,nicole,REACQUIRING,0.0,SEARCH,SCAN,SCAN,155.0,90.0,,
2026-06-12T17:10:49.823,1781277049,nicole,REACQUIRING,0.0,SEARCH,SCAN,SCAN,143.0,90.0,,
2026-06-12T17:10:50.035,1781277050,nicole,REACQUIRING,0.0,SEARCH,SCAN,SCAN,131.0,90.0,,
2026-06-12T17:10:50.325,1781277050,nicole,REACQUIRING,0.0,SEARCH,SCAN,SCAN,119.0,90.0,,
2026-06-12T17:10:50.534,1781277050,nicole,REACQUIRING,0.0,SEARCH,SCAN,SCAN,107.0,90.0,,
2026-06-12T17:10:50.746,1781277050,nicole,REACQUIRING,0.0,SEARCH,SCAN,SCAN,95.0,90.0,,
2026-06-12T17:10:51.022,1781277051,nicole,REACQUIRING,0.0,SEARCH,SCAN,SCAN,83.0,90.0,,
2026-06-12T17:10:51.234,1781277051,nicole,REACQUIRING,0.0,SEARCH,SCAN,SCAN,71.0,90.0,,
2026-06-12T17:10:51.443,1781277051,nicole,REACQUIRING,0.0,SEARCH,SCAN,SCAN,59.0,90.0,,
2026-06-12T17:10:51.847,1781277051,nicole,REACQUIRING,0.0,SEARCH,SCAN,SCAN,47.0,90.0,,
2026-06-12T17:10:52.242,1781277052,nicole,REACQUIRING,0.0,SEARCH,SCAN,SCAN,35.0,90.0,,
2026-06-12T17:10:52.632,1781277052,nicole,REACQUIRING,0.0,SEARCH,SCAN,SCAN,25.0,90.0,,
2026-06-12T17:10:52.833,1781277052,nicole,REACQUIRING,0.0,SEARCH,SCAN,SCAN,37.0,90.0,,
2026-06-12T17:10:53.041,1781277053,nicole,REACQUIRING,0.0,SEARCH,SCAN,SCAN,49.0,90.0,,
2026-06-12T17:10:53.242,1781277053,nicole,REACQUIRING,0.0,SEARCH,SCAN,SCAN,61.0,90.0,,
2026-06-12T17:10:53.446,1781277053,nicole,REACQUIRING,0.0,SEARCH,SCAN,SCAN,73.0,90.0,,
2026-06-12T17:10:53.842,1781277053,nicole,REACQUIRING,0.0,SEARCH,SCAN,SCAN,85.0,90.0,,
2026-06-12T17:10:54.250,1781277054,nicole,REACQUIRING,0.0,SEARCH,SCAN,SCAN,97.0,90.0,,
2026-06-12T17:10:54.640,1781277054,nicole,REACQUIRING,0.0,SEARCH,SCAN,SCAN,109.0,90.0,,
2026-06-12T17:10:54.853,1781277054,nicole,REACQUIRING,0.0,SEARCH,SCAN,SCAN,121.0,90.0,,
2026-06-12T17:10:55.152,1781277055,nicole,REACQUIRING,0.0,SEARCH,SCAN,SCAN,133.0,90.0,,
2026-06-12T17:10:55.359,1781277055,nicole,REACQUIRING,0.0,SEARCH,SCAN,SCAN,145.0,90.0,,
2026-06-12T17:10:55.560,1781277055,nicole,REACQUIRING,0.0,SEARCH,SCAN,SCAN,155.0,90.0,,
2026-06-12T17:10:55.862,1781277055,nicole,REACQUIRING,0.0,SEARCH,SCAN,SCAN,143.0,90.0,,
2026-06-12T17:10:56.162,1781277056,nicole,REACQUIRING,0.0,SEARCH,SCAN,SCAN,131.0,90.0,,
2026-06-12T17:10:56.453,1781277056,nicole,REACQUIRING,0.0,SEARCH,SCAN,SCAN,119.0,90.0,,
2026-06-12T17:10:56.669,1781277056,nicole,REACQUIRING,0.0,SEARCH,SCAN,SCAN,107.0,90.0,,
2026-06-12T17:10:56.969,1781277056,nicole,REACQUIRING,0.0,SEARCH,SCAN,SCAN,95.0,90.0,,
2026-06-12T17:10:57.259,1781277057,nicole,REACQUIRING,0.0,SEARCH,SCAN,SCAN,83.0,90.0,,
2026-06-12T17:10:57.465,1781277057,nicole,REACQUIRING,0.0,SEARCH,SCAN,SCAN,71.0,90.0,,
2026-06-12T17:10:57.673,1781277057,nicole,REACQUIRING,0.0,SEARCH,SCAN,SCAN,59.0,90.0,,
2026-06-12T17:10:57.971,1781277057,nicole,REACQUIRING,0.0,SEARCH,SCAN,SCAN,47.0,90.0,,
2026-06-12T17:10:58.259,1781277058,nicole,REACQUIRING,0.0,SEARCH,SCAN,SCAN,35.0,90.0,,
2026-06-12T17:10:58.468,1781277058,nicole,REACQUIRING,0.0,SEARCH,SCAN,SCAN,25.0,90.0,,
2026-06-12T17:10:58.684,1781277058,nicole,REACQUIRING,0.0,SEARCH,SCAN,SCAN,37.0,90.0,,
2026-06-12T17:10:58.982,1781277058,nicole,REACQUIRING,0.0,SEARCH,SCAN,SCAN,49.0,90.0,,
2026-06-12T17:10:59.187,1781277059,nicole,REACQUIRING,0.0,SEARCH,SCAN,SCAN,61.0,90.0,,
2026-06-12T17:10:59.391,1781277059,nicole,REACQUIRING,0.0,SEARCH,SCAN,SCAN,73.0,90.0,,
2026-06-12T17:11:00.393,1781277060,nicole,REACQUIRING,0.0,SEARCH,SCAN,SCAN,85.0,90.0,,
2026-06-12T17:11:00.681,1781277060,nicole,REACQUIRING,0.0,SEARCH,SCAN,SCAN,97.0,90.0,,
2026-06-12T17:11:00.990,1781277060,nicole,REACQUIRING,0.0,SEARCH,SCAN,SCAN,109.0,90.0,,
2026-06-12T17:11:01.195,1781277061,nicole,REACQUIRING,0.0,SEARCH,SCAN,SCAN,121.0,90.0,,
2026-06-12T17:11:01.500,1781277061,nicole,REACQUIRING,0.0,SEARCH,SCAN,SCAN,133.0,90.0,,
2026-06-12T17:11:01.786,1781277061,nicole,REACQUIRING,0.0,SEARCH,SCAN,SCAN,145.0,90.0,,
2026-06-12T17:11:01.992,1781277061,nicole,REACQUIRING,0.0,SEARCH,SCAN,SCAN,155.0,90.0,,
2026-06-12T17:11:02.915,1781277062,nicole,REACQUIRING,0.0,SEARCH,SCAN,SCAN,143.0,90.0,,
2026-06-12T17:11:03.870,1781277063,nicole,REACQUIRING,0.0,SEARCH,SCAN,SCAN,131.0,90.0,,
2026-06-12T17:11:04.096,1781277064,nicole,REACQUIRING,0.0,SEARCH,SCAN,SCAN,119.0,90.0,,
2026-06-12T17:11:04.302,1781277064,nicole,REACQUIRING,0.0,SEARCH,SCAN,SCAN,107.0,90.0,,
2026-06-12T17:11:04.612,1781277064,nicole,REACQUIRING,0.0,SEARCH,SCAN,SCAN,95.0,90.0,,
2026-06-12T17:11:04.918,1781277064,nicole,REACQUIRING,0.0,SEARCH,SCAN,SCAN,83.0,90.0,,
2026-06-12T17:11:05.206,1781277065,nicole,REACQUIRING,0.0,SEARCH,SCAN,SCAN,71.0,90.0,,
2026-06-12T17:11:05.501,1781277065,nicole,REACQUIRING,0.0,SEARCH,SCAN,SCAN,59.0,90.0,,
2026-06-12T17:11:05.703,1781277065,nicole,REACQUIRING,0.0,SEARCH,SCAN,SCAN,47.0,90.0,,
2026-06-12T17:11:06.018,1781277066,nicole,REACQUIRING,0.0,SEARCH,SCAN,SCAN,35.0,90.0,,
2026-06-12T17:11:06.321,1781277066,nicole,REACQUIRING,0.0,SEARCH,SCAN,SCAN,25.0,90.0,,
2026-06-12T17:11:06.614,1781277066,nicole,REACQUIRING,0.0,SEARCH,SCAN,SCAN,37.0,90.0,,
2026-06-12T17:11:06.821,1781277066,nicole,REACQUIRING,0.0,SEARCH,SCAN,SCAN,49.0,90.0,,
2026-06-12T17:11:07.029,1781277067,nicole,REACQUIRING,0.0,SEARCH,SCAN,SCAN,61.0,90.0,,
2026-06-12T17:11:07.325,1781277067,nicole,REACQUIRING,0.0,SEARCH,SCAN,SCAN,73.0,90.0,,
2026-06-12T17:11:07.618,1781277067,nicole,REACQUIRING,0.0,SEARCH,SCAN,SCAN,85.0,90.0,,
2026-06-12T17:11:07.840,1781277067,nicole,REACQUIRING,0.0,SEARCH,SCAN,SCAN,97.0,90.0,,
2026-06-12T17:11:08.047,1781277068,nicole,REACQUIRING,0.0,SEARCH,SCAN,SCAN,109.0,90.0,,
2026-06-12T17:11:08.330,1781277068,nicole,REACQUIRING,0.0,SEARCH,SCAN,SCAN,121.0,90.0,,
2026-06-12T17:11:08.631,1781277068,nicole,REACQUIRING,0.0,SEARCH,SCAN,SCAN,133.0,90.0,,
2026-06-12T17:11:08.842,1781277068,nicole,REACQUIRING,0.0,SEARCH,SCAN,SCAN,145.0,90.0,,
2026-06-12T17:11:09.127,1781277069,nicole,REACQUIRING,0.0,SEARCH,SCAN,SCAN,155.0,90.0,,
2026-06-12T17:11:09.330,1781277069,nicole,REACQUIRING,0.0,SEARCH,SCAN,SCAN,143.0,90.0,,
2026-06-12T17:11:09.539,1781277069,nicole,REACQUIRING,0.0,SEARCH,SCAN,SCAN,131.0,90.0,,
2026-06-12T17:11:09.849,1781277069,nicole,REACQUIRING,0.0,SEARCH,SCAN,SCAN,119.0,90.0,,
2026-06-12T17:11:10.134,1781277070,nicole,REACQUIRING,0.0,SEARCH,SCAN,SCAN,107.0,90.0,,
2026-06-12T17:11:10.445,1781277070,nicole,REACQUIRING,0.0,SEARCH,SCAN,SCAN,95.0,90.0,,
2026-06-12T17:11:10.740,1781277070,nicole,REACQUIRING,0.0,SEARCH,SCAN,SCAN,83.0,90.0,,
2026-06-12T17:11:10.948,1781277070,nicole,REACQUIRING,0.0,SEARCH,SCAN,SCAN,71.0,90.0,,
2026-06-12T17:11:11.154,1781277071,nicole,REACQUIRING,0.0,SEARCH,SCAN,SCAN,59.0,90.0,,
2026-06-12T17:11:11.447,1781277071,nicole,REACQUIRING,0.0,SEARCH,SCAN,SCAN,47.0,90.0,,
2026-06-12T17:11:11.654,1781277071,nicole,REACQUIRING,0.0,SEARCH,SCAN,SCAN,35.0,90.0,,
2026-06-12T17:11:11.866,1781277071,nicole,REACQUIRING,0.0,SEARCH,SCAN,SCAN,25.0,90.0,,
2026-06-12T17:11:12.153,1781277072,nicole,REACQUIRING,0.0,SEARCH,SCAN,SCAN,37.0,90.0,,
2026-06-12T17:11:12.353,1781277072,nicole,REACQUIRING,0.0,SEARCH,SCAN,SCAN,49.0,90.0,,
2026-06-12T17:11:12.563,1781277072,nicole,REACQUIRING,0.0,SEARCH,SCAN,SCAN,61.0,90.0,,
2026-06-12T17:11:12.858,1781277072,nicole,REACQUIRING,0.0,SEARCH,SCAN,SCAN,73.0,90.0,,
2026-06-12T17:11:13.062,1781277073,nicole,REACQUIRING,0.0,SEARCH,SCAN,SCAN,85.0,90.0,,
2026-06-12T17:11:13.364,1781277073,nicole,REACQUIRING,0.0,SEARCH,SCAN,SCAN,97.0,90.0,,
2026-06-12T17:11:13.675,1781277073,nicole,REACQUIRING,0.0,SEARCH,SCAN,SCAN,109.0,90.0,,
2026-06-12T17:11:13.968,1781277073,nicole,REACQUIRING,0.0,SEARCH,SCAN,SCAN,121.0,90.0,,
2026-06-12T17:11:14.273,1781277074,nicole,REACQUIRING,0.0,SEARCH,SCAN,SCAN,133.0,90.0,,
2026-06-12T17:11:14.567,1781277074,nicole,REACQUIRING,0.0,SEARCH,SCAN,SCAN,145.0,90.0,,
2026-06-12T17:11:14.852,1781277074,nicole,REACQUIRING,0.0,SEARCH,SCAN,SCAN,155.0,90.0,,
2026-06-12T17:11:15.073,1781277075,nicole,REACQUIRING,0.0,SEARCH,SCAN,SCAN,143.0,90.0,,
2026-06-12T17:11:15.370,1781277075,nicole,REACQUIRING,0.0,SEARCH,SCAN,SCAN,131.0,90.0,,
2026-06-12T17:11:15.686,1781277075,nicole,REACQUIRING,0.0,SEARCH,SCAN,SCAN,119.0,90.0,,
2026-06-12T17:11:16.648,1781277076,nicole,REACQUIRING,0.0,SEARCH,SCAN,SCAN,107.0,90.0,,
2026-06-12T17:11:17.862,1781277077,nicole,TRACKING,0.5512,MOVE_LEFT,LEFT,CENTERED,115.4,90.0,321,360
2026-06-12T17:11:19.007,1781277079,nicole,REACQUIRING,0.0,SEARCH,SCAN,SCAN,102.0,90.0,,
2026-06-12T17:11:19.301,1781277079,nicole,REACQUIRING,0.0,SEARCH,SCAN,SCAN,114.0,90.0,,
2026-06-12T17:11:19.508,1781277079,nicole,REACQUIRING,0.0,SEARCH,SCAN,SCAN,126.0,90.0,,
2026-06-12T17:11:19.818,1781277079,nicole,REACQUIRING,0.0,SEARCH,SCAN,SCAN,138.0,90.0,,
2026-06-12T17:11:20.932,1781277080,nicole,REACQUIRING,0.0,SEARCH,SCAN,SCAN,150.0,90.0,,
2026-06-12T17:11:21.211,1781277081,nicole,REACQUIRING,0.0,SEARCH,SCAN,SCAN,155.0,90.0,,
2026-06-12T17:11:21.413,1781277081,nicole,REACQUIRING,0.0,SEARCH,SCAN,SCAN,143.0,90.0,,
2026-06-12T17:11:21.622,1781277081,nicole,REACQUIRING,0.0,SEARCH,SCAN,SCAN,131.0,90.0,,
2026-06-12T17:11:21.915,1781277081,nicole,REACQUIRING,0.0,SEARCH,SCAN,SCAN,119.0,90.0,,
2026-06-12T17:11:22.131,1781277082,nicole,REACQUIRING,0.0,SEARCH,SCAN,SCAN,107.0,90.0,,
2026-06-12T17:11:22.334,1781277082,nicole,REACQUIRING,0.0,SEARCH,SCAN,SCAN,95.0,90.0,,
2026-06-12T17:11:22.629,1781277082,nicole,REACQUIRING,0.0,SEARCH,SCAN,SCAN,83.0,90.0,,
2026-06-12T17:11:22.911,1781277082,nicole,REACQUIRING,0.0,SEARCH,SCAN,SCAN,71.0,90.0,,
2026-06-12T17:11:23.119,1781277083,nicole,REACQUIRING,0.0,SEARCH,SCAN,SCAN,59.0,90.0,,
2026-06-12T17:11:23.319,1781277083,nicole,REACQUIRING,0.0,SEARCH,SCAN,SCAN,47.0,90.0,,
2026-06-12T17:11:23.525,1781277083,nicole,REACQUIRING,0.0,SEARCH,SCAN,SCAN,35.0,90.0,,
2026-06-12T17:11:23.738,1781277083,nicole,REACQUIRING,0.0,SEARCH,SCAN,SCAN,25.0,90.0,,
2026-06-12T17:11:24.868,1781277084,nicole,REACQUIRING,0.0,SEARCH,SCAN,SCAN,37.0,90.0,,
2026-06-12T17:11:25.151,1781277085,nicole,REACQUIRING,0.0,SEARCH,SCAN,SCAN,49.0,90.0,,
2026-06-12T17:11:25.479,1781277085,nicole,REACQUIRING,0.0,SEARCH,SCAN,SCAN,61.0,90.0,,
2026-06-12T17:11:25.744,1781277085,nicole,REACQUIRING,0.0,SEARCH,SCAN,SCAN,73.0,90.0,,
2026-06-12T17:11:25.944,1781277085,nicole,REACQUIRING,0.0,SEARCH,SCAN,SCAN,85.0,90.0,,
2026-06-12T17:11:26.154,1781277086,nicole,REACQUIRING,0.0,SEARCH,SCAN,SCAN,97.0,90.0,,
2026-06-12T17:11:26.460,1781277086,nicole,REACQUIRING,0.0,SEARCH,SCAN,SCAN,109.0,90.0,,
2026-06-12T17:11:26.739,1781277086,nicole,REACQUIRING,0.0,SEARCH,SCAN,SCAN,121.0,90.0,,
2026-06-12T17:11:26.947,1781277086,nicole,REACQUIRING,0.0,SEARCH,SCAN,SCAN,133.0,90.0,,
2026-06-12T17:11:27.153,1781277087,nicole,REACQUIRING,0.0,SEARCH,SCAN,SCAN,145.0,90.0,,
2026-06-12T17:11:27.447,1781277087,nicole,REACQUIRING,0.0,SEARCH,SCAN,SCAN,155.0,90.0,,
2026-06-12T17:11:27.656,1781277087,nicole,REACQUIRING,0.0,SEARCH,SCAN,SCAN,143.0,90.0,,
2026-06-12T17:11:27.861,1781277087,nicole,REACQUIRING,0.0,SEARCH,SCAN,SCAN,131.0,90.0,,
2026-06-12T17:11:28.152,1781277088,nicole,REACQUIRING,0.0,SEARCH,SCAN,SCAN,119.0,90.0,,
2026-06-12T17:11:28.369,1781277088,nicole,REACQUIRING,0.0,SEARCH,SCAN,SCAN,107.0,90.0,,
2026-06-12T17:11:28.676,1781277088,nicole,REACQUIRING,0.0,SEARCH,SCAN,SCAN,95.0,90.0,,
2026-06-12T17:11:28.975,1781277088,nicole,REACQUIRING,0.0,SEARCH,SCAN,SCAN,83.0,90.0,,
2026-06-12T17:11:29.181,1781277089,nicole,REACQUIRING,0.0,SEARCH,SCAN,SCAN,71.0,90.0,,
2026-06-12T17:11:29.382,1781277089,nicole,REACQUIRING,0.0,SEARCH,SCAN,SCAN,59.0,90.0,,
2026-06-12T17:11:29.684,1781277089,nicole,REACQUIRING,0.0,SEARCH,SCAN,SCAN,47.0,90.0,,
2026-06-12T17:11:29.971,1781277089,nicole,REACQUIRING,0.0,SEARCH,SCAN,SCAN,35.0,90.0,,
2026-06-12T17:11:30.281,1781277090,nicole,REACQUIRING,0.0,SEARCH,SCAN,SCAN,25.0,90.0,,
2026-06-12T17:11:30.560,1781277090,nicole,REACQUIRING,0.0,SEARCH,SCAN,SCAN,37.0,90.0,,
2026-06-12T17:11:30.768,1781277090,nicole,REACQUIRING,0.0,SEARCH,SCAN,SCAN,49.0,90.0,,
2026-06-12T17:11:30.982,1781277090,nicole,REACQUIRING,0.0,SEARCH,SCAN,SCAN,61.0,90.0,,
2026-06-12T17:11:31.267,1781277091,nicole,REACQUIRING,0.0,SEARCH,SCAN,SCAN,73.0,90.0,,
2026-06-12T17:11:31.483,1781277091,nicole,REACQUIRING,0.0,SEARCH,SCAN,SCAN,85.0,90.0,,
2026-06-12T17:11:31.690,1781277091,nicole,REACQUIRING,0.0,SEARCH,SCAN,SCAN,97.0,90.0,,
2026-06-12T17:11:31.967,1781277091,nicole,REACQUIRING,0.0,SEARCH,SCAN,SCAN,109.0,90.0,,
2026-06-12T17:11:32.203,1781277092,nicole,REACQUIRING,0.0,SEARCH,SCAN,SCAN,121.0,90.0,,
2026-06-12T17:11:32.503,1781277092,nicole,REACQUIRING,0.0,SEARCH,SCAN,SCAN,133.0,90.0,,
2026-06-12T17:11:32.794,1781277092,nicole,REACQUIRING,0.0,SEARCH,SCAN,SCAN,145.0,90.0,,
2026-06-12T17:11:33.096,1781277093,nicole,REACQUIRING,0.0,SEARCH,SCAN,SCAN,155.0,90.0,,
2026-06-12T17:11:33.377,1781277093,nicole,REACQUIRING,0.0,SEARCH,SCAN,SCAN,143.0,90.0,,
2026-06-12T17:11:33.587,1781277093,nicole,REACQUIRING,0.0,SEARCH,SCAN,SCAN,131.0,90.0,,
2026-06-12T17:11:33.795,1781277093,nicole,REACQUIRING,0.0,SEARCH,SCAN,SCAN,119.0,90.0,,
2026-06-12T17:11:33.997,1781277093,nicole,REACQUIRING,0.0,SEARCH,SCAN,SCAN,107.0,90.0,,
2026-06-12T17:11:34.282,1781277094,nicole,REACQUIRING,0.0,SEARCH,SCAN,SCAN,95.0,90.0,,
2026-06-12T17:11:34.495,1781277094,nicole,REACQUIRING,0.0,SEARCH,SCAN,SCAN,83.0,90.0,,
2026-06-12T17:11:35.500,1781277095,nicole,REACQUIRING,0.0,SEARCH,SCAN,SCAN,71.0,90.0,,
2026-06-12T17:11:35.706,1781277095,nicole,REACQUIRING,0.0,SEARCH,SCAN,SCAN,59.0,90.0,,
2026-06-12T17:11:35.914,1781277095,nicole,REACQUIRING,0.0,SEARCH,SCAN,SCAN,47.0,90.0,,
2026-06-12T17:11:36.221,1781277096,nicole,REACQUIRING,0.0,SEARCH,SCAN,SCAN,35.0,90.0,,
2026-06-12T17:11:36.438,1781277096,nicole,REACQUIRING,0.0,SEARCH,SCAN,SCAN,25.0,90.0,,
2026-06-12T17:11:36.719,1781277096,nicole,REACQUIRING,0.0,SEARCH,SCAN,SCAN,37.0,90.0,,
2026-06-12T17:11:37.009,1781277097,nicole,REACQUIRING,0.0,SEARCH,SCAN,SCAN,49.0,90.0,,
2026-06-12T17:11:37.209,1781277097,nicole,REACQUIRING,0.0,SEARCH,SCAN,SCAN,61.0,90.0,,
2026-06-12T17:11:37.504,1781277097,nicole,REACQUIRING,0.0,SEARCH,SCAN,SCAN,73.0,90.0,,
2026-06-12T17:11:37.706,1781277097,nicole,REACQUIRING,0.0,SEARCH,SCAN,SCAN,85.0,90.0,,
2026-06-12T17:11:38.003,1781277098,nicole,REACQUIRING,0.0,SEARCH,SCAN,SCAN,97.0,90.0,,
2026-06-12T17:11:38.216,1781277098,nicole,REACQUIRING,0.0,SEARCH,SCAN,SCAN,109.0,90.0,,
2026-06-12T17:11:38.507,1781277098,nicole,REACQUIRING,0.0,SEARCH,SCAN,SCAN,121.0,90.0,,
2026-06-12T17:11:38.714,1781277098,nicole,REACQUIRING,0.0,SEARCH,SCAN,SCAN,133.0,90.0,,
2026-06-12T17:11:38.917,1781277098,nicole,REACQUIRING,0.0,SEARCH,SCAN,SCAN,145.0,90.0,,
2026-06-12T17:11:39.131,1781277099,nicole,REACQUIRING,0.0,SEARCH,SCAN,SCAN,155.0,90.0,,
2026-06-12T17:11:39.434,1781277099,nicole,REACQUIRING,0.0,SEARCH,SCAN,SCAN,143.0,90.0,,
2026-06-12T17:11:39.728,1781277099,nicole,REACQUIRING,0.0,SEARCH,SCAN,SCAN,131.0,90.0,,
2026-06-12T17:11:40.041,1781277100,nicole,REACQUIRING,0.0,SEARCH,SCAN,SCAN,119.0,90.0,,
2026-06-12T17:11:40.311,1781277100,nicole,REACQUIRING,0.0,SEARCH,SCAN,SCAN,107.0,90.0,,
2026-06-12T17:11:40.533,1781277100,nicole,REACQUIRING,0.0,SEARCH,SCAN,SCAN,95.0,90.0,,
2026-06-12T17:11:40.740,1781277100,nicole,REACQUIRING,0.0,SEARCH,SCAN,SCAN,83.0,90.0,,
2026-06-12T17:11:41.018,1781277101,nicole,REACQUIRING,0.0,SEARCH,SCAN,SCAN,71.0,90.0,,
2026-06-12T17:11:41.242,1781277101,nicole,REACQUIRING,0.0,SEARCH,SCAN,SCAN,59.0,90.0,,
2026-06-12T17:11:41.450,1781277101,nicole,REACQUIRING,0.0,SEARCH,SCAN,SCAN,47.0,90.0,,
2026-06-12T17:11:41.737,1781277101,nicole,REACQUIRING,0.0,SEARCH,SCAN,SCAN,35.0,90.0,,
2026-06-12T17:11:42.027,1781277102,nicole,REACQUIRING,0.0,SEARCH,SCAN,SCAN,25.0,90.0,,
2026-06-12T17:11:42.250,1781277102,nicole,REACQUIRING,0.0,SEARCH,SCAN,SCAN,37.0,90.0,,
2026-06-12T17:11:42.549,1781277102,nicole,REACQUIRING,0.0,SEARCH,SCAN,SCAN,49.0,90.0,,
2026-06-12T17:11:42.861,1781277102,nicole,REACQUIRING,0.0,SEARCH,SCAN,SCAN,61.0,90.0,,
2026-06-12T17:11:43.154,1781277103,nicole,REACQUIRING,0.0,SEARCH,SCAN,SCAN,73.0,90.0,,
2026-06-12T17:11:43.441,1781277103,nicole,REACQUIRING,0.0,SEARCH,SCAN,SCAN,85.0,90.0,,
2026-06-12T17:11:43.662,1781277103,nicole,REACQUIRING,0.0,SEARCH,SCAN,SCAN,97.0,90.0,,
2026-06-12T17:11:43.863,1781277103,nicole,REACQUIRING,0.0,SEARCH,SCAN,SCAN,109.0,90.0,,
2026-06-12T17:11:44.138,1781277104,nicole,REACQUIRING,0.0,SEARCH,SCAN,SCAN,121.0,90.0,,
2026-06-12T17:11:44.351,1781277104,nicole,REACQUIRING,0.0,SEARCH,SCAN,SCAN,133.0,90.0,,
2026-06-12T17:11:44.559,1781277104,nicole,REACQUIRING,0.0,SEARCH,SCAN,SCAN,145.0,90.0,,
2026-06-12T17:11:44.861,1781277104,nicole,REACQUIRING,0.0,SEARCH,SCAN,SCAN,155.0,90.0,,
2026-06-12T17:11:45.148,1781277105,nicole,REACQUIRING,0.0,SEARCH,SCAN,SCAN,143.0,90.0,,
2026-06-12T17:11:45.362,1781277105,nicole,REACQUIRING,0.0,SEARCH,SCAN,SCAN,131.0,90.0,,
2026-06-12T17:11:45.665,1781277105,nicole,REACQUIRING,0.0,SEARCH,SCAN,SCAN,119.0,90.0,,
2026-06-12T17:11:45.974,1781277105,nicole,REACQUIRING,0.0,SEARCH,SCAN,SCAN,107.0,90.0,,
2026-06-12T17:11:46.274,1781277106,nicole,REACQUIRING,0.0,SEARCH,SCAN,SCAN,95.0,90.0,,
2026-06-12T17:11:46.572,1781277106,nicole,REACQUIRING,0.0,SEARCH,SCAN,SCAN,83.0,90.0,,
2026-06-12T17:11:46.778,1781277106,nicole,REACQUIRING,0.0,SEARCH,SCAN,SCAN,71.0,90.0,,
2026-06-12T17:11:46.981,1781277106,nicole,REACQUIRING,0.0,SEARCH,SCAN,SCAN,59.0,90.0,,
2026-06-12T17:11:47.269,1781277107,nicole,REACQUIRING,0.0,SEARCH,SCAN,SCAN,47.0,90.0,,
2026-06-12T17:11:47.482,1781277107,nicole,REACQUIRING,0.0,SEARCH,SCAN,SCAN,35.0,90.0,,
2026-06-12T17:11:47.689,1781277107,nicole,REACQUIRING,0.0,SEARCH,SCAN,SCAN,25.0,90.0,,
2026-06-12T17:11:47.964,1781277107,nicole,REACQUIRING,0.0,SEARCH,SCAN,SCAN,37.0,90.0,,
2026-06-12T17:11:48.170,1781277108,nicole,REACQUIRING,0.0,SEARCH,SCAN,SCAN,49.0,90.0,,
2026-06-12T17:11:48.393,1781277108,nicole,REACQUIRING,0.0,SEARCH,SCAN,SCAN,61.0,90.0,,
2026-06-12T17:11:48.675,1781277108,nicole,REACQUIRING,0.0,SEARCH,SCAN,SCAN,73.0,90.0,,
2026-06-12T17:11:48.886,1781277108,nicole,REACQUIRING,0.0,SEARCH,SCAN,SCAN,85.0,90.0,,
2026-06-12T17:11:49.095,1781277109,nicole,REACQUIRING,0.0,SEARCH,SCAN,SCAN,97.0,90.0,,
2026-06-12T17:11:49.374,1781277109,nicole,REACQUIRING,0.0,SEARCH,SCAN,SCAN,109.0,90.0,,
2026-06-12T17:11:49.594,1781277109,nicole,REACQUIRING,0.0,SEARCH,SCAN,SCAN,121.0,90.0,,
2026-06-12T17:11:49.801,1781277109,nicole,REACQUIRING,0.0,SEARCH,SCAN,SCAN,133.0,90.0,,
2026-06-12T17:11:50.090,1781277110,nicole,REACQUIRING,0.0,SEARCH,SCAN,SCAN,145.0,90.0,,
2026-06-12T17:11:50.290,1781277110,nicole,REACQUIRING,0.0,SEARCH,SCAN,SCAN,155.0,90.0,,
2026-06-12T17:11:50.506,1781277110,nicole,REACQUIRING,0.0,SEARCH,SCAN,SCAN,143.0,90.0,,
2026-06-12T17:11:50.808,1781277110,nicole,REACQUIRING,0.0,SEARCH,SCAN,SCAN,131.0,90.0,,
2026-06-12T17:11:51.100,1781277111,nicole,REACQUIRING,0.0,SEARCH,SCAN,SCAN,119.0,90.0,,
2026-06-12T17:11:51.400,1781277111,nicole,REACQUIRING,0.0,SEARCH,SCAN,SCAN,107.0,90.0,,
2026-06-12T17:11:51.602,1781277111,nicole,REACQUIRING,0.0,SEARCH,SCAN,SCAN,95.0,90.0,,
2026-06-12T17:11:51.901,1781277111,nicole,REACQUIRING,0.0,SEARCH,SCAN,SCAN,83.0,90.0,,
2026-06-12T17:11:52.215,1781277112,nicole,REACQUIRING,0.0,SEARCH,SCAN,SCAN,71.0,90.0,,
2026-06-12T17:11:52.503,1781277112,nicole,REACQUIRING,0.0,SEARCH,SCAN,SCAN,59.0,90.0,,
2026-06-12T17:11:52.808,1781277112,nicole,REACQUIRING,0.0,SEARCH,SCAN,SCAN,47.0,90.0,,
2026-06-12T17:11:53.035,1781277113,nicole,REACQUIRING,0.0,SEARCH,SCAN,SCAN,35.0,90.0,,
2026-06-12T17:11:53.330,1781277113,nicole,REACQUIRING,0.0,SEARCH,SCAN,SCAN,25.0,90.0,,
2026-06-12T17:11:53.630,1781277113,nicole,REACQUIRING,0.0,SEARCH,SCAN,SCAN,37.0,90.0,,
2026-06-12T17:11:53.922,1781277113,nicole,REACQUIRING,0.0,SEARCH,SCAN,SCAN,49.0,90.0,,
2026-06-12T17:11:54.224,1781277114,nicole,REACQUIRING,0.0,SEARCH,SCAN,SCAN,61.0,90.0,,
2026-06-12T17:11:54.434,1781277114,nicole,REACQUIRING,0.0,SEARCH,SCAN,SCAN,73.0,90.0,,
2026-06-12T17:11:54.642,1781277114,nicole,REACQUIRING,0.0,SEARCH,SCAN,SCAN,85.0,90.0,,
2026-06-12T17:11:54.845,1781277114,nicole,REACQUIRING,0.0,SEARCH,SCAN,SCAN,97.0,90.0,,
2026-06-12T17:11:55.121,1781277115,nicole,REACQUIRING,0.0,SEARCH,SCAN,SCAN,109.0,90.0,,
2026-06-12T17:11:55.414,1781277115,nicole,REACQUIRING,0.0,SEARCH,SCAN,SCAN,121.0,90.0,,
2026-06-12T17:11:55.619,1781277115,nicole,REACQUIRING,0.0,SEARCH,SCAN,SCAN,133.0,90.0,,
2026-06-12T17:11:55.823,1781277115,nicole,REACQUIRING,0.0,SEARCH,SCAN,SCAN,145.0,90.0,,
2026-06-12T17:11:56.042,1781277116,nicole,REACQUIRING,0.0,SEARCH,SCAN,SCAN,155.0,90.0,,
2026-06-12T17:11:56.322,1781277116,nicole,REACQUIRING,0.0,SEARCH,SCAN,SCAN,143.0,90.0,,
2026-06-12T17:11:56.523,1781277116,nicole,REACQUIRING,0.0,SEARCH,SCAN,SCAN,131.0,90.0,,
2026-06-12T17:11:56.738,1781277116,nicole,REACQUIRING,0.0,SEARCH,SCAN,SCAN,119.0,90.0,,
2026-06-12T17:11:57.031,1781277117,nicole,REACQUIRING,0.0,SEARCH,SCAN,SCAN,107.0,90.0,,
2026-06-12T17:11:57.238,1781277117,nicole,REACQUIRING,0.0,SEARCH,SCAN,SCAN,95.0,90.0,,
2026-06-12T17:11:57.531,1781277117,nicole,REACQUIRING,0.0,SEARCH,SCAN,SCAN,83.0,90.0,,
2026-06-12T17:11:57.738,1781277117,nicole,REACQUIRING,0.0,SEARCH,SCAN,SCAN,71.0,90.0,,
2026-06-12T17:11:58.031,1781277118,nicole,REACQUIRING,0.0,SEARCH,SCAN,SCAN,59.0,90.0,,
2026-06-12T17:11:58.239,1781277118,nicole,REACQUIRING,0.0,SEARCH,SCAN,SCAN,47.0,90.0,,
2026-06-12T17:11:58.442,1781277118,nicole,REACQUIRING,0.0,SEARCH,SCAN,SCAN,35.0,90.0,,
2026-06-12T17:11:58.740,1781277118,nicole,REACQUIRING,0.0,SEARCH,SCAN,SCAN,25.0,90.0,,
2026-06-12T17:11:58.945,1781277118,nicole,REACQUIRING,0.0,SEARCH,SCAN,SCAN,37.0,90.0,,
2026-06-12T17:11:59.147,1781277119,nicole,REACQUIRING,0.0,SEARCH,SCAN,SCAN,49.0,90.0,,
2026-06-12T17:11:59.353,1781277119,nicole,REACQUIRING,0.0,SEARCH,SCAN,SCAN,61.0,90.0,,
2026-06-12T17:11:59.554,1781277119,nicole,REACQUIRING,0.0,SEARCH,SCAN,SCAN,73.0,90.0,,
2026-06-12T17:11:59.855,1781277119,nicole,REACQUIRING,0.0,SEARCH,SCAN,SCAN,85.0,90.0,,
2026-06-12T17:12:00.057,1781277120,nicole,REACQUIRING,0.0,SEARCH,SCAN,SCAN,97.0,90.0,,
2026-06-12T17:12:00.356,1781277120,nicole,REACQUIRING,0.0,SEARCH,SCAN,SCAN,109.0,90.0,,
2026-06-12T17:12:00.568,1781277120,nicole,REACQUIRING,0.0,SEARCH,SCAN,SCAN,121.0,90.0,,
2026-06-12T17:12:00.857,1781277120,nicole,REACQUIRING,0.0,SEARCH,SCAN,SCAN,133.0,90.0,,
2026-06-12T17:12:01.063,1781277121,nicole,REACQUIRING,0.0,SEARCH,SCAN,SCAN,145.0,90.0,,
2026-06-12T17:12:01.264,1781277121,nicole,REACQUIRING,0.0,SEARCH,SCAN,SCAN,155.0,90.0,,
2026-06-12T17:12:01.550,1781277121,nicole,REACQUIRING,0.0,SEARCH,SCAN,SCAN,143.0,90.0,,
2026-06-12T17:12:01.769,1781277121,nicole,REACQUIRING,0.0,SEARCH,SCAN,SCAN,131.0,90.0,,
2026-06-12T17:12:01.977,1781277121,nicole,REACQUIRING,0.0,SEARCH,SCAN,SCAN,119.0,90.0,,
2026-06-12T17:12:02.252,1781277122,nicole,REACQUIRING,0.0,SEARCH,SCAN,SCAN,107.0,90.0,,
2026-06-12T17:12:02.454,1781277122,nicole,REACQUIRING,0.0,SEARCH,SCAN,SCAN,95.0,90.0,,
2026-06-12T17:12:02.678,1781277122,nicole,REACQUIRING,0.0,SEARCH,SCAN,SCAN,83.0,90.0,,
2026-06-12T17:12:02.972,1781277122,nicole,REACQUIRING,0.0,SEARCH,SCAN,SCAN,71.0,90.0,,
2026-06-12T17:12:03.173,1781277123,nicole,REACQUIRING,0.0,SEARCH,SCAN,SCAN,59.0,90.0,,
2026-06-12T17:12:03.463,1781277123,nicole,REACQUIRING,0.0,SEARCH,SCAN,SCAN,47.0,90.0,,
2026-06-12T17:12:03.682,1781277123,nicole,REACQUIRING,0.0,SEARCH,SCAN,SCAN,35.0,90.0,,
2026-06-12T17:12:03.970,1781277123,nicole,REACQUIRING,0.0,SEARCH,SCAN,SCAN,25.0,90.0,,
2026-06-12T17:12:04.172,1781277124,nicole,REACQUIRING,0.0,SEARCH,SCAN,SCAN,37.0,90.0,,
2026-06-12T17:12:04.385,1781277124,nicole,REACQUIRING,0.0,SEARCH,SCAN,SCAN,49.0,90.0,,
2026-06-12T17:12:04.673,1781277124,nicole,REACQUIRING,0.0,SEARCH,SCAN,SCAN,61.0,90.0,,
2026-06-12T17:12:04.881,1781277124,nicole,REACQUIRING,0.0,SEARCH,SCAN,SCAN,73.0,90.0,,
2026-06-12T17:12:05.087,1781277125,nicole,REACQUIRING,0.0,SEARCH,SCAN,SCAN,85.0,90.0,,
2026-06-12T17:12:05.385,1781277125,nicole,REACQUIRING,0.0,SEARCH,SCAN,SCAN,97.0,90.0,,
2026-06-12T17:12:05.592,1781277125,nicole,REACQUIRING,0.0,SEARCH,SCAN,SCAN,109.0,90.0,,
2026-06-12T17:12:05.799,1781277125,nicole,REACQUIRING,0.0,SEARCH,SCAN,SCAN,121.0,90.0,,
2026-06-12T17:12:06.076,1781277126,nicole,REACQUIRING,0.0,SEARCH,SCAN,SCAN,133.0,90.0,,
2026-06-12T17:12:06.300,1781277126,nicole,REACQUIRING,0.0,SEARCH,SCAN,SCAN,145.0,90.0,,
2026-06-12T17:12:06.516,1781277126,nicole,REACQUIRING,0.0,SEARCH,SCAN,SCAN,155.0,90.0,,
2026-06-12T17:12:06.802,1781277126,nicole,REACQUIRING,0.0,SEARCH,SCAN,SCAN,143.0,90.0,,
2026-06-12T17:12:07.007,1781277127,nicole,REACQUIRING,0.0,SEARCH,SCAN,SCAN,131.0,90.0,,
2026-06-12T17:12:07.307,1781277127,nicole,REACQUIRING,0.0,SEARCH,SCAN,SCAN,119.0,90.0,,
2026-06-12T17:12:07.509,1781277127,nicole,REACQUIRING,0.0,SEARCH,SCAN,SCAN,107.0,90.0,,
2026-06-12T17:12:07.712,1781277127,nicole,REACQUIRING,0.0,SEARCH,SCAN,SCAN,95.0,90.0,,
2026-06-12T17:12:08.015,1781277128,nicole,REACQUIRING,0.0,SEARCH,SCAN,SCAN,83.0,90.0,,
2026-06-12T17:12:08.310,1781277128,nicole,REACQUIRING,0.0,SEARCH,SCAN,SCAN,71.0,90.0,,
2026-06-12T17:12:08.602,1781277128,nicole,REACQUIRING,0.0,SEARCH,SCAN,SCAN,59.0,90.0,,
2026-06-12T17:12:08.817,1781277128,nicole,REACQUIRING,0.0,SEARCH,SCAN,SCAN,47.0,90.0,,
2026-06-12T17:12:09.019,1781277129,nicole,REACQUIRING,0.0,SEARCH,SCAN,SCAN,35.0,90.0,,
2026-06-12T17:12:09.314,1781277129,nicole,REACQUIRING,0.0,SEARCH,SCAN,SCAN,25.0,90.0,,
2026-06-12T17:12:09.621,1781277129,nicole,REACQUIRING,0.0,SEARCH,SCAN,SCAN,37.0,90.0,,
2026-06-12T17:12:09.903,1781277129,nicole,REACQUIRING,0.0,SEARCH,SCAN,SCAN,49.0,90.0,,
2026-06-12T17:12:10.120,1781277130,nicole,REACQUIRING,0.0,SEARCH,SCAN,SCAN,61.0,90.0,,
2026-06-12T17:12:10.414,1781277130,nicole,REACQUIRING,0.0,SEARCH,SCAN,SCAN,73.0,90.0,,
2026-06-12T17:12:10.726,1781277130,nicole,REACQUIRING,0.0,SEARCH,SCAN,SCAN,85.0,90.0,,
2026-06-12T17:12:10.926,1781277130,nicole,REACQUIRING,0.0,SEARCH,SCAN,SCAN,97.0,90.0,,
2026-06-12T17:12:11.131,1781277131,nicole,REACQUIRING,0.0,SEARCH,SCAN,SCAN,109.0,90.0,,
2026-06-12T17:12:11.427,1781277131,nicole,REACQUIRING,0.0,SEARCH,SCAN,SCAN,121.0,90.0,,
2026-06-12T17:12:11.814,1781277131,nicole,REACQUIRING,0.0,SEARCH,SCAN,SCAN,133.0,90.0,,
2026-06-12T17:12:12.026,1781277132,nicole,REACQUIRING,0.0,SEARCH,SCAN,SCAN,145.0,90.0,,
2026-06-12T17:12:12.226,1781277132,nicole,REACQUIRING,0.0,SEARCH,SCAN,SCAN,155.0,90.0,,
2026-06-12T17:12:12.428,1781277132,nicole,REACQUIRING,0.0,SEARCH,SCAN,SCAN,143.0,90.0,,
2026-06-12T17:12:12.634,1781277132,nicole,REACQUIRING,0.0,SEARCH,SCAN,SCAN,131.0,90.0,,
2026-06-12T17:12:12.836,1781277132,nicole,REACQUIRING,0.0,SEARCH,SCAN,SCAN,119.0,90.0,,
2026-06-12T17:12:13.232,1781277133,nicole,REACQUIRING,0.0,SEARCH,SCAN,SCAN,107.0,90.0,,
2026-06-12T17:12:13.623,1781277133,nicole,REACQUIRING,0.0,SEARCH,SCAN,SCAN,95.0,90.0,,
2026-06-12T17:12:13.831,1781277133,nicole,REACQUIRING,0.0,SEARCH,SCAN,SCAN,83.0,90.0,,
2026-06-12T17:12:14.033,1781277134,nicole,REACQUIRING,0.0,SEARCH,SCAN,SCAN,71.0,90.0,,
2026-06-12T17:12:14.433,1781277134,nicole,REACQUIRING,0.0,SEARCH,SCAN,SCAN,59.0,90.0,,
2026-06-12T17:12:14.843,1781277134,nicole,REACQUIRING,0.0,SEARCH,SCAN,SCAN,47.0,90.0,,
2026-06-12T17:12:15.222,1781277135,nicole,REACQUIRING,0.0,SEARCH,SCAN,SCAN,35.0,90.0,,
2026-06-12T17:12:15.443,1781277135,nicole,REACQUIRING,0.0,SEARCH,SCAN,SCAN,25.0,90.0,,
2026-06-12T17:12:15.841,1781277135,nicole,REACQUIRING,0.0,SEARCH,SCAN,SCAN,37.0,90.0,,
2026-06-12T17:12:16.240,1781277136,nicole,REACQUIRING,0.0,SEARCH,SCAN,SCAN,49.0,90.0,,
2026-06-12T17:12:16.646,1781277136,nicole,REACQUIRING,0.0,SEARCH,SCAN,SCAN,61.0,90.0,,
2026-06-12T17:12:17.040,1781277137,nicole,REACQUIRING,0.0,SEARCH,SCAN,SCAN,73.0,90.0,,
2026-06-12T17:12:17.243,1781277137,nicole,REACQUIRING,0.0,SEARCH,SCAN,SCAN,85.0,90.0,,
2026-06-12T17:12:17.642,1781277137,nicole,REACQUIRING,0.0,SEARCH,SCAN,SCAN,97.0,90.0,,
2026-06-12T17:12:18.053,1781277138,nicole,REACQUIRING,0.0,SEARCH,SCAN,SCAN,109.0,90.0,,
2026-06-12T17:12:18.438,1781277138,nicole,REACQUIRING,0.0,SEARCH,SCAN,SCAN,121.0,90.0,,
2026-06-12T17:12:18.650,1781277138,nicole,REACQUIRING,0.0,SEARCH,SCAN,SCAN,133.0,90.0,,
2026-06-12T17:12:19.036,1781277139,nicole,REACQUIRING,0.0,SEARCH,SCAN,SCAN,145.0,90.0,,
2026-06-12T17:12:19.249,1781277139,nicole,REACQUIRING,0.0,SEARCH,SCAN,SCAN,155.0,90.0,,
2026-06-12T17:12:19.653,1781277139,nicole,REACQUIRING,0.0,SEARCH,SCAN,SCAN,143.0,90.0,,
2026-06-12T17:12:20.058,1781277140,nicole,REACQUIRING,0.0,SEARCH,SCAN,SCAN,131.0,90.0,,
2026-06-12T17:12:20.444,1781277140,nicole,REACQUIRING,0.0,SEARCH,SCAN,SCAN,119.0,90.0,,
2026-06-12T17:12:20.656,1781277140,nicole,REACQUIRING,0.0,SEARCH,SCAN,SCAN,107.0,90.0,,
2026-06-12T17:12:21.056,1781277141,nicole,REACQUIRING,0.0,SEARCH,SCAN,SCAN,95.0,90.0,,
2026-06-12T17:12:21.448,1781277141,nicole,REACQUIRING,0.0,SEARCH,SCAN,SCAN,83.0,90.0,,
2026-06-12T17:12:21.653,1781277141,nicole,REACQUIRING,0.0,SEARCH,SCAN,SCAN,71.0,90.0,,
2026-06-12T17:12:21.857,1781277141,nicole,REACQUIRING,0.0,SEARCH,SCAN,SCAN,59.0,90.0,,
2026-06-12T17:12:22.249,1781277142,nicole,REACQUIRING,0.0,SEARCH,SCAN,SCAN,47.0,90.0,,
2026-06-12T17:12:22.655,1781277142,nicole,REACQUIRING,0.0,SEARCH,SCAN,SCAN,35.0,90.0,,
2026-06-12T17:12:23.061,1781277143,nicole,REACQUIRING,0.0,SEARCH,SCAN,SCAN,25.0,90.0,,
2026-06-12T17:12:23.454,1781277143,nicole,REACQUIRING,0.0,SEARCH,SCAN,SCAN,37.0,90.0,,
2026-06-12T17:12:23.662,1781277143,nicole,REACQUIRING,0.0,SEARCH,SCAN,SCAN,49.0,90.0,,
2026-06-12T17:12:23.869,1781277143,nicole,REACQUIRING,0.0,SEARCH,SCAN,SCAN,61.0,90.0,,
2026-06-12T17:12:24.257,1781277144,nicole,REACQUIRING,0.0,SEARCH,SCAN,SCAN,73.0,90.0,,
2026-06-12T17:12:24.465,1781277144,nicole,REACQUIRING,0.0,SEARCH,SCAN,SCAN,85.0,90.0,,
2026-06-12T17:12:24.867,1781277144,nicole,REACQUIRING,0.0,SEARCH,SCAN,SCAN,97.0,90.0,,
2026-06-12T17:12:25.257,1781277145,nicole,REACQUIRING,0.0,SEARCH,SCAN,SCAN,109.0,90.0,,
2026-06-12T17:12:25.663,1781277145,nicole,REACQUIRING,0.0,SEARCH,SCAN,SCAN,121.0,90.0,,
2026-06-12T17:12:26.067,1781277146,nicole,REACQUIRING,0.0,SEARCH,SCAN,SCAN,133.0,90.0,,
2026-06-12T17:12:26.274,1781277146,nicole,REACQUIRING,0.0,SEARCH,SCAN,SCAN,145.0,90.0,,
2026-06-12T17:12:26.681,1781277146,nicole,REACQUIRING,0.0,SEARCH,SCAN,SCAN,155.0,90.0,,
2026-06-12T17:12:27.080,1781277147,nicole,REACQUIRING,0.0,SEARCH,SCAN,SCAN,143.0,90.0,,
2026-06-12T17:12:27.471,1781277147,nicole,REACQUIRING,0.0,SEARCH,SCAN,SCAN,131.0,90.0,,
2026-06-12T17:12:27.871,1781277147,nicole,REACQUIRING,0.0,SEARCH,SCAN,SCAN,119.0,90.0,,
2026-06-12T17:12:28.268,1781277148,nicole,REACQUIRING,0.0,SEARCH,SCAN,SCAN,107.0,90.0,,
2026-06-12T17:12:28.470,1781277148,nicole,REACQUIRING,0.0,SEARCH,SCAN,SCAN,95.0,90.0,,
2026-06-12T17:12:28.862,1781277148,nicole,REACQUIRING,0.0,SEARCH,SCAN,SCAN,83.0,90.0,,
2026-06-12T17:12:29.074,1781277149,nicole,REACQUIRING,0.0,SEARCH,SCAN,SCAN,71.0,90.0,,
2026-06-12T17:12:29.283,1781277149,nicole,REACQUIRING,0.0,SEARCH,SCAN,SCAN,59.0,90.0,,
2026-06-12T17:12:29.668,1781277149,nicole,REACQUIRING,0.0,SEARCH,SCAN,SCAN,47.0,90.0,,
2026-06-12T17:12:29.877,1781277149,nicole,REACQUIRING,0.0,SEARCH,SCAN,SCAN,35.0,90.0,,
2026-06-12T17:12:30.083,1781277150,nicole,REACQUIRING,0.0,SEARCH,SCAN,SCAN,25.0,90.0,,
2026-06-12T17:12:30.477,1781277150,nicole,REACQUIRING,0.0,SEARCH,SCAN,SCAN,37.0,90.0,,
2026-06-12T17:12:30.881,1781277150,nicole,REACQUIRING,0.0,SEARCH,SCAN,SCAN,49.0,90.0,,
2026-06-12T17:12:31.280,1781277151,nicole,REACQUIRING,0.0,SEARCH,SCAN,SCAN,61.0,90.0,,
2026-06-12T17:12:31.685,1781277151,nicole,REACQUIRING,0.0,SEARCH,SCAN,SCAN,73.0,90.0,,
2026-06-12T17:12:32.083,1781277152,nicole,REACQUIRING,0.0,SEARCH,SCAN,SCAN,85.0,90.0,,
2026-06-12T17:12:32.288,1781277152,nicole,REACQUIRING,0.0,SEARCH,SCAN,SCAN,97.0,90.0,,
2026-06-12T17:12:32.690,1781277152,nicole,REACQUIRING,0.0,SEARCH,SCAN,SCAN,109.0,90.0,,
2026-06-12T17:12:33.088,1781277153,nicole,REACQUIRING,0.0,SEARCH,SCAN,SCAN,121.0,90.0,,
2026-06-12T17:12:33.497,1781277153,nicole,REACQUIRING,0.0,SEARCH,SCAN,SCAN,133.0,90.0,,
2026-06-12T17:12:33.893,1781277153,nicole,REACQUIRING,0.0,SEARCH,SCAN,SCAN,145.0,90.0,,
2026-06-12T17:12:34.282,1781277154,nicole,REACQUIRING,0.0,SEARCH,SCAN,SCAN,155.0,90.0,,
2026-06-12T17:12:34.505,1781277154,nicole,REACQUIRING,0.0,SEARCH,SCAN,SCAN,143.0,90.0,,
2026-06-12T17:12:34.899,1781277154,nicole,REACQUIRING,0.0,SEARCH,SCAN,SCAN,131.0,90.0,,
2026-06-12T17:12:35.306,1781277155,nicole,REACQUIRING,0.0,SEARCH,SCAN,SCAN,119.0,90.0,,
2026-06-12T17:12:35.698,1781277155,nicole,REACQUIRING,0.0,SEARCH,SCAN,SCAN,107.0,90.0,,
2026-06-12T17:12:36.101,1781277156,nicole,REACQUIRING,0.0,SEARCH,SCAN,SCAN,95.0,90.0,,
2026-06-12T17:12:36.486,1781277156,nicole,REACQUIRING,0.0,SEARCH,SCAN,SCAN,83.0,90.0,,
2026-06-12T17:12:36.891,1781277156,nicole,REACQUIRING,0.0,SEARCH,SCAN,SCAN,71.0,90.0,,
2026-06-12T17:12:37.114,1781277157,nicole,REACQUIRING,0.0,SEARCH,SCAN,SCAN,59.0,90.0,,
2026-06-12T17:12:37.506,1781277157,nicole,REACQUIRING,0.0,SEARCH,SCAN,SCAN,47.0,90.0,,
2026-06-12T17:12:37.903,1781277157,nicole,REACQUIRING,0.0,SEARCH,SCAN,SCAN,35.0,90.0,,
2026-06-12T17:12:38.304,1781277158,nicole,REACQUIRING,0.0,SEARCH,SCAN,SCAN,25.0,90.0,,
2026-06-12T17:12:38.708,1781277158,nicole,REACQUIRING,0.0,SEARCH,SCAN,SCAN,37.0,90.0,,
2026-06-12T17:12:39.106,1781277159,nicole,REACQUIRING,0.0,SEARCH,SCAN,SCAN,49.0,90.0,,
2026-06-12T17:12:39.493,1781277159,nicole,REACQUIRING,0.0,SEARCH,SCAN,SCAN,61.0,90.0,,
2026-06-12T17:12:39.716,1781277159,nicole,REACQUIRING,0.0,SEARCH,SCAN,SCAN,73.0,90.0,,
2026-06-12T17:12:40.122,1781277160,nicole,REACQUIRING,0.0,SEARCH,SCAN,SCAN,85.0,90.0,,
2026-06-12T17:12:40.513,1781277160,nicole,REACQUIRING,0.0,SEARCH,SCAN,SCAN,97.0,90.0,,
2026-06-12T17:12:40.918,1781277160,nicole,REACQUIRING,0.0,SEARCH,SCAN,SCAN,109.0,90.0,,
2026-06-12T17:12:41.315,1781277161,nicole,REACQUIRING,0.0,SEARCH,SCAN,SCAN,121.0,90.0,,
2026-06-12T17:12:41.709,1781277161,nicole,REACQUIRING,0.0,SEARCH,SCAN,SCAN,133.0,90.0,,
2026-06-12T17:12:42.112,1781277162,nicole,REACQUIRING,0.0,SEARCH,SCAN,SCAN,145.0,90.0,,
2026-06-12T17:12:42.500,1781277162,nicole,REACQUIRING,0.0,SEARCH,SCAN,SCAN,155.0,90.0,,
2026-06-12T17:12:42.722,1781277162,nicole,REACQUIRING,0.0,SEARCH,SCAN,SCAN,143.0,90.0,,
2026-06-12T17:12:43.127,1781277163,nicole,REACQUIRING,0.0,SEARCH,SCAN,SCAN,131.0,90.0,,
2026-06-12T17:12:43.521,1781277163,nicole,REACQUIRING,0.0,SEARCH,SCAN,SCAN,119.0,90.0,,
2026-06-12T17:12:43.825,1781277163,nicole,REACQUIRING,0.0,SEARCH,SCAN,SCAN,107.0,90.0,,
2026-06-12T17:12:44.028,1781277164,nicole,REACQUIRING,0.0,SEARCH,SCAN,SCAN,95.0,90.0,,
2026-06-12T17:12:44.228,1781277164,nicole,REACQUIRING,0.0,SEARCH,SCAN,SCAN,83.0,90.0,,
2026-06-12T17:12:44.516,1781277164,nicole,REACQUIRING,0.0,SEARCH,SCAN,SCAN,71.0,90.0,,
2026-06-12T17:12:44.728,1781277164,nicole,REACQUIRING,0.0,SEARCH,SCAN,SCAN,59.0,90.0,,
2026-06-12T17:12:44.935,1781277164,nicole,REACQUIRING,0.0,SEARCH,SCAN,SCAN,47.0,90.0,,
2026-06-12T17:12:45.231,1781277165,nicole,REACQUIRING,0.0,SEARCH,SCAN,SCAN,35.0,90.0,,
2026-06-12T17:12:45.519,1781277165,nicole,REACQUIRING,0.0,SEARCH,SCAN,SCAN,25.0,90.0,,
2026-06-12T17:12:45.732,1781277165,nicole,REACQUIRING,0.0,SEARCH,SCAN,SCAN,37.0,90.0,,
2026-06-12T17:12:45.938,1781277165,nicole,REACQUIRING,0.0,SEARCH,SCAN,SCAN,49.0,90.0,,
2026-06-12T17:12:46.138,1781277166,nicole,REACQUIRING,0.0,SEARCH,SCAN,SCAN,61.0,90.0,,
2026-06-12T17:12:46.340,1781277166,nicole,REACQUIRING,0.0,SEARCH,SCAN,SCAN,73.0,90.0,,
2026-06-12T17:12:46.650,1781277166,nicole,REACQUIRING,0.0,SEARCH,SCAN,SCAN,85.0,90.0,,
2026-06-12T17:12:46.926,1781277166,nicole,REACQUIRING,0.0,SEARCH,SCAN,SCAN,97.0,90.0,,
2026-06-12T17:12:47.134,1781277167,nicole,REACQUIRING,0.0,SEARCH,SCAN,SCAN,109.0,90.0,,
2026-06-12T17:12:47.348,1781277167,nicole,REACQUIRING,0.0,SEARCH,SCAN,SCAN,121.0,90.0,,
2026-06-12T17:12:47.635,1781277167,nicole,REACQUIRING,0.0,SEARCH,SCAN,SCAN,133.0,90.0,,
2026-06-12T17:12:47.848,1781277167,nicole,REACQUIRING,0.0,SEARCH,SCAN,SCAN,145.0,90.0,,
2026-06-12T17:12:48.149,1781277168,nicole,REACQUIRING,0.0,SEARCH,SCAN,SCAN,155.0,90.0,,
2026-06-12T17:12:48.446,1781277168,nicole,REACQUIRING,0.0,SEARCH,SCAN,SCAN,143.0,90.0,,
2026-06-12T17:12:48.754,1781277168,nicole,REACQUIRING,0.0,SEARCH,SCAN,SCAN,131.0,90.0,,
2026-06-12T17:12:49.048,1781277169,nicole,REACQUIRING,0.0,SEARCH,SCAN,SCAN,119.0,90.0,,
2026-06-12T17:12:49.248,1781277169,nicole,REACQUIRING,0.0,SEARCH,SCAN,SCAN,107.0,90.0,,
2026-06-12T17:12:49.560,1781277169,nicole,REACQUIRING,0.0,SEARCH,SCAN,SCAN,95.0,90.0,,
2026-06-12T17:12:49.949,1781277169,nicole,REACQUIRING,0.0,SEARCH,SCAN,SCAN,83.0,90.0,,
2026-06-12T17:12:50.161,1781277170,nicole,REACQUIRING,0.0,SEARCH,SCAN,SCAN,71.0,90.0,,
2026-06-12T17:12:50.362,1781277170,nicole,REACQUIRING,0.0,SEARCH,SCAN,SCAN,59.0,90.0,,
2026-06-12T17:12:50.567,1781277170,nicole,REACQUIRING,0.0,SEARCH,SCAN,SCAN,47.0,90.0,,
2026-06-12T17:12:50.967,1781277170,nicole,REACQUIRING,0.0,SEARCH,SCAN,SCAN,35.0,90.0,,
2026-06-12T17:12:51.348,1781277171,nicole,REACQUIRING,0.0,SEARCH,SCAN,SCAN,25.0,90.0,,
2026-06-12T17:12:51.550,1781277171,nicole,REACQUIRING,0.0,SEARCH,SCAN,SCAN,37.0,90.0,,
2026-06-12T17:12:51.756,1781277171,nicole,REACQUIRING,0.0,SEARCH,SCAN,SCAN,49.0,90.0,,
2026-06-12T17:12:51.965,1781277171,nicole,REACQUIRING,0.0,SEARCH,SCAN,SCAN,61.0,90.0,,
2026-06-12T17:12:52.257,1781277172,nicole,REACQUIRING,0.0,SEARCH,SCAN,SCAN,73.0,90.0,,
2026-06-12T17:12:52.464,1781277172,nicole,REACQUIRING,0.0,SEARCH,SCAN,SCAN,85.0,90.0,,
2026-06-12T17:12:52.673,1781277172,nicole,REACQUIRING,0.0,SEARCH,SCAN,SCAN,97.0,90.0,,
2026-06-12T17:12:52.965,1781277172,nicole,REACQUIRING,0.0,SEARCH,SCAN,SCAN,109.0,90.0,,
2026-06-12T17:12:53.174,1781277173,nicole,REACQUIRING,0.0,SEARCH,SCAN,SCAN,121.0,90.0,,
2026-06-12T17:12:53.466,1781277173,nicole,REACQUIRING,0.0,SEARCH,SCAN,SCAN,133.0,90.0,,
2026-06-12T17:12:53.776,1781277173,nicole,REACQUIRING,0.0,SEARCH,SCAN,SCAN,145.0,90.0,,
2026-06-12T17:12:54.071,1781277174,nicole,REACQUIRING,0.0,SEARCH,SCAN,SCAN,155.0,90.0,,
2026-06-12T17:12:54.280,1781277174,nicole,REACQUIRING,0.0,SEARCH,SCAN,SCAN,143.0,90.0,,
2026-06-12T17:12:54.487,1781277174,nicole,REACQUIRING,0.0,SEARCH,SCAN,SCAN,131.0,90.0,,
2026-06-12T17:12:54.763,1781277174,nicole,REACQUIRING,0.0,SEARCH,SCAN,SCAN,119.0,90.0,,
2026-06-12T17:12:54.970,1781277174,nicole,REACQUIRING,0.0,SEARCH,SCAN,SCAN,107.0,90.0,,
2026-06-12T17:12:55.185,1781277175,nicole,REACQUIRING,0.0,SEARCH,SCAN,SCAN,95.0,90.0,,
2026-06-12T17:12:55.390,1781277175,nicole,REACQUIRING,0.0,SEARCH,SCAN,SCAN,83.0,90.0,,
2026-06-12T17:12:55.682,1781277175,nicole,REACQUIRING,0.0,SEARCH,SCAN,SCAN,71.0,90.0,,
2026-06-12T17:12:55.895,1781277175,nicole,REACQUIRING,0.0,SEARCH,SCAN,SCAN,59.0,90.0,,
2026-06-12T17:12:56.196,1781277176,nicole,REACQUIRING,0.0,SEARCH,SCAN,SCAN,47.0,90.0,,
2026-06-12T17:12:56.478,1781277176,nicole,REACQUIRING,0.0,SEARCH,SCAN,SCAN,35.0,90.0,,
2026-06-12T17:12:56.692,1781277176,nicole,REACQUIRING,0.0,SEARCH,SCAN,SCAN,25.0,90.0,,
2026-06-12T17:12:56.897,1781277176,nicole,REACQUIRING,0.0,SEARCH,SCAN,SCAN,37.0,90.0,,
2026-06-12T17:12:57.179,1781277177,nicole,REACQUIRING,0.0,SEARCH,SCAN,SCAN,49.0,90.0,,
2026-06-12T17:12:57.397,1781277177,nicole,REACQUIRING,0.0,SEARCH,SCAN,SCAN,61.0,90.0,,
2026-06-12T17:12:57.606,1781277177,nicole,REACQUIRING,0.0,SEARCH,SCAN,SCAN,73.0,90.0,,
2026-06-12T17:12:57.888,1781277177,nicole,REACQUIRING,0.0,SEARCH,SCAN,SCAN,85.0,90.0,,
2026-06-12T17:12:58.102,1781277178,nicole,REACQUIRING,0.0,SEARCH,SCAN,SCAN,97.0,90.0,,
2026-06-12T17:12:58.304,1781277178,nicole,REACQUIRING,0.0,SEARCH,SCAN,SCAN,109.0,90.0,,
2026-06-12T17:12:58.505,1781277178,nicole,REACQUIRING,0.0,SEARCH,SCAN,SCAN,121.0,90.0,,
2026-06-12T17:12:58.709,1781277178,nicole,REACQUIRING,0.0,SEARCH,SCAN,SCAN,133.0,90.0,,
2026-06-12T17:12:59.016,1781277179,nicole,REACQUIRING,0.0,SEARCH,SCAN,SCAN,145.0,90.0,,
2026-06-12T17:12:59.303,1781277179,nicole,REACQUIRING,0.0,SEARCH,SCAN,SCAN,155.0,90.0,,
2026-06-12T17:12:59.505,1781277179,nicole,REACQUIRING,0.0,SEARCH,SCAN,SCAN,143.0,90.0,,
2026-06-12T17:12:59.798,1781277179,nicole,REACQUIRING,0.0,SEARCH,SCAN,SCAN,131.0,90.0,,
2026-06-12T17:13:00.017,1781277180,nicole,REACQUIRING,0.0,SEARCH,SCAN,SCAN,119.0,90.0,,
2026-06-12T17:13:00.304,1781277180,nicole,REACQUIRING,0.0,SEARCH,SCAN,SCAN,107.0,90.0,,
2026-06-12T17:13:00.518,1781277180,nicole,REACQUIRING,0.0,SEARCH,SCAN,SCAN,95.0,90.0,,
2026-06-12T17:13:00.804,1781277180,nicole,REACQUIRING,0.0,SEARCH,SCAN,SCAN,83.0,90.0,,
2026-06-12T17:13:01.120,1781277181,nicole,REACQUIRING,0.0,SEARCH,SCAN,SCAN,71.0,90.0,,
2026-06-12T17:13:01.320,1781277181,nicole,REACQUIRING,0.0,SEARCH,SCAN,SCAN,59.0,90.0,,
2026-06-12T17:13:01.527,1781277181,nicole,REACQUIRING,0.0,SEARCH,SCAN,SCAN,47.0,90.0,,
2026-06-12T17:13:01.823,1781277181,nicole,REACQUIRING,0.0,SEARCH,SCAN,SCAN,35.0,90.0,,
2026-06-12T17:13:02.130,1781277182,nicole,REACQUIRING,0.0,SEARCH,SCAN,SCAN,25.0,90.0,,
2026-06-12T17:13:02.411,1781277182,nicole,REACQUIRING,0.0,SEARCH,SCAN,SCAN,37.0,90.0,,
2026-06-12T17:13:02.617,1781277182,nicole,REACQUIRING,0.0,SEARCH,SCAN,SCAN,49.0,90.0,,
2026-06-12T17:13:02.828,1781277182,nicole,REACQUIRING,0.0,SEARCH,SCAN,SCAN,61.0,90.0,,
2026-06-12T17:13:03.112,1781277183,nicole,REACQUIRING,0.0,SEARCH,SCAN,SCAN,73.0,90.0,,
2026-06-12T17:13:03.317,1781277183,nicole,REACQUIRING,0.0,SEARCH,SCAN,SCAN,85.0,90.0,,
2026-06-12T17:13:03.528,1781277183,nicole,REACQUIRING,0.0,SEARCH,SCAN,SCAN,97.0,90.0,,
2026-06-12T17:13:03.836,1781277183,nicole,REACQUIRING,0.0,SEARCH,SCAN,SCAN,109.0,90.0,,
2026-06-12T17:13:04.122,1781277184,nicole,REACQUIRING,0.0,SEARCH,SCAN,SCAN,121.0,90.0,,
2026-06-12T17:13:04.329,1781277184,nicole,REACQUIRING,0.0,SEARCH,SCAN,SCAN,133.0,90.0,,
2026-06-12T17:13:04.552,1781277184,nicole,REACQUIRING,0.0,SEARCH,SCAN,SCAN,145.0,90.0,,
2026-06-12T17:13:04.835,1781277184,nicole,REACQUIRING,0.0,SEARCH,SCAN,SCAN,155.0,90.0,,
2026-06-12T17:13:05.053,1781277185,nicole,REACQUIRING,0.0,SEARCH,SCAN,SCAN,143.0,90.0,,
2026-06-12T17:13:05.346,1781277185,nicole,REACQUIRING,0.0,SEARCH,SCAN,SCAN,131.0,90.0,,
2026-06-12T17:13:05.651,1781277185,nicole,REACQUIRING,0.0,SEARCH,SCAN,SCAN,119.0,90.0,,
2026-06-12T17:13:05.955,1781277185,nicole,REACQUIRING,0.0,SEARCH,SCAN,SCAN,107.0,90.0,,
2026-06-12T17:13:06.237,1781277186,nicole,REACQUIRING,0.0,SEARCH,SCAN,SCAN,95.0,90.0,,
2026-06-12T17:13:06.450,1781277186,nicole,REACQUIRING,0.0,SEARCH,SCAN,SCAN,83.0,90.0,,
2026-06-12T17:13:06.652,1781277186,nicole,REACQUIRING,0.0,SEARCH,SCAN,SCAN,71.0,90.0,,
2026-06-12T17:13:06.859,1781277186,nicole,REACQUIRING,0.0,SEARCH,SCAN,SCAN,59.0,90.0,,
2026-06-12T17:13:07.146,1781277187,nicole,REACQUIRING,0.0,SEARCH,SCAN,SCAN,47.0,90.0,,
2026-06-12T17:13:07.354,1781277187,nicole,REACQUIRING,0.0,SEARCH,SCAN,SCAN,35.0,90.0,,
2026-06-12T17:13:07.648,1781277187,nicole,REACQUIRING,0.0,SEARCH,SCAN,SCAN,25.0,90.0,,
2026-06-12T17:13:07.863,1781277187,nicole,REACQUIRING,0.0,SEARCH,SCAN,SCAN,37.0,90.0,,
2026-06-12T17:13:08.165,1781277188,nicole,REACQUIRING,0.0,SEARCH,SCAN,SCAN,49.0,90.0,,
2026-06-12T17:13:08.371,1781277188,nicole,REACQUIRING,0.0,SEARCH,SCAN,SCAN,61.0,90.0,,
2026-06-12T17:13:08.661,1781277188,nicole,REACQUIRING,0.0,SEARCH,SCAN,SCAN,73.0,90.0,,
2026-06-12T17:13:08.866,1781277188,nicole,REACQUIRING,0.0,SEARCH,SCAN,SCAN,85.0,90.0,,
2026-06-12T17:13:09.267,1781277189,nicole,REACQUIRING,0.0,SEARCH,SCAN,SCAN,97.0,90.0,,
2026-06-12T17:13:09.665,1781277189,nicole,REACQUIRING,0.0,SEARCH,SCAN,SCAN,109.0,90.0,,
2026-06-12T17:13:09.872,1781277189,nicole,REACQUIRING,0.0,SEARCH,SCAN,SCAN,121.0,90.0,,
2026-06-12T17:13:10.255,1781277190,nicole,REACQUIRING,0.0,SEARCH,SCAN,SCAN,133.0,90.0,,
2026-06-12T17:13:10.462,1781277190,nicole,REACQUIRING,0.0,SEARCH,SCAN,SCAN,145.0,90.0,,
2026-06-12T17:13:10.678,1781277190,nicole,REACQUIRING,0.0,SEARCH,SCAN,SCAN,155.0,90.0,,
2026-06-12T17:13:11.081,1781277191,nicole,REACQUIRING,0.0,SEARCH,SCAN,SCAN,143.0,90.0,,
2026-06-12T17:13:11.471,1781277191,nicole,REACQUIRING,0.0,SEARCH,SCAN,SCAN,131.0,90.0,,
2026-06-12T17:13:11.772,1781277191,nicole,REACQUIRING,0.0,SEARCH,SCAN,SCAN,119.0,90.0,,
2026-06-12T17:13:12.884,1781277192,nicole,TRACKING,0.6189,MOVE_LEFT_UP,LEFT,UP,125.7,82.3,274,257
2026-06-12T17:13:13.890,1781277193,nicole,TRACKING,0.6992,MOVE_LEFT_UP,LEFT,UP,130.5,77.4,274,264
2026-06-12T17:13:14.037,1781277194,nicole,TRACKING,0.6613,MOVE_LEFT_UP,LEFT,UP,127.4,72.8,425,248
2026-06-12T17:13:14.107,1781277194,nicole,TRACKING,0.6273,MOVE_UP,CENTERED,UP,120.1,69.8,547,251
2026-06-12T17:13:14.221,1781277194,nicole,TRACKING,0.5857,MOVE_UP,CENTERED,UP,114.9,67.7,549,252
2026-06-12T17:13:14.287,1781277194,nicole,TRACKING,0.6203,MOVE_UP,CENTERED,UP,111.4,66.3,547,252
2026-06-12T17:13:14.383,1781277194,nicole,TRACKING,0.6284,MOVE_UP,CENTERED,UP,108.9,64.9,546,247
2026-06-12T17:13:14.473,1781277194,nicole,TRACKING,0.5831,MOVE_UP,CENTERED,UP,107.1,63.8,549,244
2026-06-12T17:13:14.568,1781277194,nicole,TRACKING,0.5598,MOVE_UP,CENTERED,UP,105.8,62.9,549,244
2026-06-12T17:13:14.671,1781277194,nicole,TRACKING,0.5539,MOVE_UP,CENTERED,UP,104.9,62.0,549,239
2026-06-12T17:13:14.844,1781277194,nicole,TRACKING,0.5681,MOVE_UP,CENTERED,UP,104.1,61.2,553,237
2026-06-12T17:13:15.470,1781277195,nicole,REACQUIRING,0.0,SEARCH,SCAN,SCAN,102.0,90.0,,
2026-06-12T17:13:15.566,1781277195,nicole,TRACKING,0.579,MOVE_RIGHT_UP,RIGHT,UP,82.3,81.5,1021,247
2026-06-12T17:13:15.680,1781277195,nicole,TRACKING,0.5911,MOVE_RIGHT_UP,RIGHT,UP,68.6,76.1,1019,254
2026-06-12T17:13:15.769,1781277195,nicole,TRACKING,0.5815,MOVE_RIGHT_UP,RIGHT,UP,58.8,72.3,1024,254
2026-06-12T17:13:16.097,1781277196,nicole,REACQUIRING,0.0,SEARCH,SCAN,SCAN,102.0,90.0,,
2026-06-12T17:13:16.301,1781277196,nicole,REACQUIRING,0.0,SEARCH,SCAN,SCAN,114.0,90.0,,
2026-06-12T17:13:16.613,1781277196,nicole,REACQUIRING,0.0,SEARCH,SCAN,SCAN,126.0,90.0,,
2026-06-12T17:13:16.972,1781277196,nicole,REACQUIRING,0.0,SEARCH,SCAN,SCAN,138.0,90.0,,
2026-06-12T17:13:17.177,1781277197,nicole,REACQUIRING,0.0,SEARCH,SCAN,SCAN,150.0,90.0,,
2026-06-12T17:13:17.283,1781277197,nicole,TRACKING,0.6133,MOVE_LEFT_UP,LEFT,UP,138.6,81.5,484,247
2026-06-12T17:13:17.397,1781277197,nicole,TRACKING,0.6003,MOVE_LEFT_UP,LEFT,UP,130.8,75.6,479,247
2026-06-12T17:13:17.492,1781277197,nicole,TRACKING,0.6117,MOVE_LEFT_UP,LEFT,UP,125.5,71.7,476,250
2026-06-12T17:13:17.588,1781277197,nicole,TRACKING,0.6086,MOVE_LEFT_UP,LEFT,UP,121.9,69.1,473,253
2026-06-12T17:13:17.681,1781277197,nicole,TRACKING,0.6174,MOVE_LEFT_UP,LEFT,UP,119.4,67.5,472,255
2026-06-12T17:13:17.787,1781277197,nicole,TRACKING,0.5998,MOVE_LEFT_UP,LEFT,UP,117.8,66.2,468,252
2026-06-12T17:13:17.852,1781277197,nicole,TRACKING,0.6428,MOVE_LEFT_UP,LEFT,UP,116.9,65.3,464,253
2026-06-12T17:13:17.973,1781277197,nicole,TRACKING,0.6211,MOVE_LEFT_UP,LEFT,UP,116.4,64.8,460,254
2026-06-12T17:13:18.076,1781277198,nicole,TRACKING,0.6373,MOVE_LEFT_UP,LEFT,UP,116.1,64.0,460,249
2026-06-12T17:13:18.188,1781277198,nicole,TRACKING,0.6197,MOVE_LEFT_UP,LEFT,UP,115.9,63.5,460,249
2026-06-12T17:13:18.252,1781277198,nicole,TRACKING,0.6362,MOVE_LEFT_UP,LEFT,UP,115.6,63.2,463,250
2026-06-12T17:13:18.390,1781277198,nicole,TRACKING,0.6223,MOVE_LEFT_UP,LEFT,UP,115.5,62.8,459,247
2026-06-12T17:13:18.491,1781277198,nicole,TRACKING,0.6082,MOVE_LEFT_UP,LEFT,UP,115.3,62.4,465,246
2026-06-12T17:13:18.582,1781277198,nicole,TRACKING,0.6278,MOVE_LEFT_UP,LEFT,UP,115.1,62.1,465,246
2026-06-12T17:13:18.671,1781277198,nicole,TRACKING,0.5896,MOVE_LEFT_UP,LEFT,UP,114.8,61.9,467,246
2026-06-12T17:13:18.794,1781277198,nicole,TRACKING,0.5716,MOVE_LEFT_UP,LEFT,UP,114.5,61.6,472,243
2026-06-12T17:13:19.387,1781277199,nicole,REACQUIRING,0.0,SEARCH,SCAN,SCAN,102.0,90.0,,
2026-06-12T17:13:19.598,1781277199,nicole,REACQUIRING,0.0,SEARCH,SCAN,SCAN,114.0,90.0,,
