timestamp_iso,unix_ts,speaker_id,lock_state,confidence,status,pan_command,tilt_command,pan_angle,tilt_angle,face_x,face_y
2026-06-12T16:36:29.249,1781274989,nicole,SEARCHING,0.0,SEARCH,SCAN,SCAN,98.0,94.8,,
2026-06-12T16:36:29.438,1781274989,nicole,SEARCHING,0.0,SEARCH,SCAN,SCAN,106.0,99.6,,
2026-06-12T16:36:29.649,1781274989,nicole,SEARCHING,0.0,SEARCH,SCAN,SCAN,114.0,104.4,,
2026-06-12T16:36:29.832,1781274989,nicole,SEARCHING,0.0,SEARCH,SCAN,SCAN,122.0,109.2,,
2026-06-12T16:36:29.960,1781274989,nicole,SEARCHING,0.0,SEARCH,SCAN,SCAN,130.0,114.0,,
2026-06-12T16:36:30.144,1781274990,nicole,SEARCHING,0.0,SEARCH,SCAN,SCAN,138.0,115.0,,
2026-06-12T16:36:30.354,1781274990,nicole,SEARCHING,0.0,SEARCH,SCAN,SCAN,140.0,110.2,,
2026-06-12T16:36:30.617,1781274990,nicole,SEARCHING,0.0,SEARCH,SCAN,SCAN,132.0,105.4,,
2026-06-12T16:36:30.811,1781274990,nicole,TRACKING,0.8244,MOVE_RIGHT,RIGHT,CENTERED,108.1,99.9,908,348
2026-06-12T16:36:31.189,1781274991,nicole,TRACKING,0.5983,CENTERED,CENTERED,CENTERED,101.2,97.4,674,366
2026-06-12T16:36:31.321,1781274991,nicole,TRACKING,0.7933,CENTERED,CENTERED,CENTERED,96.4,95.7,674,367
2026-06-12T16:36:31.401,1781274991,nicole,TRACKING,0.5923,CENTERED,CENTERED,CENTERED,93.6,94.4,661,366
2026-06-12T16:36:31.515,1781274991,nicole,TRACKING,0.7111,CENTERED,CENTERED,CENTERED,93.4,94.5,619,379
2026-06-12T16:36:31.623,1781274991,nicole,TRACKING,0.8238,CENTERED,CENTERED,CENTERED,93.7,94.7,610,381
2026-06-12T16:36:31.739,1781274991,nicole,TRACKING,0.8269,CENTERED,CENTERED,CENTERED,94.0,95.0,606,383
2026-06-12T16:36:31.807,1781274991,nicole,TRACKING,0.8088,CENTERED,CENTERED,CENTERED,94.3,95.6,604,388
2026-06-12T16:36:31.893,1781274991,nicole,TRACKING,0.7851,CENTERED,CENTERED,CENTERED,94.8,96.3,597,392
2026-06-12T16:36:31.996,1781274991,nicole,TRACKING,0.8007,CENTERED,CENTERED,CENTERED,95.5,97.5,589,401
2026-06-12T16:36:32.102,1781274992,nicole,TRACKING,0.813,CENTERED,CENTERED,CENTERED,96.1,98.7,588,406
2026-06-12T16:36:32.197,1781274992,nicole,TRACKING,0.8056,CENTERED,CENTERED,CENTERED,96.2,100.0,593,412
2026-06-12T16:36:32.294,1781274992,nicole,TRACKING,0.8307,CENTERED,CENTERED,CENTERED,96.3,100.9,594,412
2026-06-12T16:36:32.417,1781274992,nicole,TRACKING,0.8508,CENTERED,CENTERED,CENTERED,96.2,101.5,597,411
2026-06-12T16:36:32.531,1781274992,nicole,TRACKING,0.8657,CENTERED,CENTERED,CENTERED,95.9,101.6,603,408
2026-06-12T16:36:32.599,1781274992,nicole,TRACKING,0.8581,CENTERED,CENTERED,CENTERED,95.3,101.4,612,404
2026-06-12T16:36:32.709,1781274992,nicole,TRACKING,0.867,CENTERED,CENTERED,CENTERED,94.3,100.9,627,398
2026-06-12T16:36:32.810,1781274992,nicole,TRACKING,0.8643,CENTERED,CENTERED,CENTERED,93.4,100.5,630,399
2026-06-12T16:36:32.905,1781274992,nicole,TRACKING,0.8662,CENTERED,CENTERED,CENTERED,92.8,100.1,631,396
2026-06-12T16:36:33.004,1781274993,nicole,TRACKING,0.8605,CENTERED,CENTERED,CENTERED,92.2,99.9,633,398
2026-06-12T16:36:33.109,1781274993,nicole,TRACKING,0.7995,CENTERED,CENTERED,CENTERED,91.5,99.7,641,397
2026-06-12T16:36:33.205,1781274993,nicole,TRACKING,0.7655,CENTERED,CENTERED,CENTERED,89.4,98.4,679,382
2026-06-12T16:36:33.316,1781274993,nicole,TRACKING,0.5793,CENTERED,CENTERED,CENTERED,88.2,98.4,672,393
2026-06-12T16:36:33.430,1781274993,nicole,TRACKING,0.8381,CENTERED,CENTERED,CENTERED,88.6,99.2,645,404
2026-06-12T16:36:33.520,1781274993,nicole,TRACKING,0.8456,CENTERED,CENTERED,CENTERED,88.8,99.1,644,396
2026-06-12T16:36:33.605,1781274993,nicole,TRACKING,0.7902,CENTERED,CENTERED,CENTERED,88.6,98.2,654,384
2026-06-12T16:36:33.723,1781274993,nicole,TRACKING,0.7796,CENTERED,CENTERED,CENTERED,88.0,96.3,663,368
2026-06-12T16:36:33.812,1781274993,nicole,TRACKING,0.834,CENTERED,CENTERED,CENTERED,87.5,95.2,666,370
2026-06-12T16:36:33.909,1781274993,nicole,TRACKING,0.7694,CENTERED,CENTERED,CENTERED,86.8,94.7,675,374
2026-06-12T16:36:34.006,1781274994,nicole,TRACKING,0.8058,CENTERED,CENTERED,CENTERED,85.4,93.6,696,364
2026-06-12T16:36:34.112,1781274994,nicole,TRACKING,0.731,CENTERED,CENTERED,CENTERED,83.9,92.5,708,360
2026-06-12T16:36:34.449,1781274994,nicole,TRACKING,0.7475,MOVE_RIGHT,RIGHT,CENTERED,75.8,91.8,876,360
2026-06-12T16:36:34.519,1781274994,nicole,TRACKING,0.7265,MOVE_RIGHT,RIGHT,CENTERED,72.5,91.2,819,360
2026-06-12T16:36:34.616,1781274994,nicole,TRACKING,0.8613,MOVE_RIGHT,RIGHT,CENTERED,71.0,90.9,801,360
2026-06-12T16:36:34.712,1781274994,nicole,TRACKING,0.8298,MOVE_RIGHT,RIGHT,CENTERED,69.7,90.6,806,360
2026-06-12T16:36:34.806,1781274994,nicole,TRACKING,0.8683,MOVE_RIGHT,RIGHT,CENTERED,68.4,90.3,814,359
2026-06-12T16:36:34.949,1781274994,nicole,TRACKING,0.8413,MOVE_RIGHT,RIGHT,CENTERED,67.6,90.2,814,360
2026-06-12T16:36:35.022,1781274995,nicole,TRACKING,0.849,MOVE_RIGHT,RIGHT,CENTERED,66.9,90.2,814,360
2026-06-12T16:36:35.109,1781274995,nicole,TRACKING,0.8895,MOVE_RIGHT,RIGHT,CENTERED,66.5,90.1,815,360
2026-06-12T16:36:35.257,1781274995,nicole,TRACKING,0.8789,MOVE_RIGHT,RIGHT,CENTERED,66.2,90.1,814,360
2026-06-12T16:36:35.354,1781274995,nicole,TRACKING,0.8698,MOVE_RIGHT,RIGHT,CENTERED,66.1,90.1,812,360
2026-06-12T16:36:35.446,1781274995,nicole,TRACKING,0.8207,MOVE_RIGHT,RIGHT,CENTERED,66.5,90.0,799,360
2026-06-12T16:36:35.560,1781274995,nicole,TRACKING,0.8629,MOVE_RIGHT,RIGHT,CENTERED,67.8,90.0,778,359
2026-06-12T16:36:35.627,1781274995,nicole,TRACKING,0.875,MOVE_RIGHT,RIGHT,CENTERED,68.8,89.8,773,358
2026-06-12T16:36:35.738,1781274995,nicole,TRACKING,0.8524,MOVE_RIGHT,RIGHT,CENTERED,69.7,89.7,770,358
2026-06-12T16:36:35.831,1781274995,nicole,TRACKING,0.859,MOVE_RIGHT,RIGHT,CENTERED,70.3,89.7,770,358
2026-06-12T16:36:35.949,1781274995,nicole,TRACKING,0.8317,CENTERED,CENTERED,CENTERED,71.1,89.1,760,351
2026-06-12T16:36:36.025,1781274996,nicole,TRACKING,0.8492,CENTERED,CENTERED,CENTERED,72.0,88.8,753,352
2026-06-12T16:36:36.118,1781274996,nicole,TRACKING,0.8453,CENTERED,CENTERED,CENTERED,73.0,88.4,746,350
2026-06-12T16:36:36.250,1781274996,nicole,TRACKING,0.8381,CENTERED,CENTERED,CENTERED,73.7,88.0,743,348
2026-06-12T16:36:36.348,1781274996,nicole,TRACKING,0.8405,CENTERED,CENTERED,CENTERED,74.6,87.5,735,346
2026-06-12T16:36:36.449,1781274996,nicole,TRACKING,0.8396,CENTERED,CENTERED,CENTERED,75.4,87.6,730,351
2026-06-12T16:36:36.524,1781274996,nicole,TRACKING,0.828,CENTERED,CENTERED,CENTERED,76.0,87.7,729,352
2026-06-12T16:36:36.650,1781274996,nicole,TRACKING,0.8298,CENTERED,CENTERED,CENTERED,76.3,87.8,733,352
2026-06-12T16:36:36.817,1781274996,nicole,TRACKING,0.8027,CENTERED,CENTERED,CENTERED,76.5,87.6,732,349
2026-06-12T16:36:36.893,1781274996,nicole,TRACKING,0.8247,CENTERED,CENTERED,CENTERED,76.7,87.5,731,349
2026-06-12T16:36:36.988,1781274996,nicole,TRACKING,0.8439,CENTERED,CENTERED,CENTERED,76.8,87.4,732,349
2026-06-12T16:36:37.078,1781274997,nicole,TRACKING,0.8383,CENTERED,CENTERED,CENTERED,76.7,87.8,737,354
2026-06-12T16:36:37.147,1781274997,nicole,TRACKING,0.8344,CENTERED,CENTERED,CENTERED,76.6,88.0,736,354
2026-06-12T16:36:37.259,1781274997,nicole,TRACKING,0.847,CENTERED,CENTERED,CENTERED,76.3,88.3,743,356
2026-06-12T16:36:37.370,1781274997,nicole,TRACKING,0.827,CENTERED,CENTERED,CENTERED,75.7,88.8,751,360
2026-06-12T16:36:37.463,1781274997,nicole,TRACKING,0.841,CENTERED,CENTERED,CENTERED,75.3,89.2,751,360
2026-06-12T16:36:37.568,1781274997,nicole,TRACKING,0.8291,CENTERED,CENTERED,CENTERED,74.8,89.4,757,360
2026-06-12T16:36:37.777,1781274997,nicole,TRACKING,0.7783,MOVE_RIGHT,RIGHT,CENTERED,73.8,89.6,771,360
2026-06-12T16:36:37.878,1781274997,nicole,TRACKING,0.8353,CENTERED,CENTERED,CENTERED,73.4,89.7,764,360
2026-06-12T16:36:37.977,1781274997,nicole,TRACKING,0.77,MOVE_RIGHT,RIGHT,CENTERED,72.8,89.8,772,360
2026-06-12T16:36:38.076,1781274998,nicole,TRACKING,0.7804,MOVE_RIGHT,RIGHT,CENTERED,72.5,89.9,769,360
2026-06-12T16:36:38.172,1781274998,nicole,TRACKING,0.8202,CENTERED,CENTERED,CENTERED,72.4,90.2,767,364
2026-06-12T16:36:38.270,1781274998,nicole,TRACKING,0.8261,CENTERED,CENTERED,CENTERED,72.8,91.3,757,376
2026-06-12T16:36:38.387,1781274998,nicole,TRACKING,0.8323,CENTERED,CENTERED,CENTERED,73.0,92.0,756,374
2026-06-12T16:36:38.478,1781274998,nicole,TRACKING,0.8085,CENTERED,CENTERED,CENTERED,73.0,93.2,761,384
2026-06-12T16:36:38.576,1781274998,nicole,TRACKING,0.7901,CENTERED,CENTERED,CENTERED,73.3,94.6,755,391
2026-06-12T16:36:38.671,1781274998,nicole,TRACKING,0.8274,CENTERED,CENTERED,CENTERED,73.7,95.4,749,389
2026-06-12T16:36:38.784,1781274998,nicole,TRACKING,0.7937,CENTERED,CENTERED,CENTERED,74.0,96.3,749,394
2026-06-12T16:36:38.870,1781274998,nicole,TRACKING,0.7989,CENTERED,CENTERED,CENTERED,74.1,97.6,750,403
2026-06-12T16:36:38.973,1781274998,nicole,TRACKING,0.7972,CENTERED,CENTERED,CENTERED,74.3,98.7,748,405
2026-06-12T16:36:39.094,1781274999,nicole,TRACKING,0.8053,CENTERED,CENTERED,CENTERED,74.5,99.6,748,407
2026-06-12T16:36:39.189,1781274999,nicole,TRACKING,0.8001,CENTERED,CENTERED,CENTERED,74.5,100.3,751,408
2026-06-12T16:36:39.278,1781274999,nicole,TRACKING,0.791,CENTERED,CENTERED,CENTERED,74.4,100.8,753,408
2026-06-12T16:36:39.396,1781274999,nicole,TRACKING,0.792,CENTERED,CENTERED,CENTERED,74.0,101.4,759,411
2026-06-12T16:36:39.486,1781274999,nicole,TRACKING,0.7991,CENTERED,CENTERED,CENTERED,73.8,101.7,759,409
2026-06-12T16:36:39.580,1781274999,nicole,TRACKING,0.8243,CENTERED,CENTERED,CENTERED,73.6,101.7,761,407
2026-06-12T16:36:39.685,1781274999,nicole,TRACKING,0.8211,CENTERED,CENTERED,CENTERED,73.1,101.5,768,404
2026-06-12T16:36:39.793,1781274999,nicole,TRACKING,0.7968,MOVE_RIGHT,RIGHT,CENTERED,72.7,101.3,770,403
2026-06-12T16:36:39.887,1781274999,nicole,TRACKING,0.8406,MOVE_RIGHT,RIGHT,CENTERED,71.2,101.7,799,411
2026-06-12T16:36:39.982,1781274999,nicole,TRACKING,0.8358,MOVE_RIGHT,RIGHT,CENTERED,70.4,101.9,793,409
2026-06-12T16:36:40.096,1781275000,nicole,TRACKING,0.8519,MOVE_RIGHT,RIGHT,CENTERED,69.8,102.2,793,412
2026-06-12T16:36:40.181,1781275000,nicole,TRACKING,0.857,MOVE_RIGHT,RIGHT,CENTERED,69.6,102.4,789,412
2026-06-12T16:36:40.289,1781275000,nicole,TRACKING,0.8698,MOVE_RIGHT,RIGHT,CENTERED,69.6,102.2,784,406
2026-06-12T16:36:40.377,1781275000,nicole,TRACKING,0.8804,MOVE_RIGHT,RIGHT,CENTERED,69.4,102.1,790,408
2026-06-12T16:36:40.485,1781275000,nicole,TRACKING,0.868,MOVE_RIGHT,RIGHT,CENTERED,69.4,102.6,787,415
2026-06-12T16:36:40.590,1781275000,nicole,TRACKING,0.8656,MOVE_RIGHT,RIGHT,CENTERED,69.9,103.0,775,416
2026-06-12T16:36:40.686,1781275000,nicole,TRACKING,0.8831,MOVE_RIGHT,RIGHT,CENTERED,70.4,102.5,770,405
2026-06-12T16:36:40.792,1781275000,nicole,TRACKING,0.8872,CENTERED,CENTERED,CENTERED,71.2,101.6,761,398
2026-06-12T16:36:40.890,1781275000,nicole,TRACKING,0.8819,CENTERED,CENTERED,CENTERED,72.1,100.7,753,394
2026-06-12T16:36:40.988,1781275000,nicole,TRACKING,0.8874,CENTERED,CENTERED,CENTERED,73.2,99.9,740,393
2026-06-12T16:36:41.080,1781275001,nicole,TRACKING,0.8796,CENTERED,CENTERED,CENTERED,74.3,98.7,735,383
2026-06-12T16:36:41.193,1781275001,nicole,TRACKING,0.864,CENTERED,CENTERED,CENTERED,75.2,97.7,730,382
2026-06-12T16:36:41.287,1781275001,nicole,TRACKING,0.8528,CENTERED,CENTERED,CENTERED,75.8,96.8,730,378
2026-06-12T16:36:41.387,1781275001,nicole,TRACKING,0.8405,CENTERED,CENTERED,CENTERED,76.2,96.0,732,377
2026-06-12T16:36:41.508,1781275001,nicole,TRACKING,0.8488,CENTERED,CENTERED,CENTERED,76.5,95.5,732,377
2026-06-12T16:36:41.606,1781275001,nicole,TRACKING,0.8528,CENTERED,CENTERED,CENTERED,76.7,95.3,731,379
2026-06-12T16:36:41.694,1781275001,nicole,TRACKING,0.8763,CENTERED,CENTERED,CENTERED,76.8,95.0,732,378
2026-06-12T16:36:41.788,1781275001,nicole,TRACKING,0.8881,CENTERED,CENTERED,CENTERED,77.0,94.9,730,378
2026-06-12T16:36:41.903,1781275001,nicole,TRACKING,0.8742,CENTERED,CENTERED,CENTERED,77.0,94.8,731,378
2026-06-12T16:36:41.995,1781275001,nicole,TRACKING,0.8743,CENTERED,CENTERED,CENTERED,77.0,94.3,732,373
2026-06-12T16:36:42.771,1781275002,nicole,TRACKING,0.8732,CENTERED,CENTERED,CENTERED,77.0,94.1,733,374
2026-06-12T16:36:42.857,1781275002,nicole,TRACKING,0.8658,CENTERED,CENTERED,CENTERED,77.7,94.0,715,376
2026-06-12T16:36:42.950,1781275002,nicole,TRACKING,0.8208,CENTERED,CENTERED,CENTERED,78.2,94.0,717,375
2026-06-12T16:36:43.050,1781275003,nicole,TRACKING,0.7933,CENTERED,CENTERED,CENTERED,78.0,94.1,729,378
2026-06-12T16:36:43.146,1781275003,nicole,TRACKING,0.814,CENTERED,CENTERED,CENTERED,77.4,94.2,740,377
2026-06-12T16:36:43.242,1781275003,nicole,TRACKING,0.7936,CENTERED,CENTERED,CENTERED,76.3,94.3,754,378
2026-06-12T16:36:43.332,1781275003,nicole,TRACKING,0.7514,MOVE_RIGHT,RIGHT,CENTERED,74.8,94.0,773,373
2026-06-12T16:36:45.946,1781275005,nicole,REACQUIRING,0.0,SEARCH,SCAN,SCAN,63.3,88.5,,
2026-06-12T16:36:46.139,1781275006,nicole,REACQUIRING,0.0,SEARCH,SCAN,SCAN,55.3,83.7,,
2026-06-12T16:36:46.591,1781275006,nicole,REACQUIRING,0.0,SEARCH,SCAN,SCAN,47.3,78.9,,
2026-06-12T16:36:46.753,1781275006,nicole,REACQUIRING,0.0,SEARCH,SCAN,SCAN,39.3,74.1,,
2026-06-12T16:36:46.958,1781275006,nicole,REACQUIRING,0.0,SEARCH,SCAN,SCAN,31.3,69.3,,
2026-06-12T16:36:47.153,1781275007,nicole,REACQUIRING,0.0,SEARCH,SCAN,SCAN,23.3,68.3,,
2026-06-12T16:36:47.359,1781275007,nicole,REACQUIRING,0.0,SEARCH,SCAN,SCAN,21.3,73.1,,
2026-06-12T16:36:47.554,1781275007,nicole,REACQUIRING,0.0,SEARCH,SCAN,SCAN,29.3,77.9,,
2026-06-12T16:36:47.763,1781275007,nicole,REACQUIRING,0.0,SEARCH,SCAN,SCAN,37.3,82.7,,
2026-06-12T16:36:47.947,1781275007,nicole,REACQUIRING,0.0,SEARCH,SCAN,SCAN,45.3,87.5,,
2026-06-12T16:36:48.068,1781275008,nicole,REACQUIRING,0.0,SEARCH,SCAN,SCAN,53.3,92.3,,
2026-06-12T16:36:48.256,1781275008,nicole,REACQUIRING,0.0,SEARCH,SCAN,SCAN,61.3,97.1,,
2026-06-12T16:36:48.467,1781275008,nicole,REACQUIRING,0.0,SEARCH,SCAN,SCAN,69.3,101.9,,
2026-06-12T16:36:48.658,1781275008,nicole,REACQUIRING,0.0,SEARCH,SCAN,SCAN,77.3,106.7,,
2026-06-12T16:36:48.859,1781275008,nicole,REACQUIRING,0.0,SEARCH,SCAN,SCAN,85.3,111.5,,
2026-06-12T16:36:49.070,1781275009,nicole,REACQUIRING,0.0,SEARCH,SCAN,SCAN,93.3,116.3,,
2026-06-12T16:36:49.264,1781275009,nicole,REACQUIRING,0.0,SEARCH,SCAN,SCAN,101.3,118.3,,
2026-06-12T16:36:49.465,1781275009,nicole,REACQUIRING,0.0,SEARCH,SCAN,SCAN,109.3,113.5,,
2026-06-12T16:36:49.666,1781275009,nicole,REACQUIRING,0.0,SEARCH,SCAN,SCAN,117.3,108.7,,
2026-06-12T16:36:49.866,1781275009,nicole,REACQUIRING,0.0,SEARCH,SCAN,SCAN,121.3,103.9,,
2026-06-12T16:36:50.085,1781275010,nicole,REACQUIRING,0.0,SEARCH,SCAN,SCAN,113.3,99.1,,
2026-06-12T16:36:50.265,1781275010,nicole,REACQUIRING,0.0,SEARCH,SCAN,SCAN,105.3,94.3,,
2026-06-12T16:36:50.482,1781275010,nicole,REACQUIRING,0.0,SEARCH,SCAN,SCAN,97.3,89.5,,
2026-06-12T16:36:50.603,1781275010,nicole,REACQUIRING,0.0,SEARCH,SCAN,SCAN,89.3,84.7,,
2026-06-12T16:36:50.864,1781275010,nicole,REACQUIRING,0.0,SEARCH,SCAN,SCAN,81.3,79.9,,
2026-06-12T16:36:51.052,1781275011,nicole,TRACKING,0.551,MOVE_RIGHT_UP,RIGHT,UP,78.3,74.6,772,250
2026-06-12T16:36:51.453,1781275011,nicole,TRACKING,0.612,MOVE_RIGHT,RIGHT,CENTERED,72.5,77.7,861,339
2026-06-12T16:36:51.560,1781275011,nicole,TRACKING,0.6378,MOVE_RIGHT,RIGHT,CENTERED,67.9,81.4,874,360
2026-06-12T16:36:51.646,1781275011,nicole,TRACKING,0.6224,MOVE_RIGHT,RIGHT,CENTERED,65.2,84.0,861,360
2026-06-12T16:36:51.752,1781275011,nicole,TRACKING,0.6375,MOVE_RIGHT,RIGHT,CENTERED,63.9,85.8,848,360
2026-06-12T16:36:51.859,1781275011,nicole,TRACKING,0.6827,MOVE_RIGHT,RIGHT,CENTERED,63.2,87.0,842,360
2026-06-12T16:36:51.959,1781275011,nicole,TRACKING,0.6753,MOVE_RIGHT,RIGHT,CENTERED,62.1,87.9,856,360
2026-06-12T16:36:52.040,1781275012,nicole,TRACKING,0.6513,MOVE_RIGHT,RIGHT,CENTERED,61.3,88.6,858,360
2026-06-12T16:36:52.160,1781275012,nicole,TRACKING,0.6834,MOVE_RIGHT,RIGHT,CENTERED,60.4,89.0,866,360
2026-06-12T16:36:52.269,1781275012,nicole,TRACKING,0.6767,MOVE_RIGHT,RIGHT,CENTERED,59.8,89.3,864,360
2026-06-12T16:36:52.369,1781275012,nicole,TRACKING,0.689,MOVE_RIGHT,RIGHT,CENTERED,59.0,89.5,873,360
2026-06-12T16:36:52.464,1781275012,nicole,TRACKING,0.6758,MOVE_RIGHT,RIGHT,CENTERED,59.0,89.9,862,363
2026-06-12T16:36:52.558,1781275012,nicole,TRACKING,0.7455,MOVE_RIGHT,RIGHT,CENTERED,59.4,89.9,851,360
2026-06-12T16:36:52.663,1781275012,nicole,TRACKING,0.6216,MOVE_RIGHT,RIGHT,CENTERED,59.3,90.9,859,373
2026-06-12T16:36:52.768,1781275012,nicole,TRACKING,0.6454,MOVE_RIGHT,RIGHT,CENTERED,58.9,91.9,869,377
2026-06-12T16:36:53.073,1781275013,nicole,TRACKING,0.5544,MOVE_RIGHT,RIGHT,CENTERED,54.4,92.6,967,377
2026-06-12T16:36:53.568,1781275013,nicole,TRACKING,0.6234,MOVE_RIGHT,RIGHT,CENTERED,56.7,90.7,839,345
2026-06-12T16:36:53.968,1781275013,nicole,TRACKING,0.6804,CENTERED,CENTERED,CENTERED,69.0,88.3,585,331
2026-06-12T16:36:54.071,1781275014,nicole,TRACKING,0.5538,CENTERED,CENTERED,CENTERED,76.8,86.3,605,326
2026-06-12T16:36:54.263,1781275014,nicole,TRACKING,0.6155,CENTERED,CENTERED,CENTERED,77.5,85.1,717,330
2026-06-12T16:36:54.356,1781275014,nicole,TRACKING,0.64,CENTERED,CENTERED,CENTERED,76.0,84.2,764,328
2026-06-12T16:36:54.479,1781275014,nicole,TRACKING,0.6943,MOVE_RIGHT,RIGHT,CENTERED,74.8,84.1,769,336
2026-06-12T16:36:54.573,1781275014,nicole,TRACKING,0.7146,CENTERED,CENTERED,CENTERED,75.2,84.9,738,347
2026-06-12T16:36:54.675,1781275014,nicole,TRACKING,0.783,CENTERED,CENTERED,CENTERED,76.3,86.4,720,360
2026-06-12T16:36:54.782,1781275014,nicole,TRACKING,0.839,CENTERED,CENTERED,CENTERED,76.8,87.5,725,360
2026-06-12T16:36:54.881,1781275014,nicole,TRACKING,0.8227,CENTERED,CENTERED,CENTERED,77.3,88.3,721,360
2026-06-12T16:36:54.970,1781275014,nicole,TRACKING,0.8371,CENTERED,CENTERED,CENTERED,78.2,88.8,710,360
2026-06-12T16:36:55.086,1781275015,nicole,TRACKING,0.8263,CENTERED,CENTERED,CENTERED,78.9,89.1,708,360
2026-06-12T16:36:55.182,1781275015,nicole,TRACKING,0.8229,CENTERED,CENTERED,CENTERED,79.2,89.4,712,360
2026-06-12T16:36:55.276,1781275015,nicole,TRACKING,0.8391,CENTERED,CENTERED,CENTERED,79.1,89.6,718,360
2026-06-12T16:36:55.384,1781275015,nicole,TRACKING,0.8218,CENTERED,CENTERED,CENTERED,79.1,89.7,717,360
2026-06-12T16:36:55.482,1781275015,nicole,TRACKING,0.8354,CENTERED,CENTERED,CENTERED,79.1,89.8,717,360
2026-06-12T16:36:55.587,1781275015,nicole,TRACKING,0.8363,CENTERED,CENTERED,CENTERED,79.2,89.9,716,360
2026-06-12T16:36:55.674,1781275015,nicole,TRACKING,0.8283,CENTERED,CENTERED,CENTERED,79.1,89.9,718,360
2026-06-12T16:36:55.795,1781275015,nicole,TRACKING,0.8448,CENTERED,CENTERED,CENTERED,79.1,89.9,718,360
2026-06-12T16:36:55.890,1781275015,nicole,TRACKING,0.8507,CENTERED,CENTERED,CENTERED,79.3,90.0,714,360
2026-06-12T16:36:55.980,1781275015,nicole,TRACKING,0.8494,CENTERED,CENTERED,CENTERED,79.4,90.0,712,360
2026-06-12T16:36:56.090,1781275016,nicole,TRACKING,0.8571,CENTERED,CENTERED,CENTERED,79.7,90.0,709,360
2026-06-12T16:36:56.199,1781275016,nicole,TRACKING,0.8534,CENTERED,CENTERED,CENTERED,80.1,90.0,704,360
2026-06-12T16:36:56.273,1781275016,nicole,TRACKING,0.8488,CENTERED,CENTERED,CENTERED,80.3,90.0,705,360
2026-06-12T16:36:56.377,1781275016,nicole,TRACKING,0.8527,CENTERED,CENTERED,CENTERED,80.2,90.0,711,360
2026-06-12T16:36:56.496,1781275016,nicole,TRACKING,0.8458,CENTERED,CENTERED,CENTERED,80.2,90.0,710,360
2026-06-12T16:36:56.592,1781275016,nicole,TRACKING,0.8184,CENTERED,CENTERED,CENTERED,80.7,90.0,699,360
2026-06-12T16:36:56.689,1781275016,nicole,TRACKING,0.6986,CENTERED,CENTERED,CENTERED,82.2,90.0,669,360
2026-06-12T16:36:56.789,1781275016,nicole,TRACKING,0.815,CENTERED,CENTERED,CENTERED,84.9,90.0,632,360
2026-06-12T16:36:56.881,1781275016,nicole,TRACKING,0.8497,CENTERED,CENTERED,CENTERED,87.0,90.0,627,360
2026-06-12T16:36:56.994,1781275016,nicole,TRACKING,0.7818,CENTERED,CENTERED,CENTERED,89.2,90.0,608,360
2026-06-12T16:36:57.088,1781275017,nicole,TRACKING,0.8321,CENTERED,CENTERED,CENTERED,91.0,90.0,604,360
2026-06-12T16:36:57.195,1781275017,nicole,TRACKING,0.8594,CENTERED,CENTERED,CENTERED,92.0,90.0,608,360
2026-06-12T16:36:57.275,1781275017,nicole,TRACKING,0.8588,CENTERED,CENTERED,CENTERED,92.8,90.0,608,360
2026-06-12T16:36:57.370,1781275017,nicole,TRACKING,0.8646,CENTERED,CENTERED,CENTERED,93.1,90.0,613,360
2026-06-12T16:36:57.503,1781275017,nicole,TRACKING,0.8501,CENTERED,CENTERED,CENTERED,92.9,90.0,623,360
2026-06-12T16:36:57.593,1781275017,nicole,TRACKING,0.8396,CENTERED,CENTERED,CENTERED,92.6,90.0,626,360
2026-06-12T16:36:57.689,1781275017,nicole,TRACKING,0.8386,CENTERED,CENTERED,CENTERED,92.4,89.9,627,359
2026-06-12T16:36:57.782,1781275017,nicole,TRACKING,0.83,CENTERED,CENTERED,CENTERED,92.0,89.9,632,359
2026-06-12T16:36:57.895,1781275017,nicole,TRACKING,0.8449,CENTERED,CENTERED,CENTERED,91.6,89.9,635,360
2026-06-12T16:36:57.982,1781275017,nicole,TRACKING,0.8386,CENTERED,CENTERED,CENTERED,91.6,89.9,628,360
2026-06-12T16:36:58.089,1781275018,nicole,TRACKING,0.8381,CENTERED,CENTERED,CENTERED,91.7,90.0,627,360
2026-06-12T16:36:58.213,1781275018,nicole,TRACKING,0.8318,CENTERED,CENTERED,CENTERED,91.9,90.0,623,360
2026-06-12T16:36:58.297,1781275018,nicole,TRACKING,0.8212,CENTERED,CENTERED,CENTERED,92.4,89.9,615,359
2026-06-12T16:36:58.400,1781275018,nicole,TRACKING,0.8107,CENTERED,CENTERED,CENTERED,92.8,89.9,613,360
2026-06-12T16:36:58.508,1781275018,nicole,TRACKING,0.8015,CENTERED,CENTERED,CENTERED,93.0,90.0,615,360
2026-06-12T16:36:58.599,1781275018,nicole,TRACKING,0.8037,CENTERED,CENTERED,CENTERED,93.1,90.0,617,360
2026-06-12T16:36:58.706,1781275018,nicole,TRACKING,0.8055,CENTERED,CENTERED,CENTERED,93.1,90.0,618,360
2026-06-12T16:36:58.806,1781275018,nicole,TRACKING,0.7629,CENTERED,CENTERED,CENTERED,93.0,90.0,621,360
2026-06-12T16:36:58.913,1781275018,nicole,TRACKING,0.7807,CENTERED,CENTERED,CENTERED,92.9,90.0,621,360
2026-06-12T16:36:59.003,1781275019,nicole,TRACKING,0.8196,CENTERED,CENTERED,CENTERED,92.7,90.0,624,360
2026-06-12T16:36:59.104,1781275019,nicole,TRACKING,0.7914,CENTERED,CENTERED,CENTERED,92.3,90.0,630,360
2026-06-12T16:36:59.213,1781275019,nicole,TRACKING,0.7827,CENTERED,CENTERED,CENTERED,91.9,90.0,633,360
2026-06-12T16:36:59.314,1781275019,nicole,TRACKING,0.747,CENTERED,CENTERED,CENTERED,91.8,90.0,629,360
2026-06-12T16:36:59.407,1781275019,nicole,TRACKING,0.7355,CENTERED,CENTERED,CENTERED,91.8,90.0,627,360
2026-06-12T16:36:59.495,1781275019,nicole,TRACKING,0.7136,CENTERED,CENTERED,CENTERED,91.8,90.0,628,360
2026-06-12T16:36:59.613,1781275019,nicole,TRACKING,0.6765,CENTERED,CENTERED,CENTERED,91.6,90.0,631,360
2026-06-12T16:36:59.712,1781275019,nicole,TRACKING,0.6948,CENTERED,CENTERED,CENTERED,91.6,90.0,630,360
2026-06-12T16:36:59.810,1781275019,nicole,TRACKING,0.6999,CENTERED,CENTERED,CENTERED,91.5,90.0,630,360
2026-06-12T16:36:59.911,1781275019,nicole,TRACKING,0.6636,CENTERED,CENTERED,CENTERED,91.4,90.0,631,360
2026-06-12T16:37:00.013,1781275020,nicole,TRACKING,0.6608,CENTERED,CENTERED,CENTERED,91.6,90.0,627,360
2026-06-12T16:37:00.118,1781275020,nicole,TRACKING,0.692,CENTERED,CENTERED,CENTERED,91.6,90.0,629,360
2026-06-12T16:37:00.205,1781275020,nicole,TRACKING,0.7339,CENTERED,CENTERED,CENTERED,91.4,90.0,632,360
2026-06-12T16:37:00.310,1781275020,nicole,TRACKING,0.7398,CENTERED,CENTERED,CENTERED,91.4,90.0,630,360
2026-06-12T16:37:00.614,1781275020,nicole,TRACKING,0.7141,CENTERED,CENTERED,CENTERED,89.2,93.4,682,406
2026-06-12T16:37:00.811,1781275020,nicole,TRACKING,0.7097,MOVE_DOWN,CENTERED,DOWN,86.9,98.3,700,439
2026-06-12T16:37:00.904,1781275020,nicole,TRACKING,0.7917,MOVE_DOWN,CENTERED,DOWN,85.0,101.8,707,440
2026-06-12T16:37:01.017,1781275021,nicole,TRACKING,0.798,MOVE_DOWN,CENTERED,DOWN,83.8,104.7,705,445
2026-06-12T16:37:01.117,1781275021,nicole,TRACKING,0.8125,MOVE_DOWN,CENTERED,DOWN,82.8,106.6,707,444
2026-06-12T16:37:01.545,1781275021,nicole,TRACKING,0.8217,MOVE_DOWN,CENTERED,DOWN,82.0,107.7,710,442
2026-06-12T16:37:01.636,1781275021,nicole,TRACKING,0.8372,MOVE_DOWN,CENTERED,DOWN,81.4,108.3,712,438
2026-06-12T16:37:01.724,1781275021,nicole,TRACKING,0.8439,MOVE_DOWN,CENTERED,DOWN,81.0,108.5,711,436
2026-06-12T16:37:01.816,1781275021,nicole,TRACKING,0.8269,MOVE_DOWN,CENTERED,DOWN,80.6,108.5,713,434
2026-06-12T16:37:01.913,1781275021,nicole,TRACKING,0.8395,MOVE_DOWN,CENTERED,DOWN,80.3,108.6,715,435
2026-06-12T16:37:02.026,1781275022,nicole,TRACKING,0.8385,CENTERED,CENTERED,CENTERED,80.0,108.2,716,430
2026-06-12T16:37:02.105,1781275022,nicole,TRACKING,0.8456,CENTERED,CENTERED,CENTERED,79.7,108.2,718,432
2026-06-12T16:37:02.225,1781275022,nicole,TRACKING,0.8301,CENTERED,CENTERED,CENTERED,79.4,108.1,720,432
2026-06-12T16:37:02.310,1781275022,nicole,TRACKING,0.8516,CENTERED,CENTERED,CENTERED,78.9,108.0,727,431
2026-06-12T16:37:02.435,1781275022,nicole,TRACKING,0.859,CENTERED,CENTERED,CENTERED,78.3,107.9,733,431
2026-06-12T16:37:02.524,1781275022,nicole,TRACKING,0.8507,CENTERED,CENTERED,CENTERED,77.8,107.8,736,430
2026-06-12T16:37:02.621,1781275022,nicole,TRACKING,0.8714,CENTERED,CENTERED,CENTERED,77.4,107.4,736,426
2026-06-12T16:37:02.732,1781275022,nicole,TRACKING,0.8543,CENTERED,CENTERED,CENTERED,77.4,107.4,729,430
2026-06-12T16:37:02.821,1781275022,nicole,TRACKING,0.8591,CENTERED,CENTERED,CENTERED,77.5,107.3,728,428
2026-06-12T16:37:02.922,1781275022,nicole,TRACKING,0.8495,CENTERED,CENTERED,CENTERED,77.7,107.1,725,427
2026-06-12T16:37:03.021,1781275023,nicole,TRACKING,0.8427,CENTERED,CENTERED,CENTERED,77.8,107.0,724,427
2026-06-12T16:37:03.130,1781275023,nicole,TRACKING,0.8415,CENTERED,CENTERED,CENTERED,78.0,106.9,723,426
2026-06-12T16:37:03.199,1781275023,nicole,TRACKING,0.8436,CENTERED,CENTERED,CENTERED,78.0,107.0,725,429
2026-06-12T16:37:03.321,1781275023,nicole,TRACKING,0.8451,CENTERED,CENTERED,CENTERED,78.2,107.0,721,428
2026-06-12T16:37:03.436,1781275023,nicole,TRACKING,0.8493,CENTERED,CENTERED,CENTERED,78.3,107.0,721,428
2026-06-12T16:37:03.539,1781275023,nicole,TRACKING,0.8396,CENTERED,CENTERED,CENTERED,78.4,106.8,721,426
2026-06-12T16:37:03.630,1781275023,nicole,TRACKING,0.8455,CENTERED,CENTERED,CENTERED,78.5,106.6,719,424
2026-06-12T16:37:03.739,1781275023,nicole,TRACKING,0.8353,CENTERED,CENTERED,CENTERED,78.5,106.4,723,424
2026-06-12T16:37:03.837,1781275023,nicole,TRACKING,0.8043,CENTERED,CENTERED,CENTERED,78.6,105.8,719,417
2026-06-12T16:37:03.926,1781275023,nicole,TRACKING,0.7943,CENTERED,CENTERED,CENTERED,79.2,104.3,707,404
2026-06-12T16:37:04.025,1781275024,nicole,TRACKING,0.8489,CENTERED,CENTERED,CENTERED,79.6,102.7,708,395
2026-06-12T16:37:04.141,1781275024,nicole,TRACKING,0.8401,CENTERED,CENTERED,CENTERED,79.7,101.4,710,394
2026-06-12T16:37:04.242,1781275024,nicole,TRACKING,0.8392,CENTERED,CENTERED,CENTERED,79.7,100.5,713,393
2026-06-12T16:37:04.338,1781275024,nicole,TRACKING,0.8592,CENTERED,CENTERED,CENTERED,79.6,99.6,716,391
2026-06-12T16:37:04.450,1781275024,nicole,TRACKING,0.8404,CENTERED,CENTERED,CENTERED,79.4,98.9,718,388
2026-06-12T16:37:04.549,1781275024,nicole,TRACKING,0.8421,CENTERED,CENTERED,CENTERED,79.2,98.4,720,390
2026-06-12T16:37:04.635,1781275024,nicole,TRACKING,0.859,CENTERED,CENTERED,CENTERED,79.1,98.1,719,389
2026-06-12T16:37:04.740,1781275024,nicole,TRACKING,0.8413,CENTERED,CENTERED,CENTERED,79.1,97.8,718,388
2026-06-12T16:37:04.848,1781275024,nicole,TRACKING,0.8467,CENTERED,CENTERED,CENTERED,79.0,97.5,719,388
2026-06-12T16:37:04.948,1781275024,nicole,TRACKING,0.8445,CENTERED,CENTERED,CENTERED,78.9,97.1,722,385
2026-06-12T16:37:05.036,1781275025,nicole,TRACKING,0.8466,CENTERED,CENTERED,CENTERED,78.5,97.0,727,387
2026-06-12T16:37:05.149,1781275025,nicole,TRACKING,0.8325,CENTERED,CENTERED,CENTERED,78.0,96.7,734,384
2026-06-12T16:37:05.246,1781275025,nicole,TRACKING,0.7925,CENTERED,CENTERED,CENTERED,77.5,96.5,738,384
2026-06-12T16:37:05.344,1781275025,nicole,TRACKING,0.8032,CENTERED,CENTERED,CENTERED,76.5,96.4,751,385
2026-06-12T16:37:05.442,1781275025,nicole,TRACKING,0.7935,CENTERED,CENTERED,CENTERED,75.5,96.7,761,390
2026-06-12T16:37:05.546,1781275025,nicole,TRACKING,0.7751,MOVE_RIGHT,RIGHT,CENTERED,74.4,96.9,770,389
2026-06-12T16:37:05.645,1781275025,nicole,TRACKING,0.7837,MOVE_RIGHT,RIGHT,CENTERED,73.1,97.0,782,389
2026-06-12T16:37:05.738,1781275025,nicole,TRACKING,0.7839,MOVE_RIGHT,RIGHT,CENTERED,71.8,96.9,790,387
2026-06-12T16:37:05.852,1781275025,nicole,TRACKING,0.7876,MOVE_RIGHT,RIGHT,CENTERED,70.8,96.6,793,384
2026-06-12T16:37:05.935,1781275025,nicole,TRACKING,0.77,MOVE_RIGHT,RIGHT,CENTERED,69.8,96.7,801,387
2026-06-12T16:37:06.046,1781275026,nicole,TRACKING,0.7704,MOVE_RIGHT,RIGHT,CENTERED,68.7,96.6,809,385
2026-06-12T16:37:06.133,1781275026,nicole,TRACKING,0.7305,MOVE_RIGHT,RIGHT,CENTERED,67.7,97.0,816,392
2026-06-12T16:37:06.255,1781275026,nicole,TRACKING,0.6912,MOVE_RIGHT,RIGHT,CENTERED,66.8,97.1,820,390
2026-06-12T16:37:06.348,1781275026,nicole,TRACKING,0.7266,MOVE_RIGHT,RIGHT,CENTERED,66.0,97.2,823,389
2026-06-12T16:37:06.450,1781275026,nicole,TRACKING,0.7316,MOVE_RIGHT,RIGHT,CENTERED,65.4,96.8,826,384
2026-06-12T16:37:06.552,1781275026,nicole,TRACKING,0.6615,MOVE_RIGHT,RIGHT,CENTERED,64.7,96.8,830,387
2026-06-12T16:37:06.663,1781275026,nicole,TRACKING,0.6624,MOVE_RIGHT,RIGHT,CENTERED,64.0,96.2,837,379
2026-06-12T16:37:06.758,1781275026,nicole,TRACKING,0.6854,MOVE_RIGHT,RIGHT,CENTERED,63.2,95.8,845,379
2026-06-12T16:37:06.858,1781275026,nicole,TRACKING,0.6542,MOVE_RIGHT,RIGHT,CENTERED,62.3,95.4,851,378
2026-06-12T16:37:06.954,1781275026,nicole,TRACKING,0.6024,MOVE_RIGHT,RIGHT,CENTERED,61.4,95.2,858,379
2026-06-12T16:37:07.052,1781275027,nicole,TRACKING,0.6622,MOVE_RIGHT,RIGHT,CENTERED,60.9,94.9,856,377
2026-06-12T16:37:07.151,1781275027,nicole,TRACKING,0.6285,MOVE_RIGHT,RIGHT,CENTERED,60.5,94.9,856,379
2026-06-12T16:37:07.260,1781275027,nicole,TRACKING,0.5951,MOVE_RIGHT,RIGHT,CENTERED,60.2,94.8,856,378
2026-06-12T16:37:07.354,1781275027,nicole,TRACKING,0.6797,MOVE_RIGHT,RIGHT,CENTERED,60.1,94.5,854,375
2026-06-12T16:37:07.451,1781275027,nicole,TRACKING,0.6908,MOVE_RIGHT,RIGHT,CENTERED,60.2,94.4,852,377
2026-06-12T16:37:07.564,1781275027,nicole,TRACKING,0.6339,MOVE_RIGHT,RIGHT,CENTERED,60.4,94.3,847,377
2026-06-12T16:37:07.657,1781275027,nicole,TRACKING,0.6589,MOVE_RIGHT,RIGHT,CENTERED,60.6,94.4,846,378
2026-06-12T16:37:07.760,1781275027,nicole,TRACKING,0.6505,MOVE_RIGHT,RIGHT,CENTERED,60.7,94.3,846,376
2026-06-12T16:37:07.852,1781275027,nicole,TRACKING,0.6497,MOVE_RIGHT,RIGHT,CENTERED,61.2,94.2,837,376
2026-06-12T16:37:07.967,1781275027,nicole,TRACKING,0.6923,MOVE_RIGHT,RIGHT,CENTERED,61.5,94.1,837,376
2026-06-12T16:37:08.070,1781275028,nicole,TRACKING,0.6328,MOVE_RIGHT,RIGHT,CENTERED,61.9,94.5,833,382
2026-06-12T16:37:08.169,1781275028,nicole,TRACKING,0.5585,MOVE_RIGHT,RIGHT,CENTERED,61.8,94.6,842,379
2026-06-12T16:37:08.277,1781275028,nicole,TRACKING,0.6109,MOVE_RIGHT,RIGHT,CENTERED,61.3,94.6,852,379
2026-06-12T16:37:08.459,1781275028,nicole,TRACKING,0.5591,MOVE_RIGHT,RIGHT,CENTERED,60.8,95.0,856,383
2026-06-12T16:37:08.668,1781275028,nicole,TRACKING,0.5686,MOVE_RIGHT,RIGHT,CENTERED,60.5,93.6,854,361
2026-06-12T16:37:08.762,1781275028,nicole,TRACKING,0.5894,MOVE_RIGHT,RIGHT,CENTERED,60.6,92.6,849,361
2026-06-12T16:37:08.977,1781275028,nicole,TRACKING,0.5803,MOVE_RIGHT,RIGHT,CENTERED,61.8,90.2,821,339
2026-06-12T16:37:09.070,1781275029,nicole,TRACKING,0.6868,MOVE_RIGHT,RIGHT,CENTERED,63.2,88.4,807,337
2026-06-12T16:37:09.173,1781275029,nicole,TRACKING,0.7444,MOVE_RIGHT,RIGHT,CENTERED,64.3,86.7,805,330
2026-06-12T16:37:09.263,1781275029,nicole,TRACKING,0.7415,MOVE_RIGHT,RIGHT,CENTERED,64.9,85.3,808,329
2026-06-12T16:37:09.377,1781275029,nicole,TRACKING,0.7814,MOVE_RIGHT,RIGHT,CENTERED,65.6,84.1,803,325
2026-06-12T16:37:09.469,1781275029,nicole,TRACKING,0.7565,MOVE_RIGHT,RIGHT,CENTERED,66.7,83.2,787,324
2026-06-12T16:37:09.570,1781275029,nicole,TRACKING,0.7459,MOVE_RIGHT,RIGHT,CENTERED,67.7,82.4,781,322
2026-06-12T16:37:09.683,1781275029,nicole,TRACKING,0.7561,MOVE_RIGHT,RIGHT,CENTERED,68.5,81.7,779,321
2026-06-12T16:37:09.781,1781275029,nicole,TRACKING,0.7033,CENTERED,CENTERED,CENTERED,69.6,82.6,768,338
2026-06-12T16:37:09.874,1781275029,nicole,TRACKING,0.7957,CENTERED,CENTERED,CENTERED,70.4,83.4,767,342
2026-06-12T16:37:09.985,1781275029,nicole,TRACKING,0.8273,MOVE_RIGHT,RIGHT,CENTERED,70.8,84.0,769,341
2026-06-12T16:37:10.095,1781275030,nicole,TRACKING,0.8343,CENTERED,CENTERED,CENTERED,71.2,84.5,767,343
2026-06-12T16:37:10.186,1781275030,nicole,TRACKING,0.8289,CENTERED,CENTERED,CENTERED,71.4,85.0,768,345
2026-06-12T16:37:10.286,1781275030,nicole,TRACKING,0.8445,MOVE_RIGHT,RIGHT,CENTERED,71.5,85.4,770,345
2026-06-12T16:37:10.388,1781275030,nicole,TRACKING,0.8469,MOVE_RIGHT,RIGHT,CENTERED,71.5,85.6,771,344
2026-06-12T16:37:10.480,1781275030,nicole,TRACKING,0.8586,CENTERED,CENTERED,CENTERED,71.8,86.0,766,348
2026-06-12T16:37:10.576,1781275030,nicole,TRACKING,0.8634,CENTERED,CENTERED,CENTERED,72.0,86.3,763,348
2026-06-12T16:37:10.682,1781275030,nicole,TRACKING,0.8462,CENTERED,CENTERED,CENTERED,72.3,86.7,761,351
2026-06-12T16:37:10.774,1781275030,nicole,TRACKING,0.8664,CENTERED,CENTERED,CENTERED,72.6,87.0,760,351
2026-06-12T16:37:10.872,1781275030,nicole,TRACKING,0.8597,CENTERED,CENTERED,CENTERED,72.8,87.3,759,351
2026-06-12T16:37:10.979,1781275030,nicole,TRACKING,0.8552,CENTERED,CENTERED,CENTERED,73.0,87.6,758,353
2026-06-12T16:37:11.087,1781275031,nicole,TRACKING,0.8651,CENTERED,CENTERED,CENTERED,73.1,87.7,758,352
2026-06-12T16:37:11.174,1781275031,nicole,TRACKING,0.8612,CENTERED,CENTERED,CENTERED,73.3,88.0,756,355
2026-06-12T16:37:11.273,1781275031,nicole,TRACKING,0.8674,CENTERED,CENTERED,CENTERED,73.4,88.2,756,354
2026-06-12T16:37:11.385,1781275031,nicole,TRACKING,0.8634,CENTERED,CENTERED,CENTERED,73.5,88.3,755,354
2026-06-12T16:37:11.490,1781275031,nicole,TRACKING,0.8675,CENTERED,CENTERED,CENTERED,73.7,88.2,754,352
2026-06-12T16:37:11.571,1781275031,nicole,TRACKING,0.8516,CENTERED,CENTERED,CENTERED,73.7,88.0,756,350
2026-06-12T16:37:11.667,1781275031,nicole,TRACKING,0.8587,CENTERED,CENTERED,CENTERED,73.9,87.7,751,348
2026-06-12T16:37:11.783,1781275031,nicole,TRACKING,0.8574,CENTERED,CENTERED,CENTERED,74.0,87.5,752,348
2026-06-12T16:37:11.885,1781275031,nicole,TRACKING,0.8525,CENTERED,CENTERED,CENTERED,74.0,87.6,753,351
2026-06-12T16:37:11.981,1781275031,nicole,TRACKING,0.8525,CENTERED,CENTERED,CENTERED,74.0,87.5,755,349
2026-06-12T16:37:12.129,1781275032,nicole,TRACKING,0.8519,CENTERED,CENTERED,CENTERED,73.9,87.5,756,350
2026-06-12T16:37:12.224,1781275032,nicole,TRACKING,0.8444,CENTERED,CENTERED,CENTERED,73.8,87.5,756,350
2026-06-12T16:37:12.313,1781275032,nicole,TRACKING,0.8484,CENTERED,CENTERED,CENTERED,73.8,87.4,756,349
2026-06-12T16:37:12.401,1781275032,nicole,TRACKING,0.8445,CENTERED,CENTERED,CENTERED,73.8,87.4,756,350
2026-06-12T16:37:12.491,1781275032,nicole,TRACKING,0.8515,CENTERED,CENTERED,CENTERED,73.7,87.5,757,351
2026-06-12T16:37:12.587,1781275032,nicole,TRACKING,0.8467,CENTERED,CENTERED,CENTERED,73.6,87.4,759,349
2026-06-12T16:37:12.683,1781275032,nicole,TRACKING,0.8561,CENTERED,CENTERED,CENTERED,73.4,87.4,760,349
2026-06-12T16:37:12.793,1781275032,nicole,TRACKING,0.8498,CENTERED,CENTERED,CENTERED,73.4,87.3,759,348
2026-06-12T16:37:12.889,1781275032,nicole,TRACKING,0.8539,CENTERED,CENTERED,CENTERED,73.4,87.2,758,348
2026-06-12T16:37:12.997,1781275032,nicole,TRACKING,0.843,CENTERED,CENTERED,CENTERED,73.5,87.2,756,349
2026-06-12T16:37:13.089,1781275033,nicole,TRACKING,0.8432,CENTERED,CENTERED,CENTERED,73.6,87.2,755,349
2026-06-12T16:37:13.188,1781275033,nicole,TRACKING,0.8413,CENTERED,CENTERED,CENTERED,73.7,87.2,753,348
2026-06-12T16:37:13.295,1781275033,nicole,TRACKING,0.8426,CENTERED,CENTERED,CENTERED,74.0,87.0,750,347
2026-06-12T16:37:13.393,1781275033,nicole,TRACKING,0.8459,CENTERED,CENTERED,CENTERED,74.3,86.8,747,345
2026-06-12T16:37:13.500,1781275033,nicole,TRACKING,0.8469,CENTERED,CENTERED,CENTERED,74.7,86.5,741,343
2026-06-12T16:37:13.599,1781275033,nicole,TRACKING,0.8588,CENTERED,CENTERED,CENTERED,75.3,86.3,734,344
2026-06-12T16:37:13.691,1781275033,nicole,TRACKING,0.8563,CENTERED,CENTERED,CENTERED,76.1,86.8,727,351
2026-06-12T16:37:13.809,1781275033,nicole,TRACKING,0.872,CENTERED,CENTERED,CENTERED,76.7,87.1,725,352
2026-06-12T16:37:13.894,1781275033,nicole,TRACKING,0.8355,CENTERED,CENTERED,CENTERED,77.2,87.8,722,357
2026-06-12T16:37:13.994,1781275033,nicole,TRACKING,0.7968,CENTERED,CENTERED,CENTERED,77.8,88.4,716,360
2026-06-12T16:37:14.089,1781275034,nicole,TRACKING,0.8323,CENTERED,CENTERED,CENTERED,78.3,88.9,715,360
2026-06-12T16:37:14.209,1781275034,nicole,TRACKING,0.8226,CENTERED,CENTERED,CENTERED,78.4,89.2,721,360
2026-06-12T16:37:14.300,1781275034,nicole,TRACKING,0.8249,CENTERED,CENTERED,CENTERED,78.7,89.5,716,360
2026-06-12T16:37:14.391,1781275034,nicole,TRACKING,0.8303,CENTERED,CENTERED,CENTERED,79.1,89.6,711,360
2026-06-12T16:37:14.502,1781275034,nicole,TRACKING,0.8125,CENTERED,CENTERED,CENTERED,79.5,89.7,708,360
2026-06-12T16:37:14.606,1781275034,nicole,TRACKING,0.8265,CENTERED,CENTERED,CENTERED,79.9,90.2,705,365
2026-06-12T16:37:14.701,1781275034,nicole,TRACKING,0.7913,CENTERED,CENTERED,CENTERED,80.3,90.7,702,368
2026-06-12T16:37:14.796,1781275034,nicole,TRACKING,0.8239,CENTERED,CENTERED,CENTERED,80.7,91.3,700,371
2026-06-12T16:37:14.912,1781275034,nicole,TRACKING,0.8039,CENTERED,CENTERED,CENTERED,81.2,91.8,694,372
2026-06-12T16:37:15.007,1781275035,nicole,TRACKING,0.7996,CENTERED,CENTERED,CENTERED,81.5,92.5,696,376
2026-06-12T16:37:15.096,1781275035,nicole,TRACKING,0.8039,CENTERED,CENTERED,CENTERED,81.6,93.2,698,380
2026-06-12T16:37:15.220,1781275035,nicole,TRACKING,0.8012,CENTERED,CENTERED,CENTERED,81.7,94.1,698,384
2026-06-12T16:37:15.308,1781275035,nicole,TRACKING,0.808,CENTERED,CENTERED,CENTERED,81.6,94.4,702,381
2026-06-12T16:37:15.408,1781275035,nicole,TRACKING,0.8024,CENTERED,CENTERED,CENTERED,81.4,95.0,703,385
2026-06-12T16:37:15.503,1781275035,nicole,TRACKING,0.816,CENTERED,CENTERED,CENTERED,81.2,95.3,706,384
2026-06-12T16:37:15.616,1781275035,nicole,TRACKING,0.8313,CENTERED,CENTERED,CENTERED,80.9,95.5,710,384
2026-06-12T16:37:15.700,1781275035,nicole,TRACKING,0.823,CENTERED,CENTERED,CENTERED,80.4,95.8,716,386
2026-06-12T16:37:15.803,1781275035,nicole,TRACKING,0.8272,CENTERED,CENTERED,CENTERED,79.9,96.1,721,387
2026-06-12T16:37:15.913,1781275035,nicole,TRACKING,0.8362,CENTERED,CENTERED,CENTERED,79.3,96.3,726,387
2026-06-12T16:37:16.007,1781275036,nicole,TRACKING,0.838,CENTERED,CENTERED,CENTERED,78.8,96.4,728,387
2026-06-12T16:37:16.116,1781275036,nicole,TRACKING,0.8344,CENTERED,CENTERED,CENTERED,78.3,96.3,731,384
2026-06-12T16:37:16.216,1781275036,nicole,TRACKING,0.8313,CENTERED,CENTERED,CENTERED,78.0,95.9,731,380
2026-06-12T16:37:16.310,1781275036,nicole,TRACKING,0.8335,CENTERED,CENTERED,CENTERED,77.7,95.2,732,374
2026-06-12T16:37:16.414,1781275036,nicole,TRACKING,0.8514,CENTERED,CENTERED,CENTERED,77.5,94.5,733,371
2026-06-12T16:37:16.479,1781275036,nicole,TRACKING,0.8545,CENTERED,CENTERED,CENTERED,77.3,93.8,734,369
2026-06-12T16:37:16.598,1781275036,nicole,TRACKING,0.8658,CENTERED,CENTERED,CENTERED,77.1,93.6,734,373
2026-06-12T16:37:16.718,1781275036,nicole,TRACKING,0.865,CENTERED,CENTERED,CENTERED,76.9,93.7,736,375
2026-06-12T16:37:16.807,1781275036,nicole,TRACKING,0.8713,CENTERED,CENTERED,CENTERED,76.8,93.3,737,370
2026-06-12T16:37:16.910,1781275036,nicole,TRACKING,0.8725,CENTERED,CENTERED,CENTERED,76.6,92.9,738,368
2026-06-12T16:37:17.019,1781275037,nicole,TRACKING,0.8862,CENTERED,CENTERED,CENTERED,76.6,92.7,736,369
2026-06-12T16:37:17.113,1781275037,nicole,TRACKING,0.883,CENTERED,CENTERED,CENTERED,76.6,92.7,734,370
2026-06-12T16:37:17.212,1781275037,nicole,TRACKING,0.8878,CENTERED,CENTERED,CENTERED,76.8,92.5,731,369
2026-06-12T16:37:17.323,1781275037,nicole,TRACKING,0.8963,CENTERED,CENTERED,CENTERED,77.0,92.4,730,368
2026-06-12T16:37:17.423,1781275037,nicole,TRACKING,0.8837,CENTERED,CENTERED,CENTERED,77.2,92.3,727,368
2026-06-12T16:37:17.517,1781275037,nicole,TRACKING,0.8937,CENTERED,CENTERED,CENTERED,77.5,92.0,725,366
2026-06-12T16:37:17.637,1781275037,nicole,TRACKING,0.8877,CENTERED,CENTERED,CENTERED,77.6,91.9,726,366
2026-06-12T16:37:17.736,1781275037,nicole,TRACKING,0.8862,CENTERED,CENTERED,CENTERED,77.8,91.8,723,366
2026-06-12T16:37:17.832,1781275037,nicole,TRACKING,0.8784,CENTERED,CENTERED,CENTERED,78.2,91.2,717,360
2026-06-12T16:37:17.921,1781275037,nicole,TRACKING,0.8828,CENTERED,CENTERED,CENTERED,78.8,90.9,711,360
2026-06-12T16:37:18.025,1781275038,nicole,TRACKING,0.8796,CENTERED,CENTERED,CENTERED,79.1,90.6,713,360
2026-06-12T16:37:18.127,1781275038,nicole,TRACKING,0.8888,CENTERED,CENTERED,CENTERED,79.3,90.4,711,360
2026-06-12T16:37:18.223,1781275038,nicole,TRACKING,0.849,CENTERED,CENTERED,CENTERED,79.6,90.3,710,360
2026-06-12T16:37:18.754,1781275038,nicole,TRACKING,0.8633,CENTERED,CENTERED,CENTERED,79.9,90.2,706,360
2026-06-12T16:37:18.842,1781275038,nicole,TRACKING,0.7849,CENTERED,CENTERED,CENTERED,80.8,90.1,692,360
2026-06-12T16:37:18.934,1781275038,nicole,TRACKING,0.7865,CENTERED,CENTERED,CENTERED,81.8,90.1,681,360
2026-06-12T16:37:19.042,1781275039,nicole,TRACKING,0.7688,CENTERED,CENTERED,CENTERED,82.7,90.1,678,360
2026-06-12T16:37:19.136,1781275039,nicole,TRACKING,0.7654,CENTERED,CENTERED,CENTERED,83.5,90.0,672,360
2026-06-12T16:37:19.222,1781275039,nicole,TRACKING,0.7531,CENTERED,CENTERED,CENTERED,84.1,90.0,671,360
2026-06-12T16:37:19.331,1781275039,nicole,TRACKING,0.7491,CENTERED,CENTERED,CENTERED,84.6,90.0,671,360
2026-06-12T16:37:19.447,1781275039,nicole,TRACKING,0.7594,CENTERED,CENTERED,CENTERED,85.0,90.0,670,360
2026-06-12T16:37:19.537,1781275039,nicole,TRACKING,0.7584,CENTERED,CENTERED,CENTERED,85.1,90.0,673,360
2026-06-12T16:37:19.612,1781275039,nicole,TRACKING,0.7293,CENTERED,CENTERED,CENTERED,85.2,90.1,672,361
2026-06-12T16:37:19.740,1781275039,nicole,TRACKING,0.718,CENTERED,CENTERED,CENTERED,85.4,90.1,670,361
2026-06-12T16:37:19.837,1781275039,nicole,TRACKING,0.6634,CENTERED,CENTERED,CENTERED,85.6,90.5,668,365
2026-06-12T16:37:19.936,1781275039,nicole,TRACKING,0.669,CENTERED,CENTERED,CENTERED,85.8,90.7,667,365
2026-06-12T16:37:20.035,1781275040,nicole,TRACKING,0.6597,CENTERED,CENTERED,CENTERED,85.9,90.9,668,365
2026-06-12T16:37:20.138,1781275040,nicole,TRACKING,0.6849,CENTERED,CENTERED,CENTERED,86.0,90.7,667,361
2026-06-12T16:37:20.241,1781275040,nicole,TRACKING,0.6657,CENTERED,CENTERED,CENTERED,86.1,90.6,665,362
2026-06-12T16:37:20.331,1781275040,nicole,TRACKING,0.6616,CENTERED,CENTERED,CENTERED,86.3,90.7,664,363
2026-06-12T16:37:20.435,1781275040,nicole,TRACKING,0.6084,CENTERED,CENTERED,CENTERED,86.3,90.6,665,362
2026-06-12T16:37:20.535,1781275040,nicole,TRACKING,0.6069,CENTERED,CENTERED,CENTERED,86.3,90.6,667,362
2026-06-12T16:37:20.632,1781275040,nicole,TRACKING,0.7017,CENTERED,CENTERED,CENTERED,86.2,90.4,669,360
2026-06-12T16:37:20.734,1781275040,nicole,TRACKING,0.6967,CENTERED,CENTERED,CENTERED,86.0,90.3,672,360
2026-06-12T16:37:20.848,1781275040,nicole,TRACKING,0.6992,CENTERED,CENTERED,CENTERED,85.8,90.2,672,360
2026-06-12T16:37:20.941,1781275040,nicole,TRACKING,0.7023,CENTERED,CENTERED,CENTERED,85.6,90.1,674,360
2026-06-12T16:37:21.046,1781275041,nicole,TRACKING,0.7262,CENTERED,CENTERED,CENTERED,85.5,90.1,675,360
2026-06-12T16:37:21.151,1781275041,nicole,TRACKING,0.735,CENTERED,CENTERED,CENTERED,85.4,90.1,673,360
2026-06-12T16:37:21.241,1781275041,nicole,TRACKING,0.7508,CENTERED,CENTERED,CENTERED,85.3,90.0,676,360
2026-06-12T16:37:21.342,1781275041,nicole,TRACKING,0.7317,CENTERED,CENTERED,CENTERED,85.1,90.0,679,360
2026-06-12T16:37:21.417,1781275041,nicole,TRACKING,0.78,CENTERED,CENTERED,CENTERED,84.7,90.0,684,360
2026-06-12T16:37:21.526,1781275041,nicole,TRACKING,0.7913,CENTERED,CENTERED,CENTERED,84.5,90.0,682,360
2026-06-12T16:37:21.646,1781275041,nicole,TRACKING,0.8084,CENTERED,CENTERED,CENTERED,84.6,89.9,676,358
2026-06-12T16:37:21.742,1781275041,nicole,TRACKING,0.8297,CENTERED,CENTERED,CENTERED,85.1,89.4,666,353
2026-06-12T16:37:21.851,1781275041,nicole,TRACKING,0.8299,CENTERED,CENTERED,CENTERED,86.2,88.8,650,350
2026-06-12T16:37:21.943,1781275041,nicole,TRACKING,0.8509,CENTERED,CENTERED,CENTERED,87.5,87.7,635,341
2026-06-12T16:37:22.047,1781275042,nicole,TRACKING,0.848,CENTERED,CENTERED,CENTERED,89.3,86.5,616,335
2026-06-12T16:37:22.146,1781275042,nicole,TRACKING,0.6962,CENTERED,CENTERED,CENTERED,89.8,84.5,632,319
2026-06-12T16:37:22.255,1781275042,nicole,TRACKING,0.6952,CENTERED,CENTERED,CENTERED,89.0,83.0,660,318
2026-06-12T16:37:22.353,1781275042,nicole,TRACKING,0.6018,CENTERED,CENTERED,CENTERED,87.1,80.7,693,301
2026-06-12T16:37:22.440,1781275042,nicole,TRACKING,0.8322,CENTERED,CENTERED,CENTERED,84.4,79.8,724,311
2026-06-12T16:37:23.398,1781275043,nicole,TRACKING,0.8361,MOVE_RIGHT,RIGHT,CENTERED,77.8,82.3,837,352
2026-06-12T16:37:23.490,1781275043,nicole,TRACKING,0.8211,MOVE_RIGHT,RIGHT,CENTERED,72.0,84.0,863,352
2026-06-12T16:37:23.585,1781275043,nicole,TRACKING,0.8151,MOVE_RIGHT,RIGHT,CENTERED,62.2,84.6,1002,344
2026-06-12T16:37:25.039,1781275045,nicole,REACQUIRING,0.0,SEARCH,SCAN,SCAN,31.1,81.2,,
2026-06-12T16:37:25.323,1781275045,nicole,TRACKING,0.5608,CENTERED,CENTERED,CENTERED,50.4,80.8,602,320
2026-06-12T16:37:25.413,1781275045,nicole,TRACKING,0.8649,CENTERED,CENTERED,CENTERED,59.3,83.6,711,360
2026-06-12T16:37:25.480,1781275045,nicole,TRACKING,0.7737,CENTERED,CENTERED,CENTERED,66.3,85.5,692,360
2026-06-12T16:37:25.553,1781275045,nicole,TRACKING,0.5578,CENTERED,CENTERED,CENTERED,71.9,86.4,675,354
2026-06-12T16:37:25.863,1781275045,nicole,TRACKING,0.5727,MOVE_RIGHT,RIGHT,CENTERED,68.8,86.0,843,340
2026-06-12T16:37:26.172,1781275046,nicole,TRACKING,0.8526,MOVE_RIGHT,RIGHT,CENTERED,64.0,89.1,904,385
2026-06-12T16:37:26.262,1781275046,nicole,TRACKING,0.5904,MOVE_RIGHT,RIGHT,CENTERED,60.2,90.5,914,375
2026-06-12T16:37:26.377,1781275046,nicole,TRACKING,0.8503,MOVE_RIGHT,RIGHT,CENTERED,57.4,90.3,919,360
2026-06-12T16:37:26.577,1781275046,nicole,TRACKING,0.5577,MOVE_DOWN,CENTERED,DOWN,63.6,96.2,725,439
2026-06-12T16:37:26.784,1781275046,nicole,TRACKING,0.7014,MOVE_DOWN,CENTERED,DOWN,74.0,100.5,582,442
2026-06-12T16:37:26.872,1781275046,nicole,TRACKING,0.7055,MOVE_DOWN,CENTERED,DOWN,82.6,103.5,549,442
2026-06-12T16:37:26.967,1781275046,nicole,TRACKING,0.8066,MOVE_DOWN,CENTERED,DOWN,89.5,105.7,529,443
2026-06-12T16:37:27.052,1781275047,nicole,TRACKING,0.8175,MOVE_DOWN,CENTERED,DOWN,94.7,107.2,521,443
2026-06-12T16:37:27.173,1781275047,nicole,TRACKING,0.7632,MOVE_DOWN,CENTERED,DOWN,97.9,108.4,531,445
2026-06-12T16:37:27.274,1781275047,nicole,TRACKING,0.8225,MOVE_DOWN,CENTERED,DOWN,99.1,108.9,554,440
2026-06-12T16:37:27.879,1781275047,nicole,REACQUIRING,0.0,SEARCH,SCAN,SCAN,94.1,105.2,,
2026-06-12T16:37:28.089,1781275048,nicole,TRACKING,0.7898,MOVE_LEFT,LEFT,CENTERED,98.8,105.2,499,421
2026-06-12T16:37:28.613,1781275048,nicole,REACQUIRING,0.0,SEARCH,SCAN,SCAN,101.8,100.5,,
2026-06-12T16:37:28.794,1781275048,nicole,TRACKING,0.7433,MOVE_LEFT_DOWN,LEFT,DOWN,103.8,103.5,509,442
2026-06-12T16:37:29.377,1781275049,nicole,REACQUIRING,0.0,SEARCH,SCAN,SCAN,100.4,105.7,,
2026-06-12T16:37:29.594,1781275049,nicole,TRACKING,0.733,MOVE_DOWN,CENTERED,DOWN,100.5,107.5,563,447
2026-06-12T16:37:29.815,1781275049,nicole,TRACKING,0.7671,MOVE_LEFT_DOWN,LEFT,DOWN,103.9,108.6,485,444
2026-06-12T16:37:29.901,1781275049,nicole,TRACKING,0.7751,MOVE_LEFT_DOWN,LEFT,DOWN,106.2,109.1,487,441
2026-06-12T16:37:29.999,1781275049,nicole,TRACKING,0.7583,MOVE_LEFT_DOWN,LEFT,DOWN,107.9,109.0,484,436
2026-06-12T16:37:30.102,1781275050,nicole,TRACKING,0.7747,MOVE_LEFT_DOWN,LEFT,DOWN,109.3,109.0,480,435
2026-06-12T16:37:30.219,1781275050,nicole,TRACKING,0.7756,MOVE_LEFT,LEFT,CENTERED,110.3,108.6,478,431
2026-06-12T16:37:30.316,1781275050,nicole,TRACKING,0.7829,MOVE_LEFT_DOWN,LEFT,DOWN,111.3,108.5,473,433
2026-06-12T16:37:30.411,1781275050,nicole,TRACKING,0.7757,MOVE_LEFT,LEFT,CENTERED,111.9,108.3,473,432
2026-06-12T16:37:30.520,1781275050,nicole,TRACKING,0.7928,MOVE_LEFT,LEFT,CENTERED,112.3,108.1,476,430
2026-06-12T16:37:30.610,1781275050,nicole,TRACKING,0.7784,MOVE_LEFT,LEFT,CENTERED,112.5,107.8,476,429
2026-06-12T16:37:30.714,1781275050,nicole,TRACKING,0.7274,MOVE_LEFT,LEFT,CENTERED,113.1,107.7,467,430
2026-06-12T16:37:30.820,1781275050,nicole,TRACKING,0.7575,MOVE_LEFT_DOWN,LEFT,DOWN,113.9,108.3,457,438
2026-06-12T16:37:30.920,1781275050,nicole,TRACKING,0.7572,MOVE_LEFT,LEFT,CENTERED,115.4,108.1,433,431
2026-06-12T16:37:31.004,1781275051,nicole,TRACKING,0.7556,MOVE_LEFT,LEFT,CENTERED,116.7,107.6,430,425
2026-06-12T16:37:31.986,1781275051,nicole,TRACKING,0.7628,MOVE_LEFT,LEFT,CENTERED,117.5,107.0,431,423
2026-06-12T16:37:32.511,1781275052,nicole,REACQUIRING,0.0,SEARCH,SCAN,SCAN,111.4,101.0,,
2026-06-12T16:37:33.202,1781275053,nicole,TRACKING,0.7971,MOVE_RIGHT,RIGHT,CENTERED,96.8,99.4,834,383
2026-06-12T16:37:33.297,1781275053,nicole,TRACKING,0.7881,MOVE_RIGHT,RIGHT,CENTERED,85.7,98.4,855,384
2026-06-12T16:37:33.388,1781275053,nicole,TRACKING,0.7876,MOVE_RIGHT,RIGHT,CENTERED,77.7,97.4,861,381
2026-06-12T16:37:33.473,1781275053,nicole,TRACKING,0.8034,MOVE_RIGHT,RIGHT,CENTERED,71.9,96.7,864,380
2026-06-12T16:37:33.568,1781275053,nicole,TRACKING,0.7902,MOVE_RIGHT,RIGHT,CENTERED,67.5,96.3,873,382
2026-06-12T16:37:33.663,1781275053,nicole,TRACKING,0.7858,MOVE_RIGHT,RIGHT,CENTERED,64.0,95.9,883,380
2026-06-12T16:37:33.749,1781275053,nicole,TRACKING,0.7893,MOVE_RIGHT,RIGHT,CENTERED,61.3,95.7,890,381
2026-06-12T16:37:33.820,1781275053,nicole,TRACKING,0.7978,MOVE_RIGHT,RIGHT,CENTERED,59.0,95.5,897,380
2026-06-12T16:37:33.914,1781275053,nicole,TRACKING,0.8071,MOVE_RIGHT,RIGHT,CENTERED,57.1,95.3,907,379
2026-06-12T16:37:34.034,1781275054,nicole,TRACKING,0.7168,MOVE_RIGHT,RIGHT,CENTERED,55.1,95.3,921,381
2026-06-12T16:37:34.126,1781275054,nicole,TRACKING,0.7237,MOVE_RIGHT,RIGHT,CENTERED,52.7,95.3,945,381
2026-06-12T16:37:34.227,1781275054,nicole,TRACKING,0.5558,MOVE_RIGHT,RIGHT,CENTERED,49.4,95.6,983,386
2026-06-12T16:37:34.541,1781275054,nicole,REACQUIRING,0.0,SEARCH,SCAN,SCAN,33.8,91.7,,
2026-06-12T16:37:34.745,1781275054,nicole,REACQUIRING,0.0,SEARCH,SCAN,SCAN,25.8,86.9,,
2026-06-12T16:37:34.961,1781275054,nicole,REACQUIRING,0.0,SEARCH,SCAN,SCAN,17.8,82.1,,
2026-06-12T16:37:35.148,1781275055,nicole,REACQUIRING,0.0,SEARCH,SCAN,SCAN,9.8,77.3,,
2026-06-12T16:37:36.028,1781275056,nicole,REACQUIRING,0.0,SEARCH,SCAN,SCAN,1.8,72.5,,
2026-06-12T16:37:36.163,1781275056,nicole,REACQUIRING,0.0,SEARCH,SCAN,SCAN,0.0,71.5,,
2026-06-12T16:37:36.368,1781275056,nicole,REACQUIRING,0.0,SEARCH,SCAN,SCAN,0.0,76.3,,
2026-06-12T16:37:36.556,1781275056,nicole,REACQUIRING,0.0,SEARCH,SCAN,SCAN,0.0,81.1,,
2026-06-12T16:37:36.770,1781275056,nicole,REACQUIRING,0.0,SEARCH,SCAN,SCAN,7.8,85.9,,
2026-06-12T16:37:36.957,1781275056,nicole,REACQUIRING,0.0,SEARCH,SCAN,SCAN,15.8,90.7,,
2026-06-12T16:37:37.162,1781275057,nicole,REACQUIRING,0.0,SEARCH,SCAN,SCAN,23.8,95.5,,
2026-06-12T16:37:37.357,1781275057,nicole,REACQUIRING,0.0,SEARCH,SCAN,SCAN,31.8,100.3,,
2026-06-12T16:37:37.572,1781275057,nicole,REACQUIRING,0.0,SEARCH,SCAN,SCAN,39.8,105.1,,
2026-06-12T16:37:37.780,1781275057,nicole,REACQUIRING,0.0,SEARCH,SCAN,SCAN,47.8,109.9,,
2026-06-12T16:37:37.970,1781275057,nicole,REACQUIRING,0.0,SEARCH,SCAN,SCAN,55.8,114.7,,
2026-06-12T16:37:38.181,1781275058,nicole,REACQUIRING,0.0,SEARCH,SCAN,SCAN,63.8,119.5,,
2026-06-12T16:37:38.368,1781275058,nicole,REACQUIRING,0.0,SEARCH,SCAN,SCAN,71.8,121.5,,
2026-06-12T16:37:38.578,1781275058,nicole,REACQUIRING,0.0,SEARCH,SCAN,SCAN,79.8,116.7,,
2026-06-12T16:37:38.783,1781275058,nicole,REACQUIRING,0.0,SEARCH,SCAN,SCAN,87.8,111.9,,
2026-06-12T16:37:38.976,1781275058,nicole,REACQUIRING,0.0,SEARCH,SCAN,SCAN,91.8,107.1,,
2026-06-12T16:37:39.176,1781275059,nicole,REACQUIRING,0.0,SEARCH,SCAN,SCAN,83.8,102.3,,
2026-06-12T16:37:39.376,1781275059,nicole,REACQUIRING,0.0,SEARCH,SCAN,SCAN,75.8,97.5,,
2026-06-12T16:37:39.589,1781275059,nicole,REACQUIRING,0.0,SEARCH,SCAN,SCAN,67.8,92.7,,
2026-06-12T16:37:39.774,1781275059,nicole,REACQUIRING,0.0,SEARCH,SCAN,SCAN,59.8,87.9,,
2026-06-12T16:37:39.984,1781275059,nicole,REACQUIRING,0.0,SEARCH,SCAN,SCAN,51.8,83.1,,
2026-06-12T16:37:40.189,1781275060,nicole,REACQUIRING,0.0,SEARCH,SCAN,SCAN,43.8,78.3,,
2026-06-12T16:37:40.381,1781275060,nicole,REACQUIRING,0.0,SEARCH,SCAN,SCAN,35.8,73.5,,
2026-06-12T16:37:40.593,1781275060,nicole,REACQUIRING,0.0,SEARCH,SCAN,SCAN,27.8,71.5,,
2026-06-12T16:37:40.730,1781275060,nicole,REACQUIRING,0.0,SEARCH,SCAN,SCAN,19.8,76.3,,
2026-06-12T16:37:40.898,1781275060,nicole,REACQUIRING,0.0,SEARCH,SCAN,SCAN,11.8,81.1,,
2026-06-12T16:37:41.091,1781275061,nicole,REACQUIRING,0.0,SEARCH,SCAN,SCAN,3.8,85.9,,
2026-06-12T16:37:41.298,1781275061,nicole,REACQUIRING,0.0,SEARCH,SCAN,SCAN,0.0,90.7,,
2026-06-12T16:37:41.490,1781275061,nicole,REACQUIRING,0.0,SEARCH,SCAN,SCAN,0.0,95.5,,
2026-06-12T16:37:41.695,1781275061,nicole,REACQUIRING,0.0,SEARCH,SCAN,SCAN,0.0,100.3,,
2026-06-12T16:37:41.905,1781275061,nicole,REACQUIRING,0.0,SEARCH,SCAN,SCAN,7.8,105.1,,
2026-06-12T16:37:42.094,1781275062,nicole,REACQUIRING,0.0,SEARCH,SCAN,SCAN,15.8,109.9,,
2026-06-12T16:37:42.306,1781275062,nicole,REACQUIRING,0.0,SEARCH,SCAN,SCAN,23.8,114.7,,
2026-06-12T16:37:42.493,1781275062,nicole,REACQUIRING,0.0,SEARCH,SCAN,SCAN,31.8,119.5,,
2026-06-12T16:37:42.706,1781275062,nicole,REACQUIRING,0.0,SEARCH,SCAN,SCAN,39.8,121.5,,
2026-06-12T16:37:42.898,1781275062,nicole,REACQUIRING,0.0,SEARCH,SCAN,SCAN,47.8,116.7,,
2026-06-12T16:37:43.102,1781275063,nicole,REACQUIRING,0.0,SEARCH,SCAN,SCAN,55.8,111.9,,
2026-06-12T16:37:43.315,1781275063,nicole,REACQUIRING,0.0,SEARCH,SCAN,SCAN,63.8,107.1,,
2026-06-12T16:37:43.507,1781275063,nicole,REACQUIRING,0.0,SEARCH,SCAN,SCAN,71.8,102.3,,
2026-06-12T16:37:43.712,1781275063,nicole,REACQUIRING,0.0,SEARCH,SCAN,SCAN,79.8,97.5,,
2026-06-12T16:37:43.903,1781275063,nicole,REACQUIRING,0.0,SEARCH,SCAN,SCAN,87.8,92.7,,
2026-06-12T16:37:44.109,1781275064,nicole,REACQUIRING,0.0,SEARCH,SCAN,SCAN,91.8,87.9,,
2026-06-12T16:37:44.305,1781275064,nicole,REACQUIRING,0.0,SEARCH,SCAN,SCAN,83.8,83.1,,
2026-06-12T16:37:44.510,1781275064,nicole,REACQUIRING,0.0,SEARCH,SCAN,SCAN,75.8,78.3,,
2026-06-12T16:37:44.720,1781275064,nicole,REACQUIRING,0.0,SEARCH,SCAN,SCAN,67.8,73.5,,
2026-06-12T16:37:44.914,1781275064,nicole,REACQUIRING,0.0,SEARCH,SCAN,SCAN,59.8,71.5,,
2026-06-12T16:37:45.119,1781275065,nicole,REACQUIRING,0.0,SEARCH,SCAN,SCAN,51.8,76.3,,
2026-06-12T16:37:45.313,1781275065,nicole,REACQUIRING,0.0,SEARCH,SCAN,SCAN,43.8,81.1,,
2026-06-12T16:37:45.513,1781275065,nicole,REACQUIRING,0.0,SEARCH,SCAN,SCAN,35.8,85.9,,
2026-06-12T16:37:45.714,1781275065,nicole,REACQUIRING,0.0,SEARCH,SCAN,SCAN,27.8,90.7,,
2026-06-12T16:37:45.918,1781275065,nicole,REACQUIRING,0.0,SEARCH,SCAN,SCAN,19.8,95.5,,
2026-06-12T16:37:46.123,1781275066,nicole,REACQUIRING,0.0,SEARCH,SCAN,SCAN,11.8,100.3,,
2026-06-12T16:37:46.319,1781275066,nicole,REACQUIRING,0.0,SEARCH,SCAN,SCAN,3.8,105.1,,
2026-06-12T16:37:46.529,1781275066,nicole,REACQUIRING,0.0,SEARCH,SCAN,SCAN,0.0,109.9,,
2026-06-12T16:37:46.722,1781275066,nicole,REACQUIRING,0.0,SEARCH,SCAN,SCAN,0.0,114.7,,
2026-06-12T16:37:46.930,1781275066,nicole,REACQUIRING,0.0,SEARCH,SCAN,SCAN,0.0,119.5,,
2026-06-12T16:37:47.137,1781275067,nicole,REACQUIRING,0.0,SEARCH,SCAN,SCAN,7.8,121.5,,
2026-06-12T16:37:47.316,1781275067,nicole,TRACKING,0.6441,MOVE_RIGHT,RIGHT,CENTERED,19.2,112.0,954,360
2026-06-12T16:37:47.500,1781275067,nicole,TRACKING,0.7416,MOVE_RIGHT,RIGHT,CENTERED,27.8,105.4,939,360
2026-06-12T16:37:47.708,1781275067,nicole,TRACKING,0.6561,MOVE_RIGHT,RIGHT,CENTERED,32.4,100.8,973,360
2026-06-12T16:37:48.029,1781275068,nicole,REACQUIRING,0.0,SEARCH,SCAN,SCAN,51.2,85.2,,
2026-06-12T16:37:48.234,1781275068,nicole,REACQUIRING,0.0,SEARCH,SCAN,SCAN,59.2,80.4,,
2026-06-12T16:37:48.430,1781275068,nicole,REACQUIRING,0.0,SEARCH,SCAN,SCAN,67.2,75.6,,
2026-06-12T16:37:48.639,1781275068,nicole,REACQUIRING,0.0,SEARCH,SCAN,SCAN,75.2,70.8,,
2026-06-12T16:37:48.832,1781275068,nicole,REACQUIRING,0.0,SEARCH,SCAN,SCAN,83.2,66.0,,
2026-06-12T16:37:49.041,1781275069,nicole,REACQUIRING,0.0,SEARCH,SCAN,SCAN,91.2,65.0,,
2026-06-12T16:37:49.253,1781275069,nicole,REACQUIRING,0.0,SEARCH,SCAN,SCAN,93.2,69.8,,
2026-06-12T16:37:49.443,1781275069,nicole,REACQUIRING,0.0,SEARCH,SCAN,SCAN,85.2,74.6,,
2026-06-12T16:37:49.657,1781275069,nicole,REACQUIRING,0.0,SEARCH,SCAN,SCAN,77.2,79.4,,
2026-06-12T16:37:49.919,1781275069,nicole,TRACKING,0.7232,MOVE_RIGHT,RIGHT,CENTERED,66.1,85.1,993,393
2026-06-12T16:37:50.131,1781275070,nicole,TRACKING,0.551,MOVE_RIGHT,RIGHT,CENTERED,63.0,89.4,885,398
2026-06-12T16:37:50.224,1781275070,nicole,TRACKING,0.6333,MOVE_RIGHT,RIGHT,CENTERED,61.4,92.5,870,399
2026-06-12T16:37:50.429,1781275070,nicole,TRACKING,0.5919,MOVE_RIGHT,RIGHT,CENTERED,62.2,97.0,825,430
2026-06-12T16:37:50.627,1781275070,nicole,TRACKING,0.5945,MOVE_RIGHT,RIGHT,CENTERED,61.3,97.4,859,393
2026-06-12T16:37:50.829,1781275070,nicole,TRACKING,0.7087,MOVE_RIGHT,RIGHT,CENTERED,62.7,100.3,811,428
2026-06-12T16:37:51.018,1781275071,nicole,TRACKING,0.6183,MOVE_RIGHT,RIGHT,CENTERED,62.6,101.4,836,416
2026-06-12T16:37:51.127,1781275071,nicole,TRACKING,0.6144,MOVE_RIGHT,RIGHT,CENTERED,62.1,101.2,847,403
2026-06-12T16:37:51.223,1781275071,nicole,TRACKING,0.6619,MOVE_RIGHT,RIGHT,CENTERED,61.0,99.6,864,384
2026-06-12T16:37:51.319,1781275071,nicole,TRACKING,0.7061,MOVE_RIGHT,RIGHT,CENTERED,59.9,98.3,872,381
2026-06-12T16:37:51.440,1781275071,nicole,TRACKING,0.6711,MOVE_RIGHT,RIGHT,CENTERED,59.2,96.8,872,373
2026-06-12T16:37:51.530,1781275071,nicole,TRACKING,0.7025,MOVE_RIGHT,RIGHT,CENTERED,57.9,95.7,888,372
2026-06-12T16:37:51.630,1781275071,nicole,TRACKING,0.7155,MOVE_RIGHT,RIGHT,CENTERED,57.2,94.6,886,368
2026-06-12T16:37:51.744,1781275071,nicole,TRACKING,0.7018,MOVE_RIGHT,RIGHT,CENTERED,56.8,94.2,882,374
2026-06-12T16:37:51.836,1781275071,nicole,TRACKING,0.7136,MOVE_RIGHT,RIGHT,CENTERED,56.7,93.9,879,372
2026-06-12T16:37:51.935,1781275071,nicole,TRACKING,0.7087,MOVE_RIGHT,RIGHT,CENTERED,56.3,93.1,886,365
2026-06-12T16:37:52.035,1781275072,nicole,TRACKING,0.6941,MOVE_RIGHT,RIGHT,CENTERED,55.9,92.3,890,362
2026-06-12T16:37:52.112,1781275072,nicole,TRACKING,0.6931,MOVE_RIGHT,RIGHT,CENTERED,55.2,91.8,898,363
2026-06-12T16:37:52.239,1781275072,nicole,TRACKING,0.7025,MOVE_RIGHT,RIGHT,CENTERED,54.7,91.2,899,359
2026-06-12T16:37:52.335,1781275072,nicole,TRACKING,0.6746,MOVE_RIGHT,RIGHT,CENTERED,54.3,90.4,902,354
2026-06-12T16:37:52.449,1781275072,nicole,TRACKING,0.7085,MOVE_RIGHT,RIGHT,CENTERED,53.8,89.5,905,350
2026-06-12T16:37:52.546,1781275072,nicole,TRACKING,0.6883,MOVE_RIGHT,RIGHT,CENTERED,53.6,89.1,902,353
2026-06-12T16:37:52.639,1781275072,nicole,TRACKING,0.6974,MOVE_RIGHT,RIGHT,CENTERED,53.4,88.8,903,352
2026-06-12T16:37:52.725,1781275072,nicole,TRACKING,0.6878,MOVE_RIGHT,RIGHT,CENTERED,53.1,88.2,907,347
2026-06-12T16:37:52.841,1781275072,nicole,TRACKING,0.6669,MOVE_RIGHT,RIGHT,CENTERED,52.8,87.5,911,344
2026-06-12T16:37:52.938,1781275072,nicole,TRACKING,0.6931,MOVE_RIGHT,RIGHT,CENTERED,52.7,86.8,907,341
2026-06-12T16:37:53.035,1781275073,nicole,TRACKING,0.6661,MOVE_RIGHT,RIGHT,CENTERED,52.3,86.4,915,342
2026-06-12T16:37:53.151,1781275073,nicole,TRACKING,0.6429,MOVE_RIGHT,RIGHT,CENTERED,52.1,85.3,912,331
2026-06-12T16:37:53.342,1781275073,nicole,TRACKING,0.665,MOVE_RIGHT,RIGHT,CENTERED,50.5,83.4,947,316
2026-06-12T16:37:53.541,1781275073,nicole,TRACKING,0.6823,MOVE_RIGHT,RIGHT,CENTERED,49.5,83.7,945,337
2026-06-12T16:37:53.641,1781275073,nicole,TRACKING,0.6472,MOVE_RIGHT,RIGHT,CENTERED,48.8,84.9,945,351
2026-06-12T16:37:53.851,1781275073,nicole,TRACKING,0.6061,MOVE_RIGHT,RIGHT,CENTERED,47.6,89.1,962,396
2026-06-12T16:37:53.951,1781275073,nicole,TRACKING,0.6142,MOVE_RIGHT,RIGHT,CENTERED,46.6,93.1,964,410
2026-06-12T16:37:54.038,1781275074,nicole,TRACKING,0.7173,MOVE_RIGHT,RIGHT,CENTERED,45.8,96.2,969,414
2026-06-12T16:37:54.122,1781275074,nicole,TRACKING,0.5995,MOVE_RIGHT,RIGHT,CENTERED,45.4,98.6,963,416
2026-06-12T16:37:54.237,1781275074,nicole,TRACKING,0.7187,MOVE_RIGHT,RIGHT,CENTERED,44.5,101.0,978,427
2026-06-12T16:37:54.349,1781275074,nicole,TRACKING,0.6754,MOVE_RIGHT,RIGHT,CENTERED,43.6,103.0,986,431
2026-06-12T16:37:54.453,1781275074,nicole,TRACKING,0.677,MOVE_RIGHT,RIGHT,CENTERED,42.6,104.3,994,429
2026-06-12T16:37:54.557,1781275074,nicole,TRACKING,0.7091,MOVE_RIGHT,RIGHT,CENTERED,41.9,105.2,994,429
2026-06-12T16:37:54.660,1781275074,nicole,TRACKING,0.7114,MOVE_RIGHT_DOWN,RIGHT,DOWN,41.3,106.2,996,434
2026-06-12T16:37:54.770,1781275074,nicole,TRACKING,0.7141,MOVE_RIGHT_DOWN,RIGHT,DOWN,40.8,107.0,998,436
2026-06-12T16:37:54.865,1781275074,nicole,TRACKING,0.7271,MOVE_RIGHT_DOWN,RIGHT,DOWN,40.5,108.1,998,442
2026-06-12T16:37:54.950,1781275074,nicole,TRACKING,0.7131,MOVE_RIGHT_DOWN,RIGHT,DOWN,40.2,108.6,998,440
2026-06-12T16:37:55.053,1781275075,nicole,TRACKING,0.7305,MOVE_RIGHT_DOWN,RIGHT,DOWN,40.0,109.4,1000,444
2026-06-12T16:37:55.158,1781275075,nicole,TRACKING,0.7441,MOVE_RIGHT_DOWN,RIGHT,DOWN,39.8,109.8,999,444
2026-06-12T16:37:55.257,1781275075,nicole,TRACKING,0.7433,MOVE_RIGHT_DOWN,RIGHT,DOWN,39.8,109.9,997,440
2026-06-12T16:37:55.358,1781275075,nicole,TRACKING,0.7795,MOVE_RIGHT_DOWN,RIGHT,DOWN,39.4,110.0,1007,441
2026-06-12T16:37:55.458,1781275075,nicole,TRACKING,0.7721,MOVE_RIGHT_DOWN,RIGHT,DOWN,38.7,109.6,1017,435
2026-06-12T16:37:55.575,1781275075,nicole,TRACKING,0.7932,MOVE_RIGHT,RIGHT,CENTERED,37.7,108.9,1028,429
2026-06-12T16:37:55.673,1781275075,nicole,TRACKING,0.7594,MOVE_RIGHT,RIGHT,CENTERED,36.7,107.9,1035,422
2026-06-12T16:37:55.760,1781275075,nicole,TRACKING,0.7965,MOVE_RIGHT,RIGHT,CENTERED,35.6,107.2,1046,423
2026-06-12T16:37:55.846,1781275075,nicole,TRACKING,0.7299,MOVE_RIGHT,RIGHT,CENTERED,34.5,106.8,1053,423
2026-06-12T16:37:55.961,1781275075,nicole,TRACKING,0.7511,MOVE_RIGHT,RIGHT,CENTERED,33.2,106.6,1066,424
2026-06-12T16:37:56.186,1781275076,nicole,REACQUIRING,0.0,SEARCH,SCAN,SCAN,22.1,110.8,,
2026-06-12T16:37:56.377,1781275076,nicole,REACQUIRING,0.0,SEARCH,SCAN,SCAN,14.1,115.6,,
2026-06-12T16:37:56.552,1781275076,nicole,TRACKING,0.7355,MOVE_RIGHT,RIGHT,CENTERED,19.3,111.5,1056,408
2026-06-12T16:37:56.674,1781275076,nicole,TRACKING,0.7505,MOVE_RIGHT,RIGHT,CENTERED,23.0,108.9,1056,411
2026-06-12T16:37:56.769,1781275076,nicole,TRACKING,0.7219,MOVE_RIGHT,RIGHT,CENTERED,25.7,106.5,1051,404
2026-06-12T16:37:56.866,1781275076,nicole,TRACKING,0.7143,MOVE_RIGHT,RIGHT,CENTERED,27.8,104.3,1048,396
2026-06-12T16:37:56.957,1781275076,nicole,TRACKING,0.754,MOVE_RIGHT,RIGHT,CENTERED,29.0,103.3,1053,404
2026-06-12T16:37:57.069,1781275077,nicole,TRACKING,0.7077,MOVE_RIGHT,RIGHT,CENTERED,30.0,102.4,1051,401
2026-06-12T16:37:57.151,1781275077,nicole,TRACKING,0.734,MOVE_RIGHT,RIGHT,CENTERED,30.4,101.9,1056,403
2026-06-12T16:37:57.258,1781275077,nicole,TRACKING,0.7221,MOVE_RIGHT,RIGHT,CENTERED,30.6,101.3,1059,400
2026-06-12T16:37:57.471,1781275077,nicole,TRACKING,0.7126,MOVE_RIGHT,RIGHT,CENTERED,30.9,99.4,1055,380
2026-06-12T16:37:57.566,1781275077,nicole,TRACKING,0.7036,MOVE_RIGHT,RIGHT,CENTERED,31.1,98.5,1057,385
2026-06-12T16:37:57.771,1781275077,nicole,TRACKING,0.7118,MOVE_RIGHT,RIGHT,CENTERED,31.1,98.0,1058,387
2026-06-12T16:37:57.863,1781275077,nicole,TRACKING,0.7158,MOVE_RIGHT,RIGHT,CENTERED,31.1,97.8,1058,390
2026-06-12T16:37:58.076,1781275078,nicole,TRACKING,0.7169,MOVE_RIGHT,RIGHT,CENTERED,31.4,95.9,1052,366
2026-06-12T16:37:58.173,1781275078,nicole,TRACKING,0.7082,MOVE_RIGHT,RIGHT,CENTERED,31.5,94.1,1055,360
2026-06-12T16:37:58.264,1781275078,nicole,TRACKING,0.7337,MOVE_RIGHT,RIGHT,CENTERED,31.4,92.9,1057,360
2026-06-12T16:37:58.379,1781275078,nicole,TRACKING,0.6913,MOVE_RIGHT,RIGHT,CENTERED,31.0,92.0,1066,360
2026-06-12T16:37:58.601,1781275078,nicole,REACQUIRING,0.0,SEARCH,SCAN,SCAN,22.1,94.8,,
2026-06-12T16:37:58.793,1781275078,nicole,REACQUIRING,0.0,SEARCH,SCAN,SCAN,14.1,99.6,,
2026-06-12T16:37:59.010,1781275079,nicole,REACQUIRING,0.0,SEARCH,SCAN,SCAN,6.1,104.4,,
2026-06-12T16:37:59.197,1781275079,nicole,REACQUIRING,0.0,SEARCH,SCAN,SCAN,0.0,109.2,,
2026-06-12T16:37:59.392,1781275079,nicole,TRACKING,0.6785,MOVE_RIGHT,RIGHT,CENTERED,9.1,100.6,1065,322
2026-06-12T16:37:59.586,1781275079,nicole,TRACKING,0.6956,MOVE_RIGHT,RIGHT,CENTERED,15.6,93.8,1060,312
2026-06-12T16:37:59.667,1781275079,nicole,TRACKING,0.6949,MOVE_RIGHT,RIGHT,CENTERED,20.5,89.1,1053,312
2026-06-12T16:37:59.788,1781275079,nicole,TRACKING,0.7066,MOVE_RIGHT,RIGHT,CENTERED,23.5,84.5,1064,295
2026-06-12T16:37:59.883,1781275079,nicole,TRACKING,0.6973,MOVE_RIGHT,RIGHT,CENTERED,26.0,81.9,1054,303
2026-06-12T16:37:59.980,1781275079,nicole,TRACKING,0.703,MOVE_RIGHT,RIGHT,CENTERED,27.8,79.9,1052,301
2026-06-12T16:38:00.087,1781275080,nicole,TRACKING,0.667,MOVE_RIGHT,RIGHT,CENTERED,29.1,78.0,1051,294
2026-06-12T16:38:00.192,1781275080,nicole,TRACKING,0.6207,MOVE_RIGHT_UP,RIGHT,UP,30.0,76.0,1052,286
2026-06-12T16:38:00.293,1781275080,nicole,TRACKING,0.6156,MOVE_RIGHT_UP,RIGHT,UP,30.6,73.5,1053,270
2026-06-12T16:38:00.375,1781275080,nicole,TRACKING,0.6476,MOVE_RIGHT_UP,RIGHT,UP,31.0,71.5,1052,267
2026-06-12T16:38:00.490,1781275080,nicole,TRACKING,0.5792,MOVE_RIGHT_UP,RIGHT,UP,31.4,69.7,1051,262
2026-06-12T16:38:00.588,1781275080,nicole,TRACKING,0.6671,MOVE_RIGHT_UP,RIGHT,UP,31.8,69.3,1046,274
2026-06-12T16:38:00.809,1781275080,nicole,REACQUIRING,0.0,SEARCH,SCAN,SCAN,24.9,73.3,,
2026-06-12T16:38:01.001,1781275081,nicole,REACQUIRING,0.0,SEARCH,SCAN,SCAN,16.9,78.1,,
2026-06-12T16:38:01.219,1781275081,nicole,REACQUIRING,0.0,SEARCH,SCAN,SCAN,8.9,82.9,,
2026-06-12T16:38:01.425,1781275081,nicole,REACQUIRING,0.0,SEARCH,SCAN,SCAN,0.9,87.7,,
2026-06-12T16:38:01.618,1781275081,nicole,REACQUIRING,0.0,SEARCH,SCAN,SCAN,0.0,92.5,,
2026-06-12T16:38:01.829,1781275081,nicole,REACQUIRING,0.0,SEARCH,SCAN,SCAN,0.0,93.5,,
2026-06-12T16:38:02.017,1781275082,nicole,REACQUIRING,0.0,SEARCH,SCAN,SCAN,0.0,88.7,,
2026-06-12T16:38:02.224,1781275082,nicole,REACQUIRING,0.0,SEARCH,SCAN,SCAN,0.0,83.9,,
2026-06-12T16:38:02.392,1781275082,nicole,REACQUIRING,0.0,SEARCH,SCAN,SCAN,0.0,79.1,,
2026-06-12T16:38:03.509,1781275083,nicole,REACQUIRING,0.0,SEARCH,SCAN,SCAN,6.9,74.3,,
2026-06-12T16:38:03.632,1781275083,nicole,REACQUIRING,0.0,SEARCH,SCAN,SCAN,14.9,69.5,,
2026-06-12T16:38:03.842,1781275083,nicole,REACQUIRING,0.0,SEARCH,SCAN,SCAN,22.9,64.7,,
2026-06-12T16:38:04.030,1781275084,nicole,REACQUIRING,0.0,SEARCH,SCAN,SCAN,30.9,59.9,,
2026-06-12T16:38:04.210,1781275084,nicole,REACQUIRING,0.0,SEARCH,SCAN,SCAN,38.9,55.1,,
2026-06-12T16:38:04.340,1781275084,nicole,REACQUIRING,0.0,SEARCH,SCAN,SCAN,46.9,50.3,,
2026-06-12T16:38:04.505,1781275084,nicole,TRACKING,0.5538,MOVE_RIGHT_UP,RIGHT,UP,44.2,51.6,1010,218
2026-06-12T16:38:04.603,1781275084,nicole,TRACKING,0.5675,MOVE_RIGHT_UP,RIGHT,UP,41.8,54.8,1022,249
2026-06-12T16:38:04.809,1781275084,nicole,TRACKING,0.5771,MOVE_RIGHT_UP,RIGHT,UP,41.1,56.9,999,248
2026-06-12T16:38:05.340,1781275085,nicole,REACQUIRING,0.0,SEARCH,SCAN,SCAN,47.5,57.2,,
2026-06-12T16:38:05.545,1781275085,nicole,REACQUIRING,0.0,SEARCH,SCAN,SCAN,55.5,52.4,,
2026-06-12T16:38:05.738,1781275085,nicole,REACQUIRING,0.0,SEARCH,SCAN,SCAN,63.5,47.6,,
2026-06-12T16:38:05.953,1781275085,nicole,REACQUIRING,0.0,SEARCH,SCAN,SCAN,71.5,42.8,,
2026-06-12T16:38:06.145,1781275086,nicole,REACQUIRING,0.0,SEARCH,SCAN,SCAN,79.5,38.0,,
2026-06-12T16:38:06.354,1781275086,nicole,REACQUIRING,0.0,SEARCH,SCAN,SCAN,87.5,37.0,,
2026-06-12T16:38:06.553,1781275086,nicole,REACQUIRING,0.0,SEARCH,SCAN,SCAN,89.5,41.8,,
2026-06-12T16:38:06.732,1781275086,nicole,REACQUIRING,0.0,SEARCH,SCAN,SCAN,81.5,46.6,,
2026-06-12T16:38:06.925,1781275086,nicole,REACQUIRING,0.0,SEARCH,SCAN,SCAN,73.5,51.4,,
2026-06-12T16:38:07.049,1781275087,nicole,REACQUIRING,0.0,SEARCH,SCAN,SCAN,65.5,56.2,,
2026-06-12T16:38:07.242,1781275087,nicole,REACQUIRING,0.0,SEARCH,SCAN,SCAN,57.5,61.0,,
2026-06-12T16:38:07.449,1781275087,nicole,REACQUIRING,0.0,SEARCH,SCAN,SCAN,49.5,65.8,,
2026-06-12T16:38:07.661,1781275087,nicole,REACQUIRING,0.0,SEARCH,SCAN,SCAN,41.5,70.6,,
2026-06-12T16:38:07.856,1781275087,nicole,REACQUIRING,0.0,SEARCH,SCAN,SCAN,33.5,75.4,,
2026-06-12T16:38:08.063,1781275088,nicole,REACQUIRING,0.0,SEARCH,SCAN,SCAN,25.5,80.2,,
2026-06-12T16:38:08.333,1781275088,nicole,REACQUIRING,0.0,SEARCH,SCAN,SCAN,17.5,85.0,,
2026-06-12T16:38:08.464,1781275088,nicole,REACQUIRING,0.0,SEARCH,SCAN,SCAN,9.5,87.0,,
2026-06-12T16:38:08.638,1781275088,nicole,REACQUIRING,0.0,SEARCH,SCAN,SCAN,1.5,82.2,,
2026-06-12T16:38:08.823,1781275088,nicole,REACQUIRING,0.0,SEARCH,SCAN,SCAN,0.0,77.4,,
2026-06-12T16:38:08.941,1781275088,nicole,TRACKING,0.5541,MOVE_RIGHT_UP,RIGHT,UP,18.1,75.6,851,285
2026-06-12T16:38:09.039,1781275089,nicole,TRACKING,0.5868,MOVE_RIGHT_UP,RIGHT,UP,30.9,74.2,849,284
2026-06-12T16:38:09.640,1781275089,nicole,TRACKING,0.5755,MOVE_UP,CENTERED,UP,49.7,72.6,614,276
2026-06-12T16:38:09.743,1781275089,nicole,TRACKING,0.5767,CENTERED,CENTERED,CENTERED,61.8,72.5,640,289
2026-06-12T16:38:09.949,1781275089,nicole,TRACKING,0.5803,CENTERED,CENTERED,CENTERED,66.6,74.7,727,319
2026-06-12T16:38:10.043,1781275090,nicole,TRACKING,0.6424,CENTERED,CENTERED,CENTERED,69.1,77.0,747,330
2026-06-12T16:38:10.155,1781275090,nicole,TRACKING,0.6772,MOVE_RIGHT,RIGHT,CENTERED,69.8,78.9,773,333
2026-06-12T16:38:10.247,1781275090,nicole,TRACKING,0.6589,CENTERED,CENTERED,CENTERED,70.5,82.2,767,360
2026-06-12T16:38:10.352,1781275090,nicole,TRACKING,0.7367,CENTERED,CENTERED,CENTERED,71.1,84.6,765,360
2026-06-12T16:38:10.448,1781275090,nicole,TRACKING,0.5953,MOVE_RIGHT,RIGHT,CENTERED,71.3,86.2,769,360
2026-06-12T16:38:10.559,1781275090,nicole,TRACKING,0.6768,CENTERED,CENTERED,CENTERED,72.3,87.3,750,360
2026-06-12T16:38:10.657,1781275090,nicole,TRACKING,0.7554,CENTERED,CENTERED,CENTERED,72.9,88.1,750,360
2026-06-12T16:38:10.751,1781275090,nicole,TRACKING,0.7524,CENTERED,CENTERED,CENTERED,73.4,88.7,750,360
2026-06-12T16:38:10.857,1781275090,nicole,TRACKING,0.7457,CENTERED,CENTERED,CENTERED,73.7,89.1,751,360
2026-06-12T16:38:10.956,1781275090,nicole,TRACKING,0.7539,CENTERED,CENTERED,CENTERED,73.7,89.4,755,360
2026-06-12T16:38:11.054,1781275091,nicole,TRACKING,0.7296,CENTERED,CENTERED,CENTERED,73.8,89.6,755,360
2026-06-12T16:38:11.146,1781275091,nicole,TRACKING,0.7313,CENTERED,CENTERED,CENTERED,73.8,89.7,755,360
2026-06-12T16:38:11.266,1781275091,nicole,TRACKING,0.652,CENTERED,CENTERED,CENTERED,73.7,89.8,758,360
2026-06-12T16:38:11.363,1781275091,nicole,TRACKING,0.7216,CENTERED,CENTERED,CENTERED,74.5,89.8,737,360
2026-06-12T16:38:11.453,1781275091,nicole,TRACKING,0.6264,CENTERED,CENTERED,CENTERED,75.0,89.9,738,360
2026-06-12T16:38:11.572,1781275091,nicole,TRACKING,0.7637,CENTERED,CENTERED,CENTERED,75.3,89.9,739,360
2026-06-12T16:38:11.668,1781275091,nicole,TRACKING,0.7741,CENTERED,CENTERED,CENTERED,75.6,89.9,739,360
2026-06-12T16:38:11.765,1781275091,nicole,TRACKING,0.7404,CENTERED,CENTERED,CENTERED,75.7,90.0,739,360
2026-06-12T16:38:11.849,1781275091,nicole,TRACKING,0.7219,CENTERED,CENTERED,CENTERED,75.8,90.0,739,360
2026-06-12T16:38:11.961,1781275091,nicole,TRACKING,0.7526,CENTERED,CENTERED,CENTERED,76.2,90.0,733,360
2026-06-12T16:38:12.058,1781275092,nicole,TRACKING,0.7563,CENTERED,CENTERED,CENTERED,76.4,90.0,732,360
2026-06-12T16:38:12.164,1781275092,nicole,TRACKING,0.7436,CENTERED,CENTERED,CENTERED,76.3,90.0,739,360
2026-06-12T16:38:12.265,1781275092,nicole,TRACKING,0.7224,CENTERED,CENTERED,CENTERED,76.2,90.0,740,360
2026-06-12T16:38:12.361,1781275092,nicole,TRACKING,0.7491,CENTERED,CENTERED,CENTERED,76.2,90.0,738,360
2026-06-12T16:38:12.428,1781275092,nicole,TRACKING,0.7185,CENTERED,CENTERED,CENTERED,76.2,90.0,739,360
2026-06-12T16:38:12.545,1781275092,nicole,TRACKING,0.7325,CENTERED,CENTERED,CENTERED,76.1,90.0,740,360
2026-06-12T16:38:12.666,1781275092,nicole,TRACKING,0.7302,CENTERED,CENTERED,CENTERED,75.9,90.0,743,360
2026-06-12T16:38:12.760,1781275092,nicole,TRACKING,0.7264,CENTERED,CENTERED,CENTERED,75.9,90.0,740,360
2026-06-12T16:38:12.864,1781275092,nicole,TRACKING,0.7358,CENTERED,CENTERED,CENTERED,75.6,90.0,747,360
2026-06-12T16:38:12.972,1781275092,nicole,TRACKING,0.7299,CENTERED,CENTERED,CENTERED,75.5,90.0,746,360
2026-06-12T16:38:13.070,1781275093,nicole,TRACKING,0.7303,CENTERED,CENTERED,CENTERED,75.5,90.0,742,360
2026-06-12T16:38:13.165,1781275093,nicole,TRACKING,0.7406,CENTERED,CENTERED,CENTERED,76.0,90.0,732,360
2026-06-12T16:38:13.400,1781275093,nicole,REACQUIRING,0.0,SEARCH,SCAN,SCAN,69.1,85.2,,
2026-06-12T16:38:13.606,1781275093,nicole,REACQUIRING,0.0,SEARCH,SCAN,SCAN,61.1,80.4,,
2026-06-12T16:38:13.805,1781275093,nicole,REACQUIRING,0.0,SEARCH,SCAN,SCAN,53.1,75.6,,
2026-06-12T16:38:14.006,1781275094,nicole,REACQUIRING,0.0,SEARCH,SCAN,SCAN,45.1,70.8,,
2026-06-12T16:38:14.193,1781275094,nicole,REACQUIRING,0.0,SEARCH,SCAN,SCAN,37.1,66.0,,
2026-06-12T16:38:14.406,1781275094,nicole,REACQUIRING,0.0,SEARCH,SCAN,SCAN,29.1,65.0,,
2026-06-12T16:38:14.617,1781275094,nicole,REACQUIRING,0.0,SEARCH,SCAN,SCAN,27.1,69.8,,
2026-06-12T16:38:14.808,1781275094,nicole,REACQUIRING,0.0,SEARCH,SCAN,SCAN,35.1,74.6,,
2026-06-12T16:38:15.016,1781275095,nicole,REACQUIRING,0.0,SEARCH,SCAN,SCAN,43.1,79.4,,
2026-06-12T16:38:15.277,1781275095,nicole,TRACKING,0.824,MOVE_RIGHT,RIGHT,CENTERED,50.6,82.6,794,360
2026-06-12T16:38:15.389,1781275095,nicole,TRACKING,0.8315,MOVE_RIGHT,RIGHT,CENTERED,56.3,84.8,786,360
2026-06-12T16:38:15.479,1781275095,nicole,TRACKING,0.8103,MOVE_RIGHT,RIGHT,CENTERED,60.6,86.4,777,360
2026-06-12T16:38:15.577,1781275095,nicole,TRACKING,0.7884,MOVE_RIGHT,RIGHT,CENTERED,63.8,87.5,774,360
2026-06-12T16:38:15.696,1781275095,nicole,TRACKING,0.7446,CENTERED,CENTERED,CENTERED,66.6,88.2,759,360
2026-06-12T16:38:15.779,1781275095,nicole,TRACKING,0.7564,CENTERED,CENTERED,CENTERED,68.8,88.8,755,360
2026-06-12T16:38:15.887,1781275095,nicole,TRACKING,0.7484,CENTERED,CENTERED,CENTERED,70.5,89.1,751,360
2026-06-12T16:38:15.990,1781275095,nicole,TRACKING,0.7492,CENTERED,CENTERED,CENTERED,71.6,89.4,751,360
2026-06-12T16:38:16.093,1781275096,nicole,TRACKING,0.7316,CENTERED,CENTERED,CENTERED,72.5,89.6,751,360
2026-06-12T16:38:16.193,1781275096,nicole,TRACKING,0.7412,CENTERED,CENTERED,CENTERED,73.1,89.7,750,360
2026-06-12T16:38:16.282,1781275096,nicole,TRACKING,0.7226,CENTERED,CENTERED,CENTERED,73.6,89.8,749,360
2026-06-12T16:38:16.392,1781275096,nicole,TRACKING,0.7298,CENTERED,CENTERED,CENTERED,74.0,89.9,747,360
2026-06-12T16:38:16.488,1781275096,nicole,TRACKING,0.7243,CENTERED,CENTERED,CENTERED,74.3,89.9,747,360
2026-06-12T16:38:16.583,1781275096,nicole,TRACKING,0.6834,CENTERED,CENTERED,CENTERED,74.5,89.9,746,360
2026-06-12T16:38:16.679,1781275096,nicole,TRACKING,0.7328,CENTERED,CENTERED,CENTERED,74.8,89.9,744,360
2026-06-12T16:38:16.799,1781275096,nicole,TRACKING,0.7425,CENTERED,CENTERED,CENTERED,74.9,90.0,745,360
2026-06-12T16:38:16.888,1781275096,nicole,TRACKING,0.7334,CENTERED,CENTERED,CENTERED,74.9,90.0,748,360
2026-06-12T16:38:16.996,1781275096,nicole,TRACKING,0.7451,CENTERED,CENTERED,CENTERED,75.0,90.0,745,360
2026-06-12T16:38:17.075,1781275097,nicole,TRACKING,0.7361,CENTERED,CENTERED,CENTERED,75.0,90.0,747,360
2026-06-12T16:38:17.203,1781275097,nicole,TRACKING,0.7531,CENTERED,CENTERED,CENTERED,75.1,90.0,745,360
2026-06-12T16:38:17.292,1781275097,nicole,TRACKING,0.7447,CENTERED,CENTERED,CENTERED,75.0,90.0,748,360
2026-06-12T16:38:17.393,1781275097,nicole,TRACKING,0.7759,CENTERED,CENTERED,CENTERED,75.0,90.0,746,360
2026-06-12T16:38:17.501,1781275097,nicole,TRACKING,0.7723,CENTERED,CENTERED,CENTERED,74.9,90.0,749,360
2026-06-12T16:38:17.601,1781275097,nicole,TRACKING,0.7431,CENTERED,CENTERED,CENTERED,74.9,90.0,747,360
2026-06-12T16:38:17.697,1781275097,nicole,TRACKING,0.7509,CENTERED,CENTERED,CENTERED,74.8,90.0,749,360
2026-06-12T16:38:17.804,1781275097,nicole,TRACKING,0.745,CENTERED,CENTERED,CENTERED,74.9,90.0,747,360
2026-06-12T16:38:17.904,1781275097,nicole,TRACKING,0.7522,CENTERED,CENTERED,CENTERED,74.9,90.0,746,360
2026-06-12T16:38:18.004,1781275098,nicole,TRACKING,0.7441,CENTERED,CENTERED,CENTERED,74.9,90.0,748,360
2026-06-12T16:38:18.104,1781275098,nicole,TRACKING,0.7501,CENTERED,CENTERED,CENTERED,74.8,90.0,749,360
2026-06-12T16:38:18.177,1781275098,nicole,TRACKING,0.728,CENTERED,CENTERED,CENTERED,74.7,90.0,750,360
2026-06-12T16:38:18.280,1781275098,nicole,TRACKING,0.7208,CENTERED,CENTERED,CENTERED,74.5,90.0,754,360
2026-06-12T16:38:18.392,1781275098,nicole,TRACKING,0.7036,CENTERED,CENTERED,CENTERED,74.5,90.0,751,360
2026-06-12T16:38:18.501,1781275098,nicole,TRACKING,0.7179,CENTERED,CENTERED,CENTERED,74.4,90.0,753,360
2026-06-12T16:38:18.603,1781275098,nicole,TRACKING,0.7223,CENTERED,CENTERED,CENTERED,74.4,90.0,751,360
2026-06-12T16:38:18.699,1781275098,nicole,TRACKING,0.7197,CENTERED,CENTERED,CENTERED,74.3,90.0,752,360
2026-06-12T16:38:18.793,1781275098,nicole,TRACKING,0.7251,CENTERED,CENTERED,CENTERED,74.4,90.0,751,360
2026-06-12T16:38:18.904,1781275098,nicole,TRACKING,0.7292,CENTERED,CENTERED,CENTERED,74.3,90.0,753,360
2026-06-12T16:38:19.004,1781275099,nicole,TRACKING,0.7209,CENTERED,CENTERED,CENTERED,74.3,90.0,752,360
2026-06-12T16:38:19.108,1781275099,nicole,TRACKING,0.7309,CENTERED,CENTERED,CENTERED,74.1,90.0,755,360
2026-06-12T16:38:19.203,1781275099,nicole,TRACKING,0.7163,CENTERED,CENTERED,CENTERED,74.0,90.0,756,360
2026-06-12T16:38:19.307,1781275099,nicole,TRACKING,0.7354,CENTERED,CENTERED,CENTERED,73.9,90.0,757,360
2026-06-12T16:38:19.403,1781275099,nicole,TRACKING,0.7245,CENTERED,CENTERED,CENTERED,73.6,90.0,760,360
2026-06-12T16:38:19.519,1781275099,nicole,TRACKING,0.6903,CENTERED,CENTERED,CENTERED,73.4,90.0,763,360
2026-06-12T16:38:19.604,1781275099,nicole,TRACKING,0.7341,CENTERED,CENTERED,CENTERED,73.2,90.0,762,360
2026-06-12T16:38:19.712,1781275099,nicole,TRACKING,0.7177,CENTERED,CENTERED,CENTERED,73.1,90.0,761,360
2026-06-12T16:38:19.802,1781275099,nicole,TRACKING,0.701,CENTERED,CENTERED,CENTERED,73.2,90.0,759,360
2026-06-12T16:38:19.917,1781275099,nicole,TRACKING,0.6893,CENTERED,CENTERED,CENTERED,73.3,90.0,756,360
2026-06-12T16:38:19.988,1781275099,nicole,TRACKING,0.5897,CENTERED,CENTERED,CENTERED,73.8,90.0,748,360
2026-06-12T16:38:20.432,1781275100,nicole,REACQUIRING,0.0,SEARCH,SCAN,SCAN,82.8,94.8,,
2026-06-12T16:38:20.645,1781275100,nicole,REACQUIRING,0.0,SEARCH,SCAN,SCAN,90.8,99.6,,
2026-06-12T16:38:20.803,1781275100,nicole,REACQUIRING,0.0,SEARCH,SCAN,SCAN,98.8,104.4,,
2026-06-12T16:38:20.949,1781275100,nicole,REACQUIRING,0.0,SEARCH,SCAN,SCAN,106.8,109.2,,
2026-06-12T16:38:21.134,1781275101,nicole,REACQUIRING,0.0,SEARCH,SCAN,SCAN,114.8,114.0,,
2026-06-12T16:38:21.342,1781275101,nicole,REACQUIRING,0.0,SEARCH,SCAN,SCAN,122.8,115.0,,
2026-06-12T16:38:21.561,1781275101,nicole,REACQUIRING,0.0,SEARCH,SCAN,SCAN,124.8,110.2,,
2026-06-12T16:38:21.750,1781275101,nicole,REACQUIRING,0.0,SEARCH,SCAN,SCAN,116.8,105.4,,
2026-06-12T16:38:21.958,1781275101,nicole,REACQUIRING,0.0,SEARCH,SCAN,SCAN,108.8,100.6,,
2026-06-12T16:38:22.150,1781275102,nicole,REACQUIRING,0.0,SEARCH,SCAN,SCAN,100.8,95.8,,
2026-06-12T16:38:22.354,1781275102,nicole,REACQUIRING,0.0,SEARCH,SCAN,SCAN,92.8,91.0,,
2026-06-12T16:38:22.548,1781275102,nicole,REACQUIRING,0.0,SEARCH,SCAN,SCAN,84.8,86.2,,
2026-06-12T16:38:22.761,1781275102,nicole,REACQUIRING,0.0,SEARCH,SCAN,SCAN,76.8,81.4,,
2026-06-12T16:38:22.965,1781275102,nicole,REACQUIRING,0.0,SEARCH,SCAN,SCAN,68.8,76.6,,
2026-06-12T16:38:23.157,1781275103,nicole,REACQUIRING,0.0,SEARCH,SCAN,SCAN,60.8,71.8,,
2026-06-12T16:38:23.368,1781275103,nicole,REACQUIRING,0.0,SEARCH,SCAN,SCAN,52.8,67.0,,
2026-06-12T16:38:23.566,1781275103,nicole,REACQUIRING,0.0,SEARCH,SCAN,SCAN,44.8,65.0,,
2026-06-12T16:38:23.769,1781275103,nicole,REACQUIRING,0.0,SEARCH,SCAN,SCAN,36.8,69.8,,
2026-06-12T16:38:24.047,1781275104,nicole,REACQUIRING,0.0,SEARCH,SCAN,SCAN,28.8,74.6,,
2026-06-12T16:38:24.203,1781275104,nicole,REACQUIRING,0.0,SEARCH,SCAN,SCAN,24.8,79.4,,
2026-06-12T16:38:24.369,1781275104,nicole,REACQUIRING,0.0,SEARCH,SCAN,SCAN,32.8,84.2,,
2026-06-12T16:38:24.560,1781275104,nicole,REACQUIRING,0.0,SEARCH,SCAN,SCAN,40.8,89.0,,
2026-06-12T16:38:24.766,1781275104,nicole,REACQUIRING,0.0,SEARCH,SCAN,SCAN,48.8,93.8,,
2026-06-12T16:38:24.971,1781275104,nicole,REACQUIRING,0.0,SEARCH,SCAN,SCAN,56.8,98.6,,
2026-06-12T16:38:25.175,1781275105,nicole,REACQUIRING,0.0,SEARCH,SCAN,SCAN,64.8,103.4,,
2026-06-12T16:38:25.383,1781275105,nicole,REACQUIRING,0.0,SEARCH,SCAN,SCAN,72.8,108.2,,
2026-06-12T16:38:25.577,1781275105,nicole,REACQUIRING,0.0,SEARCH,SCAN,SCAN,80.8,113.0,,
2026-06-12T16:38:25.976,1781275105,nicole,REACQUIRING,0.0,SEARCH,SCAN,SCAN,88.8,115.0,,
2026-06-12T16:38:26.188,1781275106,nicole,REACQUIRING,0.0,SEARCH,SCAN,SCAN,96.8,110.2,,
2026-06-12T16:38:26.383,1781275106,nicole,REACQUIRING,0.0,SEARCH,SCAN,SCAN,104.8,105.4,,
2026-06-12T16:38:26.582,1781275106,nicole,REACQUIRING,0.0,SEARCH,SCAN,SCAN,112.8,100.6,,
2026-06-12T16:38:26.744,1781275106,nicole,REACQUIRING,0.0,SEARCH,SCAN,SCAN,120.8,95.8,,
2026-06-12T16:38:26.886,1781275106,nicole,REACQUIRING,0.0,SEARCH,SCAN,SCAN,124.8,91.0,,
2026-06-12T16:38:27.089,1781275107,nicole,REACQUIRING,0.0,SEARCH,SCAN,SCAN,116.8,86.2,,
2026-06-12T16:38:27.279,1781275107,nicole,REACQUIRING,0.0,SEARCH,SCAN,SCAN,108.8,81.4,,
2026-06-12T16:38:27.499,1781275107,nicole,REACQUIRING,0.0,SEARCH,SCAN,SCAN,100.8,76.6,,
2026-06-12T16:38:27.691,1781275107,nicole,REACQUIRING,0.0,SEARCH,SCAN,SCAN,92.8,71.8,,
2026-06-12T16:38:27.891,1781275107,nicole,REACQUIRING,0.0,SEARCH,SCAN,SCAN,84.8,67.0,,
2026-06-12T16:38:28.089,1781275108,nicole,REACQUIRING,0.0,SEARCH,SCAN,SCAN,76.8,65.0,,
2026-06-12T16:38:28.299,1781275108,nicole,REACQUIRING,0.0,SEARCH,SCAN,SCAN,68.8,69.8,,
2026-06-12T16:38:28.500,1781275108,nicole,REACQUIRING,0.0,SEARCH,SCAN,SCAN,60.8,74.6,,
2026-06-12T16:38:28.695,1781275108,nicole,REACQUIRING,0.0,SEARCH,SCAN,SCAN,52.8,79.4,,
2026-06-12T16:38:28.985,1781275108,nicole,REACQUIRING,0.0,SEARCH,SCAN,SCAN,44.8,84.2,,
2026-06-12T16:38:29.170,1781275109,nicole,REACQUIRING,0.0,SEARCH,SCAN,SCAN,36.8,89.0,,
2026-06-12T16:38:29.277,1781275109,nicole,TRACKING,0.6665,MOVE_RIGHT,RIGHT,CENTERED,45.4,89.3,814,360
2026-06-12T16:38:29.368,1781275109,nicole,TRACKING,0.5952,MOVE_RIGHT,RIGHT,CENTERED,51.5,89.5,814,360
2026-06-12T16:38:29.984,1781275109,nicole,TRACKING,0.587,MOVE_RIGHT,RIGHT,CENTERED,57.5,89.7,771,360
2026-06-12T16:38:30.060,1781275110,nicole,TRACKING,0.5559,CENTERED,CENTERED,CENTERED,61.9,89.8,766,360
2026-06-12T16:38:30.166,1781275110,nicole,TRACKING,0.6223,CENTERED,CENTERED,CENTERED,65.2,89.8,762,360
2026-06-12T16:38:30.265,1781275110,nicole,TRACKING,0.5805,CENTERED,CENTERED,CENTERED,67.5,89.9,762,360
2026-06-12T16:38:30.378,1781275110,nicole,TRACKING,0.5856,CENTERED,CENTERED,CENTERED,69.1,89.9,761,360
2026-06-12T16:38:30.869,1781275110,nicole,TRACKING,0.5794,MOVE_RIGHT,RIGHT,CENTERED,69.8,89.9,772,360
2026-06-12T16:38:31.083,1781275111,nicole,TRACKING,0.5656,MOVE_RIGHT,RIGHT,CENTERED,69.8,90.0,784,360
2026-06-12T16:38:31.611,1781275111,nicole,REACQUIRING,0.0,SEARCH,SCAN,SCAN,61.7,94.8,,
2026-06-12T16:38:31.803,1781275111,nicole,REACQUIRING,0.0,SEARCH,SCAN,SCAN,53.7,99.6,,
2026-06-12T16:38:32.089,1781275112,nicole,REACQUIRING,0.0,SEARCH,SCAN,SCAN,45.7,104.4,,
2026-06-12T16:38:32.213,1781275112,nicole,REACQUIRING,0.0,SEARCH,SCAN,SCAN,37.7,109.2,,
2026-06-12T16:38:32.387,1781275112,nicole,REACQUIRING,0.0,SEARCH,SCAN,SCAN,29.7,114.0,,
2026-06-12T16:38:32.587,1781275112,nicole,REACQUIRING,0.0,SEARCH,SCAN,SCAN,21.7,115.0,,
2026-06-12T16:38:32.790,1781275112,nicole,REACQUIRING,0.0,SEARCH,SCAN,SCAN,19.7,110.2,,
2026-06-12T16:38:32.985,1781275112,nicole,REACQUIRING,0.0,SEARCH,SCAN,SCAN,27.7,105.4,,
2026-06-12T16:38:33.194,1781275113,nicole,REACQUIRING,0.0,SEARCH,SCAN,SCAN,35.7,100.6,,
2026-06-12T16:38:33.393,1781275113,nicole,REACQUIRING,0.0,SEARCH,SCAN,SCAN,43.7,95.8,,
2026-06-12T16:38:33.591,1781275113,nicole,REACQUIRING,0.0,SEARCH,SCAN,SCAN,51.7,91.0,,
2026-06-12T16:38:33.805,1781275113,nicole,REACQUIRING,0.0,SEARCH,SCAN,SCAN,59.7,86.2,,
2026-06-12T16:38:33.996,1781275113,nicole,REACQUIRING,0.0,SEARCH,SCAN,SCAN,67.7,81.4,,
2026-06-12T16:38:34.213,1781275114,nicole,REACQUIRING,0.0,SEARCH,SCAN,SCAN,75.7,76.6,,
2026-06-12T16:38:34.401,1781275114,nicole,REACQUIRING,0.0,SEARCH,SCAN,SCAN,83.7,71.8,,
2026-06-12T16:38:34.603,1781275114,nicole,TRACKING,0.583,CENTERED,CENTERED,CENTERED,84.8,77.3,659,360
2026-06-12T16:38:34.697,1781275114,nicole,TRACKING,0.5685,CENTERED,CENTERED,CENTERED,85.9,81.1,652,360
2026-06-12T16:38:34.813,1781275114,nicole,TRACKING,0.587,CENTERED,CENTERED,CENTERED,87.1,83.8,640,360
2026-06-12T16:38:35.403,1781275115,nicole,TRACKING,0.5641,CENTERED,CENTERED,CENTERED,89.3,85.6,608,360
2026-06-12T16:38:35.615,1781275115,nicole,TRACKING,0.5973,CENTERED,CENTERED,CENTERED,90.5,86.9,616,360
2026-06-12T16:38:35.716,1781275115,nicole,TRACKING,0.5546,CENTERED,CENTERED,CENTERED,91.1,87.9,622,360
2026-06-12T16:38:36.312,1781275116,nicole,REACQUIRING,0.0,SEARCH,SCAN,SCAN,100.5,85.2,,
2026-06-12T16:38:36.421,1781275116,nicole,TRACKING,0.5644,CENTERED,CENTERED,CENTERED,96.7,86.6,656,360
2026-06-12T16:38:36.509,1781275116,nicole,TRACKING,0.5813,CENTERED,CENTERED,CENTERED,94.0,87.6,656,360
2026-06-12T16:38:36.625,1781275116,nicole,TRACKING,0.5801,CENTERED,CENTERED,CENTERED,92.0,88.4,658,360
2026-06-12T16:38:36.721,1781275116,nicole,TRACKING,0.5822,CENTERED,CENTERED,CENTERED,90.7,88.8,658,360
2026-06-12T16:38:37.215,1781275117,nicole,TRACKING,0.5748,CENTERED,CENTERED,CENTERED,89.6,89.2,660,360
2026-06-12T16:38:37.328,1781275117,nicole,TRACKING,0.5807,CENTERED,CENTERED,CENTERED,88.9,89.4,660,360
2026-06-12T16:38:37.427,1781275117,nicole,TRACKING,0.583,CENTERED,CENTERED,CENTERED,88.3,89.6,662,360
2026-06-12T16:38:37.515,1781275117,nicole,TRACKING,0.5773,CENTERED,CENTERED,CENTERED,88.0,89.7,659,360
2026-06-12T16:38:37.627,1781275117,nicole,TRACKING,0.5875,CENTERED,CENTERED,CENTERED,87.8,89.8,660,360
2026-06-12T16:38:37.729,1781275117,nicole,TRACKING,0.5718,CENTERED,CENTERED,CENTERED,87.8,89.9,656,360
2026-06-12T16:38:37.798,1781275117,nicole,TRACKING,0.5565,CENTERED,CENTERED,CENTERED,87.9,89.9,653,360
2026-06-12T16:38:38.433,1781275118,nicole,REACQUIRING,0.0,SEARCH,SCAN,SCAN,96.2,85.2,,
2026-06-12T16:38:38.638,1781275118,nicole,REACQUIRING,0.0,SEARCH,SCAN,SCAN,104.2,80.4,,
2026-06-12T16:38:38.820,1781275118,nicole,TRACKING,0.5518,CENTERED,CENTERED,CENTERED,98.1,83.3,684,360
2026-06-12T16:38:38.922,1781275118,nicole,TRACKING,0.5537,CENTERED,CENTERED,CENTERED,93.8,85.3,684,360
2026-06-12T16:38:39.222,1781275119,nicole,TRACKING,0.5711,CENTERED,CENTERED,CENTERED,90.7,86.7,687,360
2026-06-12T16:38:39.338,1781275119,nicole,TRACKING,0.5545,CENTERED,CENTERED,CENTERED,88.6,87.7,684,360
2026-06-12T16:38:39.417,1781275119,nicole,TRACKING,0.5625,CENTERED,CENTERED,CENTERED,87.2,88.4,683,360
2026-06-12T16:38:39.539,1781275119,nicole,TRACKING,0.5556,CENTERED,CENTERED,CENTERED,86.2,88.9,683,360
2026-06-12T16:38:39.935,1781275119,nicole,TRACKING,0.5801,CENTERED,CENTERED,CENTERED,87.2,89.2,645,360
2026-06-12T16:38:40.052,1781275120,nicole,TRACKING,0.6541,CENTERED,CENTERED,CENTERED,88.1,89.4,638,360
2026-06-12T16:38:40.148,1781275120,nicole,TRACKING,0.6503,CENTERED,CENTERED,CENTERED,88.5,89.6,645,360
2026-06-12T16:38:40.241,1781275120,nicole,TRACKING,0.6935,CENTERED,CENTERED,CENTERED,88.7,89.7,646,360
2026-06-12T16:38:40.333,1781275120,nicole,TRACKING,0.7396,CENTERED,CENTERED,CENTERED,89.1,89.8,640,360
2026-06-12T16:38:40.444,1781275120,nicole,TRACKING,0.7787,CENTERED,CENTERED,CENTERED,89.5,89.9,636,360
2026-06-12T16:38:40.536,1781275120,nicole,TRACKING,0.7735,CENTERED,CENTERED,CENTERED,90.0,89.9,633,360
2026-06-12T16:38:40.659,1781275120,nicole,TRACKING,0.7065,CENTERED,CENTERED,CENTERED,90.3,89.9,633,360
2026-06-12T16:38:40.763,1781275120,nicole,TRACKING,0.6674,CENTERED,CENTERED,CENTERED,90.6,90.0,630,360
2026-06-12T16:38:40.855,1781275120,nicole,TRACKING,0.6499,CENTERED,CENTERED,CENTERED,90.8,90.0,631,360
2026-06-12T16:38:40.949,1781275120,nicole,TRACKING,0.6353,CENTERED,CENTERED,CENTERED,90.9,90.0,632,360
2026-06-12T16:38:41.051,1781275121,nicole,TRACKING,0.6372,CENTERED,CENTERED,CENTERED,91.0,90.0,632,360
2026-06-12T16:38:41.155,1781275121,nicole,TRACKING,0.6105,CENTERED,CENTERED,CENTERED,91.1,90.0,631,360
2026-06-12T16:38:41.246,1781275121,nicole,TRACKING,0.619,CENTERED,CENTERED,CENTERED,91.2,90.0,629,360
2026-06-12T16:38:41.341,1781275121,nicole,TRACKING,0.651,CENTERED,CENTERED,CENTERED,91.4,90.0,627,360
2026-06-12T16:38:41.455,1781275121,nicole,TRACKING,0.6569,CENTERED,CENTERED,CENTERED,91.5,90.0,627,360
2026-06-12T16:38:41.558,1781275121,nicole,TRACKING,0.6583,CENTERED,CENTERED,CENTERED,91.5,90.0,629,360
2026-06-12T16:38:41.633,1781275121,nicole,TRACKING,0.6709,CENTERED,CENTERED,CENTERED,91.6,90.0,627,360
2026-06-12T16:38:41.736,1781275121,nicole,TRACKING,0.639,CENTERED,CENTERED,CENTERED,91.6,90.0,629,360
2026-06-12T16:38:41.856,1781275121,nicole,TRACKING,0.643,CENTERED,CENTERED,CENTERED,91.7,90.0,626,360
2026-06-12T16:38:41.947,1781275121,nicole,TRACKING,0.6242,CENTERED,CENTERED,CENTERED,91.8,90.0,626,360
2026-06-12T16:38:42.038,1781275122,nicole,TRACKING,0.6487,CENTERED,CENTERED,CENTERED,91.8,90.0,628,360
2026-06-12T16:38:42.155,1781275122,nicole,TRACKING,0.5876,CENTERED,CENTERED,CENTERED,91.7,90.0,630,360
2026-06-12T16:38:42.257,1781275122,nicole,TRACKING,0.6562,CENTERED,CENTERED,CENTERED,91.5,90.0,631,360
2026-06-12T16:38:42.346,1781275122,nicole,TRACKING,0.6031,CENTERED,CENTERED,CENTERED,91.6,90.0,627,360
2026-06-12T16:38:42.957,1781275122,nicole,REACQUIRING,0.0,SEARCH,SCAN,SCAN,99.8,85.2,,
2026-06-12T16:38:43.162,1781275123,nicole,REACQUIRING,0.0,SEARCH,SCAN,SCAN,107.8,80.4,,
2026-06-12T16:38:43.359,1781275123,nicole,REACQUIRING,0.0,SEARCH,SCAN,SCAN,115.8,75.6,,
2026-06-12T16:38:43.565,1781275123,nicole,REACQUIRING,0.0,SEARCH,SCAN,SCAN,123.8,70.8,,
2026-06-12T16:38:43.766,1781275123,nicole,REACQUIRING,0.0,SEARCH,SCAN,SCAN,131.8,66.0,,
2026-06-12T16:38:43.964,1781275123,nicole,REACQUIRING,0.0,SEARCH,SCAN,SCAN,139.8,65.0,,
2026-06-12T16:38:44.151,1781275124,nicole,REACQUIRING,0.0,SEARCH,SCAN,SCAN,141.8,69.8,,
2026-06-12T16:38:44.361,1781275124,nicole,REACQUIRING,0.0,SEARCH,SCAN,SCAN,133.8,74.6,,
2026-06-12T16:38:44.573,1781275124,nicole,REACQUIRING,0.0,SEARCH,SCAN,SCAN,125.8,79.4,,
2026-06-12T16:38:44.772,1781275124,nicole,REACQUIRING,0.0,SEARCH,SCAN,SCAN,117.8,84.2,,
2026-06-12T16:38:44.864,1781275124,nicole,TRACKING,0.5754,CENTERED,CENTERED,CENTERED,112.3,85.9,573,360
2026-06-12T16:38:45.467,1781275125,nicole,REACQUIRING,0.0,SEARCH,SCAN,SCAN,91.4,94.8,,
2026-06-12T16:38:45.683,1781275125,nicole,REACQUIRING,0.0,SEARCH,SCAN,SCAN,83.4,99.6,,
2026-06-12T16:38:45.872,1781275125,nicole,REACQUIRING,0.0,SEARCH,SCAN,SCAN,75.4,104.4,,
2026-06-12T16:38:46.075,1781275126,nicole,REACQUIRING,0.0,SEARCH,SCAN,SCAN,67.4,109.2,,
2026-06-12T16:38:46.276,1781275126,nicole,REACQUIRING,0.0,SEARCH,SCAN,SCAN,59.4,114.0,,
2026-06-12T16:38:46.481,1781275126,nicole,REACQUIRING,0.0,SEARCH,SCAN,SCAN,51.4,115.0,,
2026-06-12T16:38:46.573,1781275126,nicole,TRACKING,0.5923,CENTERED,CENTERED,CENTERED,65.6,107.5,579,360
2026-06-12T16:38:46.687,1781275126,nicole,TRACKING,0.5672,CENTERED,CENTERED,CENTERED,75.5,102.2,578,360
2026-06-12T16:38:46.777,1781275126,nicole,TRACKING,0.5924,CENTERED,CENTERED,CENTERED,82.3,98.6,581,360
2026-06-12T16:38:46.875,1781275126,nicole,TRACKING,0.5781,CENTERED,CENTERED,CENTERED,86.8,96.0,588,360
2026-06-12T16:38:46.994,1781275126,nicole,TRACKING,0.6281,CENTERED,CENTERED,CENTERED,89.7,94.2,594,360
2026-06-12T16:38:47.092,1781275127,nicole,TRACKING,0.6421,CENTERED,CENTERED,CENTERED,91.5,92.9,600,360
2026-06-12T16:38:47.186,1781275127,nicole,TRACKING,0.6309,CENTERED,CENTERED,CENTERED,92.7,92.1,602,360
2026-06-12T16:38:47.284,1781275127,nicole,TRACKING,0.6618,CENTERED,CENTERED,CENTERED,93.3,91.4,606,360
2026-06-12T16:38:47.397,1781275127,nicole,TRACKING,0.6704,CENTERED,CENTERED,CENTERED,93.5,91.0,612,360
2026-06-12T16:38:47.671,1781275127,nicole,TRACKING,0.6703,CENTERED,CENTERED,CENTERED,93.3,90.7,619,360
2026-06-12T16:38:47.854,1781275127,nicole,TRACKING,0.5857,CENTERED,CENTERED,CENTERED,94.2,90.5,596,360
2026-06-12T16:38:48.154,1781275128,nicole,TRACKING,0.564,CENTERED,CENTERED,CENTERED,94.6,90.3,600,360
2026-06-12T16:38:48.555,1781275128,nicole,TRACKING,0.6219,CENTERED,CENTERED,CENTERED,94.7,90.2,606,360
2026-06-12T16:38:48.648,1781275128,nicole,TRACKING,0.6196,CENTERED,CENTERED,CENTERED,94.6,90.2,608,360
2026-06-12T16:38:48.734,1781275128,nicole,TRACKING,0.6566,CENTERED,CENTERED,CENTERED,94.7,90.1,604,360
2026-06-12T16:38:48.845,1781275128,nicole,TRACKING,0.6602,CENTERED,CENTERED,CENTERED,94.6,90.1,610,360
2026-06-12T16:38:48.944,1781275128,nicole,TRACKING,0.6809,CENTERED,CENTERED,CENTERED,94.1,90.1,620,360
2026-06-12T16:38:49.424,1781275129,nicole,REACQUIRING,0.0,SEARCH,SCAN,SCAN,84.8,85.2,,
2026-06-12T16:38:49.615,1781275129,nicole,REACQUIRING,0.0,SEARCH,SCAN,SCAN,76.8,80.4,,
2026-06-12T16:38:49.828,1781275129,nicole,REACQUIRING,0.0,SEARCH,SCAN,SCAN,68.8,75.6,,
2026-06-12T16:38:50.003,1781275130,nicole,REACQUIRING,0.0,SEARCH,SCAN,SCAN,60.8,70.8,,
2026-06-12T16:38:50.200,1781275130,nicole,REACQUIRING,0.0,SEARCH,SCAN,SCAN,52.8,66.0,,
2026-06-12T16:38:50.372,1781275130,nicole,REACQUIRING,0.0,SEARCH,SCAN,SCAN,44.8,65.0,,
2026-06-12T16:38:50.504,1781275130,nicole,REACQUIRING,0.0,SEARCH,SCAN,SCAN,42.8,69.8,,
2026-06-12T16:38:50.712,1781275130,nicole,REACQUIRING,0.0,SEARCH,SCAN,SCAN,50.8,74.6,,
2026-06-12T16:38:50.917,1781275130,nicole,REACQUIRING,0.0,SEARCH,SCAN,SCAN,58.8,79.4,,
2026-06-12T16:38:51.118,1781275131,nicole,REACQUIRING,0.0,SEARCH,SCAN,SCAN,66.8,84.2,,
2026-06-12T16:38:51.316,1781275131,nicole,REACQUIRING,0.0,SEARCH,SCAN,SCAN,74.8,89.0,,
2026-06-12T16:38:51.500,1781275131,nicole,REACQUIRING,0.0,SEARCH,SCAN,SCAN,82.8,93.8,,
2026-06-12T16:38:51.626,1781275131,nicole,REACQUIRING,0.0,SEARCH,SCAN,SCAN,90.8,98.6,,
2026-06-12T16:38:51.726,1781275131,nicole,TRACKING,0.5825,CENTERED,CENTERED,CENTERED,92.4,96.0,596,360
2026-06-12T16:38:51.827,1781275131,nicole,TRACKING,0.5665,CENTERED,CENTERED,CENTERED,93.5,94.2,597,360
2026-06-12T16:38:51.919,1781275131,nicole,TRACKING,0.5518,CENTERED,CENTERED,CENTERED,94.1,92.9,601,360
2026-06-12T16:38:52.012,1781275132,nicole,TRACKING,0.5774,CENTERED,CENTERED,CENTERED,94.6,92.1,598,360
2026-06-12T16:38:52.109,1781275132,nicole,TRACKING,0.5571,CENTERED,CENTERED,CENTERED,94.9,91.4,601,360
2026-06-12T16:38:58.308,1781275138,nicole,REACQUIRING,0.0,SEARCH,SCAN,SCAN,103.5,94.8,,
2026-06-12T16:38:59.350,1781275139,nicole,REACQUIRING,0.0,SEARCH,SCAN,SCAN,111.5,99.6,,
2026-06-12T16:39:00.340,1781275140,nicole,TRACKING,0.5911,CENTERED,CENTERED,CENTERED,108.5,96.7,557,360
2026-06-12T16:39:00.931,1781275140,nicole,TRACKING,0.5592,CENTERED,CENTERED,CENTERED,106.3,94.7,562,360
2026-06-12T16:39:01.032,1781275141,nicole,TRACKING,0.564,CENTERED,CENTERED,CENTERED,104.1,93.3,575,360
2026-06-12T16:39:01.216,1781275141,nicole,TRACKING,0.5985,CENTERED,CENTERED,CENTERED,102.4,92.3,580,360
2026-06-12T16:39:01.768,1781275141,nicole,TRACKING,0.552,CENTERED,CENTERED,CENTERED,101.3,91.6,578,360
2026-06-12T16:39:01.960,1781275141,nicole,TRACKING,0.5591,CENTERED,CENTERED,CENTERED,100.6,91.1,576,360
2026-06-12T16:39:02.498,1781275142,nicole,REACQUIRING,0.0,SEARCH,SCAN,SCAN,107.0,94.8,,
2026-06-12T16:39:02.708,1781275142,nicole,REACQUIRING,0.0,SEARCH,SCAN,SCAN,115.0,99.6,,
2026-06-12T16:39:02.899,1781275142,nicole,REACQUIRING,0.0,SEARCH,SCAN,SCAN,123.0,104.4,,
2026-06-12T16:39:03.111,1781275143,nicole,REACQUIRING,0.0,SEARCH,SCAN,SCAN,131.0,109.2,,
2026-06-12T16:39:03.317,1781275143,nicole,REACQUIRING,0.0,SEARCH,SCAN,SCAN,139.0,114.0,,
2026-06-12T16:39:03.504,1781275143,nicole,REACQUIRING,0.0,SEARCH,SCAN,SCAN,147.0,115.0,,
2026-06-12T16:39:03.717,1781275143,nicole,REACQUIRING,0.0,SEARCH,SCAN,SCAN,149.0,110.2,,
2026-06-12T16:39:03.905,1781275143,nicole,REACQUIRING,0.0,SEARCH,SCAN,SCAN,141.0,105.4,,
2026-06-12T16:39:04.113,1781275144,nicole,REACQUIRING,0.0,SEARCH,SCAN,SCAN,133.0,100.6,,
2026-06-12T16:39:04.300,1781275144,nicole,REACQUIRING,0.0,SEARCH,SCAN,SCAN,125.0,95.8,,
2026-06-12T16:39:04.511,1781275144,nicole,REACQUIRING,0.0,SEARCH,SCAN,SCAN,117.0,91.0,,
2026-06-12T16:39:04.721,1781275144,nicole,REACQUIRING,0.0,SEARCH,SCAN,SCAN,109.0,86.2,,
2026-06-12T16:39:04.915,1781275144,nicole,REACQUIRING,0.0,SEARCH,SCAN,SCAN,101.0,81.4,,
2026-06-12T16:39:05.124,1781275145,nicole,REACQUIRING,0.0,SEARCH,SCAN,SCAN,93.0,76.6,,
2026-06-12T16:39:05.314,1781275145,nicole,REACQUIRING,0.0,SEARCH,SCAN,SCAN,85.0,71.8,,
2026-06-12T16:39:05.519,1781275145,nicole,REACQUIRING,0.0,SEARCH,SCAN,SCAN,77.0,67.0,,
2026-06-12T16:39:05.731,1781275145,nicole,REACQUIRING,0.0,SEARCH,SCAN,SCAN,69.0,65.0,,
2026-06-12T16:39:05.918,1781275145,nicole,REACQUIRING,0.0,SEARCH,SCAN,SCAN,61.0,69.8,,
2026-06-12T16:39:06.129,1781275146,nicole,REACQUIRING,0.0,SEARCH,SCAN,SCAN,53.0,74.6,,
2026-06-12T16:39:06.322,1781275146,nicole,REACQUIRING,0.0,SEARCH,SCAN,SCAN,49.0,79.4,,
2026-06-12T16:39:06.532,1781275146,nicole,REACQUIRING,0.0,SEARCH,SCAN,SCAN,57.0,84.2,,
2026-06-12T16:39:06.721,1781275146,nicole,REACQUIRING,0.0,SEARCH,SCAN,SCAN,65.0,89.0,,
2026-06-12T16:39:06.929,1781275146,nicole,REACQUIRING,0.0,SEARCH,SCAN,SCAN,73.0,93.8,,
2026-06-12T16:39:07.136,1781275147,nicole,REACQUIRING,0.0,SEARCH,SCAN,SCAN,81.0,98.6,,
2026-06-12T16:39:07.322,1781275147,nicole,REACQUIRING,0.0,SEARCH,SCAN,SCAN,89.0,103.4,,
2026-06-12T16:39:07.541,1781275147,nicole,REACQUIRING,0.0,SEARCH,SCAN,SCAN,97.0,108.2,,
2026-06-12T16:39:07.731,1781275147,nicole,REACQUIRING,0.0,SEARCH,SCAN,SCAN,105.0,113.0,,
2026-06-12T16:39:07.930,1781275147,nicole,REACQUIRING,0.0,SEARCH,SCAN,SCAN,113.0,115.0,,
2026-06-12T16:39:08.130,1781275148,nicole,REACQUIRING,0.0,SEARCH,SCAN,SCAN,121.0,110.2,,
2026-06-12T16:39:08.333,1781275148,nicole,REACQUIRING,0.0,SEARCH,SCAN,SCAN,129.0,105.4,,
2026-06-12T16:39:08.542,1781275148,nicole,REACQUIRING,0.0,SEARCH,SCAN,SCAN,137.0,100.6,,
2026-06-12T16:39:08.737,1781275148,nicole,REACQUIRING,0.0,SEARCH,SCAN,SCAN,145.0,95.8,,
2026-06-12T16:39:08.948,1781275148,nicole,REACQUIRING,0.0,SEARCH,SCAN,SCAN,149.0,91.0,,
2026-06-12T16:39:09.137,1781275149,nicole,REACQUIRING,0.0,SEARCH,SCAN,SCAN,141.0,86.2,,
2026-06-12T16:39:09.339,1781275149,nicole,REACQUIRING,0.0,SEARCH,SCAN,SCAN,133.0,81.4,,
2026-06-12T16:39:09.553,1781275149,nicole,REACQUIRING,0.0,SEARCH,SCAN,SCAN,125.0,76.6,,
2026-06-12T16:39:09.741,1781275149,nicole,REACQUIRING,0.0,SEARCH,SCAN,SCAN,117.0,71.8,,
2026-06-12T16:39:09.949,1781275149,nicole,REACQUIRING,0.0,SEARCH,SCAN,SCAN,109.0,67.0,,
2026-06-12T16:39:10.149,1781275150,nicole,REACQUIRING,0.0,SEARCH,SCAN,SCAN,101.0,65.0,,
2026-06-12T16:39:10.346,1781275150,nicole,REACQUIRING,0.0,SEARCH,SCAN,SCAN,93.0,69.8,,
2026-06-12T16:39:10.547,1781275150,nicole,REACQUIRING,0.0,SEARCH,SCAN,SCAN,85.0,74.6,,
2026-06-12T16:39:10.751,1781275150,nicole,REACQUIRING,0.0,SEARCH,SCAN,SCAN,77.0,79.4,,
2026-06-12T16:39:10.960,1781275150,nicole,REACQUIRING,0.0,SEARCH,SCAN,SCAN,69.0,84.2,,
2026-06-12T16:39:11.154,1781275151,nicole,REACQUIRING,0.0,SEARCH,SCAN,SCAN,61.0,89.0,,
2026-06-12T16:39:11.362,1781275151,nicole,REACQUIRING,0.0,SEARCH,SCAN,SCAN,53.0,93.8,,
2026-06-12T16:39:11.551,1781275151,nicole,REACQUIRING,0.0,SEARCH,SCAN,SCAN,49.0,98.6,,
2026-06-12T16:39:11.764,1781275151,nicole,REACQUIRING,0.0,SEARCH,SCAN,SCAN,57.0,103.4,,
2026-06-12T16:39:11.955,1781275151,nicole,REACQUIRING,0.0,SEARCH,SCAN,SCAN,65.0,108.2,,
2026-06-12T16:39:12.160,1781275152,nicole,REACQUIRING,0.0,SEARCH,SCAN,SCAN,73.0,113.0,,
2026-06-12T16:39:12.373,1781275152,nicole,REACQUIRING,0.0,SEARCH,SCAN,SCAN,81.0,115.0,,
2026-06-12T16:39:12.558,1781275152,nicole,REACQUIRING,0.0,SEARCH,SCAN,SCAN,89.0,110.2,,
2026-06-12T16:39:12.764,1781275152,nicole,REACQUIRING,0.0,SEARCH,SCAN,SCAN,97.0,105.4,,
2026-06-12T16:39:12.959,1781275152,nicole,REACQUIRING,0.0,SEARCH,SCAN,SCAN,105.0,100.6,,
2026-06-12T16:39:13.170,1781275153,nicole,REACQUIRING,0.0,SEARCH,SCAN,SCAN,113.0,95.8,,
2026-06-12T16:39:13.358,1781275153,nicole,REACQUIRING,0.0,SEARCH,SCAN,SCAN,121.0,91.0,,
2026-06-12T16:39:13.570,1781275153,nicole,REACQUIRING,0.0,SEARCH,SCAN,SCAN,129.0,86.2,,
2026-06-12T16:39:13.775,1781275153,nicole,REACQUIRING,0.0,SEARCH,SCAN,SCAN,137.0,81.4,,
2026-06-12T16:39:13.970,1781275153,nicole,REACQUIRING,0.0,SEARCH,SCAN,SCAN,145.0,76.6,,
2026-06-12T16:39:14.181,1781275154,nicole,REACQUIRING,0.0,SEARCH,SCAN,SCAN,149.0,71.8,,
2026-06-12T16:39:14.372,1781275154,nicole,REACQUIRING,0.0,SEARCH,SCAN,SCAN,141.0,67.0,,
2026-06-12T16:39:14.574,1781275154,nicole,SEARCHING,0.0,SEARCH,SCAN,SCAN,91.0,85.2,,
2026-06-12T16:39:14.781,1781275154,nicole,SEARCHING,0.0,SEARCH,SCAN,SCAN,83.0,80.4,,
2026-06-12T16:39:14.978,1781275154,nicole,SEARCHING,0.0,SEARCH,SCAN,SCAN,75.0,75.6,,
2026-06-12T16:39:15.186,1781275155,nicole,SEARCHING,0.0,SEARCH,SCAN,SCAN,67.0,70.8,,
2026-06-12T16:39:15.378,1781275155,nicole,SEARCHING,0.0,SEARCH,SCAN,SCAN,59.0,66.0,,
2026-06-12T16:39:15.588,1781275155,nicole,SEARCHING,0.0,SEARCH,SCAN,SCAN,51.0,65.0,,
2026-06-12T16:39:15.778,1781275155,nicole,SEARCHING,0.0,SEARCH,SCAN,SCAN,49.0,69.8,,
2026-06-12T16:39:15.987,1781275155,nicole,SEARCHING,0.0,SEARCH,SCAN,SCAN,57.0,74.6,,
2026-06-12T16:39:16.185,1781275156,nicole,SEARCHING,0.0,SEARCH,SCAN,SCAN,65.0,79.4,,
2026-06-12T16:39:16.386,1781275156,nicole,SEARCHING,0.0,SEARCH,SCAN,SCAN,73.0,84.2,,
2026-06-12T16:39:16.592,1781275156,nicole,SEARCHING,0.0,SEARCH,SCAN,SCAN,81.0,89.0,,
2026-06-12T16:39:16.784,1781275156,nicole,SEARCHING,0.0,SEARCH,SCAN,SCAN,89.0,93.8,,
2026-06-12T16:39:16.991,1781275156,nicole,SEARCHING,0.0,SEARCH,SCAN,SCAN,97.0,98.6,,
2026-06-12T16:39:17.181,1781275157,nicole,SEARCHING,0.0,SEARCH,SCAN,SCAN,105.0,103.4,,
2026-06-12T16:39:17.396,1781275157,nicole,SEARCHING,0.0,SEARCH,SCAN,SCAN,113.0,108.2,,
2026-06-12T16:39:17.597,1781275157,nicole,SEARCHING,0.0,SEARCH,SCAN,SCAN,121.0,113.0,,
2026-06-12T16:39:17.791,1781275157,nicole,SEARCHING,0.0,SEARCH,SCAN,SCAN,129.0,115.0,,
2026-06-12T16:39:17.996,1781275157,nicole,SEARCHING,0.0,SEARCH,SCAN,SCAN,137.0,110.2,,
2026-06-12T16:39:18.191,1781275158,nicole,SEARCHING,0.0,SEARCH,SCAN,SCAN,145.0,105.4,,
2026-06-12T16:39:18.399,1781275158,nicole,SEARCHING,0.0,SEARCH,SCAN,SCAN,149.0,100.6,,
2026-06-12T16:39:18.606,1781275158,nicole,SEARCHING,0.0,SEARCH,SCAN,SCAN,141.0,95.8,,
2026-06-12T16:39:18.801,1781275158,nicole,SEARCHING,0.0,SEARCH,SCAN,SCAN,133.0,91.0,,
2026-06-12T16:39:19.007,1781275159,nicole,SEARCHING,0.0,SEARCH,SCAN,SCAN,125.0,86.2,,
2026-06-12T16:39:19.199,1781275159,nicole,SEARCHING,0.0,SEARCH,SCAN,SCAN,117.0,81.4,,
2026-06-12T16:39:19.410,1781275159,nicole,SEARCHING,0.0,SEARCH,SCAN,SCAN,109.0,76.6,,
2026-06-12T16:39:19.601,1781275159,nicole,SEARCHING,0.0,SEARCH,SCAN,SCAN,101.0,71.8,,
2026-06-12T16:39:19.810,1781275159,nicole,SEARCHING,0.0,SEARCH,SCAN,SCAN,93.0,67.0,,
2026-06-12T16:39:20.020,1781275160,nicole,SEARCHING,0.0,SEARCH,SCAN,SCAN,85.0,65.0,,
2026-06-12T16:39:20.208,1781275160,nicole,SEARCHING,0.0,SEARCH,SCAN,SCAN,77.0,69.8,,
2026-06-12T16:39:20.422,1781275160,nicole,SEARCHING,0.0,SEARCH,SCAN,SCAN,69.0,74.6,,
2026-06-12T16:39:20.606,1781275160,nicole,SEARCHING,0.0,SEARCH,SCAN,SCAN,61.0,79.4,,
2026-06-12T16:39:20.820,1781275160,nicole,SEARCHING,0.0,SEARCH,SCAN,SCAN,53.0,84.2,,
2026-06-12T16:39:21.006,1781275161,nicole,SEARCHING,0.0,SEARCH,SCAN,SCAN,49.0,89.0,,
2026-06-12T16:39:21.219,1781275161,nicole,SEARCHING,0.0,SEARCH,SCAN,SCAN,57.0,93.8,,
2026-06-12T16:39:21.427,1781275161,nicole,SEARCHING,0.0,SEARCH,SCAN,SCAN,65.0,98.6,,
2026-06-12T16:39:21.620,1781275161,nicole,SEARCHING,0.0,SEARCH,SCAN,SCAN,73.0,103.4,,
2026-06-12T16:39:21.826,1781275161,nicole,SEARCHING,0.0,SEARCH,SCAN,SCAN,81.0,108.2,,
2026-06-12T16:39:22.013,1781275162,nicole,SEARCHING,0.0,SEARCH,SCAN,SCAN,89.0,113.0,,
2026-06-12T16:39:22.222,1781275162,nicole,SEARCHING,0.0,SEARCH,SCAN,SCAN,97.0,115.0,,
2026-06-12T16:39:22.434,1781275162,nicole,SEARCHING,0.0,SEARCH,SCAN,SCAN,105.0,110.2,,
2026-06-12T16:39:22.625,1781275162,nicole,SEARCHING,0.0,SEARCH,SCAN,SCAN,113.0,105.4,,
2026-06-12T16:39:22.834,1781275162,nicole,SEARCHING,0.0,SEARCH,SCAN,SCAN,121.0,100.6,,
2026-06-12T16:39:23.026,1781275163,nicole,SEARCHING,0.0,SEARCH,SCAN,SCAN,129.0,95.8,,
2026-06-12T16:39:23.234,1781275163,nicole,SEARCHING,0.0,SEARCH,SCAN,SCAN,137.0,91.0,,
2026-06-12T16:39:23.423,1781275163,nicole,SEARCHING,0.0,SEARCH,SCAN,SCAN,145.0,86.2,,
2026-06-12T16:39:23.631,1781275163,nicole,SEARCHING,0.0,SEARCH,SCAN,SCAN,149.0,81.4,,
2026-06-12T16:39:23.841,1781275163,nicole,SEARCHING,0.0,SEARCH,SCAN,SCAN,141.0,76.6,,
2026-06-12T16:39:24.034,1781275164,nicole,SEARCHING,0.0,SEARCH,SCAN,SCAN,133.0,71.8,,
2026-06-12T16:39:24.243,1781275164,nicole,SEARCHING,0.0,SEARCH,SCAN,SCAN,125.0,67.0,,
2026-06-12T16:39:24.430,1781275164,nicole,SEARCHING,0.0,SEARCH,SCAN,SCAN,117.0,65.0,,
2026-06-12T16:39:24.641,1781275164,nicole,SEARCHING,0.0,SEARCH,SCAN,SCAN,109.0,69.8,,
2026-06-12T16:39:24.848,1781275164,nicole,SEARCHING,0.0,SEARCH,SCAN,SCAN,101.0,74.6,,
2026-06-12T16:39:25.044,1781275165,nicole,SEARCHING,0.0,SEARCH,SCAN,SCAN,93.0,79.4,,
2026-06-12T16:39:25.245,1781275165,nicole,SEARCHING,0.0,SEARCH,SCAN,SCAN,85.0,84.2,,
2026-06-12T16:39:25.439,1781275165,nicole,SEARCHING,0.0,SEARCH,SCAN,SCAN,77.0,89.0,,
2026-06-12T16:39:25.648,1781275165,nicole,SEARCHING,0.0,SEARCH,SCAN,SCAN,69.0,93.8,,
2026-06-12T16:39:25.842,1781275165,nicole,SEARCHING,0.0,SEARCH,SCAN,SCAN,61.0,98.6,,
2026-06-12T16:39:26.049,1781275166,nicole,SEARCHING,0.0,SEARCH,SCAN,SCAN,53.0,103.4,,
2026-06-12T16:39:26.257,1781275166,nicole,SEARCHING,0.0,SEARCH,SCAN,SCAN,49.0,108.2,,
2026-06-12T16:39:26.446,1781275166,nicole,SEARCHING,0.0,SEARCH,SCAN,SCAN,57.0,113.0,,
2026-06-12T16:39:26.655,1781275166,nicole,SEARCHING,0.0,SEARCH,SCAN,SCAN,65.0,115.0,,
2026-06-12T16:39:26.848,1781275166,nicole,SEARCHING,0.0,SEARCH,SCAN,SCAN,73.0,110.2,,
2026-06-12T16:39:27.058,1781275167,nicole,SEARCHING,0.0,SEARCH,SCAN,SCAN,81.0,105.4,,
2026-06-12T16:39:27.247,1781275167,nicole,SEARCHING,0.0,SEARCH,SCAN,SCAN,89.0,100.6,,
2026-06-12T16:39:27.453,1781275167,nicole,SEARCHING,0.0,SEARCH,SCAN,SCAN,97.0,95.8,,
2026-06-12T16:39:27.665,1781275167,nicole,SEARCHING,0.0,SEARCH,SCAN,SCAN,105.0,91.0,,
2026-06-12T16:39:27.860,1781275167,nicole,SEARCHING,0.0,SEARCH,SCAN,SCAN,113.0,86.2,,
2026-06-12T16:39:28.062,1781275168,nicole,SEARCHING,0.0,SEARCH,SCAN,SCAN,121.0,81.4,,
2026-06-12T16:39:28.257,1781275168,nicole,SEARCHING,0.0,SEARCH,SCAN,SCAN,129.0,76.6,,
2026-06-12T16:39:28.462,1781275168,nicole,SEARCHING,0.0,SEARCH,SCAN,SCAN,137.0,71.8,,
2026-06-12T16:39:28.670,1781275168,nicole,SEARCHING,0.0,SEARCH,SCAN,SCAN,145.0,67.0,,
2026-06-12T16:39:28.866,1781275168,nicole,SEARCHING,0.0,SEARCH,SCAN,SCAN,149.0,65.0,,
2026-06-12T16:39:29.071,1781275169,nicole,SEARCHING,0.0,SEARCH,SCAN,SCAN,141.0,69.8,,
2026-06-12T16:39:29.271,1781275169,nicole,SEARCHING,0.0,SEARCH,SCAN,SCAN,133.0,74.6,,
2026-06-12T16:39:29.464,1781275169,nicole,SEARCHING,0.0,SEARCH,SCAN,SCAN,125.0,79.4,,
2026-06-12T16:39:29.661,1781275169,nicole,SEARCHING,0.0,SEARCH,SCAN,SCAN,117.0,84.2,,
2026-06-12T16:39:29.870,1781275169,nicole,SEARCHING,0.0,SEARCH,SCAN,SCAN,109.0,89.0,,
2026-06-12T16:39:30.083,1781275170,nicole,SEARCHING,0.0,SEARCH,SCAN,SCAN,101.0,93.8,,
2026-06-12T16:39:30.274,1781275170,nicole,SEARCHING,0.0,SEARCH,SCAN,SCAN,93.0,98.6,,
2026-06-12T16:39:30.479,1781275170,nicole,SEARCHING,0.0,SEARCH,SCAN,SCAN,85.0,103.4,,
2026-06-12T16:39:30.673,1781275170,nicole,SEARCHING,0.0,SEARCH,SCAN,SCAN,77.0,108.2,,
2026-06-12T16:39:30.882,1781275170,nicole,SEARCHING,0.0,SEARCH,SCAN,SCAN,69.0,113.0,,
2026-06-12T16:39:31.070,1781275171,nicole,SEARCHING,0.0,SEARCH,SCAN,SCAN,61.0,115.0,,
2026-06-12T16:39:31.280,1781275171,nicole,SEARCHING,0.0,SEARCH,SCAN,SCAN,53.0,110.2,,
2026-06-12T16:39:31.490,1781275171,nicole,SEARCHING,0.0,SEARCH,SCAN,SCAN,49.0,105.4,,
2026-06-12T16:39:31.679,1781275171,nicole,SEARCHING,0.0,SEARCH,SCAN,SCAN,57.0,100.6,,
2026-06-12T16:39:31.888,1781275171,nicole,SEARCHING,0.0,SEARCH,SCAN,SCAN,65.0,95.8,,
2026-06-12T16:39:32.080,1781275172,nicole,SEARCHING,0.0,SEARCH,SCAN,SCAN,73.0,91.0,,
2026-06-12T16:39:32.286,1781275172,nicole,SEARCHING,0.0,SEARCH,SCAN,SCAN,81.0,86.2,,
2026-06-12T16:39:32.498,1781275172,nicole,SEARCHING,0.0,SEARCH,SCAN,SCAN,89.0,81.4,,
2026-06-12T16:39:32.690,1781275172,nicole,SEARCHING,0.0,SEARCH,SCAN,SCAN,97.0,76.6,,
2026-06-12T16:39:32.895,1781275172,nicole,SEARCHING,0.0,SEARCH,SCAN,SCAN,105.0,71.8,,
2026-06-12T16:39:33.090,1781275173,nicole,SEARCHING,0.0,SEARCH,SCAN,SCAN,113.0,67.0,,
2026-06-12T16:39:33.297,1781275173,nicole,SEARCHING,0.0,SEARCH,SCAN,SCAN,121.0,65.0,,
2026-06-12T16:39:33.488,1781275173,nicole,SEARCHING,0.0,SEARCH,SCAN,SCAN,129.0,69.8,,
2026-06-12T16:39:33.693,1781275173,nicole,SEARCHING,0.0,SEARCH,SCAN,SCAN,137.0,74.6,,
2026-06-12T16:39:33.906,1781275173,nicole,SEARCHING,0.0,SEARCH,SCAN,SCAN,145.0,79.4,,
2026-06-12T16:39:34.093,1781275174,nicole,SEARCHING,0.0,SEARCH,SCAN,SCAN,149.0,84.2,,
2026-06-12T16:39:34.307,1781275174,nicole,SEARCHING,0.0,SEARCH,SCAN,SCAN,141.0,89.0,,
2026-06-12T16:39:34.498,1781275174,nicole,SEARCHING,0.0,SEARCH,SCAN,SCAN,133.0,93.8,,
2026-06-12T16:39:34.703,1781275174,nicole,SEARCHING,0.0,SEARCH,SCAN,SCAN,125.0,98.6,,
2026-06-12T16:39:34.910,1781275174,nicole,SEARCHING,0.0,SEARCH,SCAN,SCAN,117.0,103.4,,
2026-06-12T16:39:35.102,1781275175,nicole,SEARCHING,0.0,SEARCH,SCAN,SCAN,109.0,108.2,,
2026-06-12T16:39:35.306,1781275175,nicole,SEARCHING,0.0,SEARCH,SCAN,SCAN,101.0,113.0,,
2026-06-12T16:39:35.502,1781275175,nicole,SEARCHING,0.0,SEARCH,SCAN,SCAN,93.0,115.0,,
2026-06-12T16:39:35.712,1781275175,nicole,SEARCHING,0.0,SEARCH,SCAN,SCAN,85.0,110.2,,
2026-06-12T16:39:35.900,1781275175,nicole,SEARCHING,0.0,SEARCH,SCAN,SCAN,77.0,105.4,,
2026-06-12T16:39:36.108,1781275176,nicole,SEARCHING,0.0,SEARCH,SCAN,SCAN,69.0,100.6,,
2026-06-12T16:39:36.318,1781275176,nicole,SEARCHING,0.0,SEARCH,SCAN,SCAN,61.0,95.8,,
2026-06-12T16:39:36.512,1781275176,nicole,SEARCHING,0.0,SEARCH,SCAN,SCAN,53.0,91.0,,
2026-06-12T16:39:36.723,1781275176,nicole,SEARCHING,0.0,SEARCH,SCAN,SCAN,49.0,86.2,,
2026-06-12T16:39:36.916,1781275176,nicole,SEARCHING,0.0,SEARCH,SCAN,SCAN,57.0,81.4,,
2026-06-12T16:39:37.118,1781275177,nicole,SEARCHING,0.0,SEARCH,SCAN,SCAN,65.0,76.6,,
2026-06-12T16:39:37.310,1781275177,nicole,SEARCHING,0.0,SEARCH,SCAN,SCAN,73.0,71.8,,
2026-06-12T16:39:37.523,1781275177,nicole,SEARCHING,0.0,SEARCH,SCAN,SCAN,81.0,67.0,,
2026-06-12T16:39:37.732,1781275177,nicole,SEARCHING,0.0,SEARCH,SCAN,SCAN,89.0,65.0,,
2026-06-12T16:39:37.922,1781275177,nicole,SEARCHING,0.0,SEARCH,SCAN,SCAN,97.0,69.8,,
2026-06-12T16:39:38.127,1781275178,nicole,SEARCHING,0.0,SEARCH,SCAN,SCAN,105.0,74.6,,
2026-06-12T16:39:38.316,1781275178,nicole,SEARCHING,0.0,SEARCH,SCAN,SCAN,113.0,79.4,,
2026-06-12T16:39:38.529,1781275178,nicole,SEARCHING,0.0,SEARCH,SCAN,SCAN,121.0,84.2,,
2026-06-12T16:39:38.735,1781275178,nicole,SEARCHING,0.0,SEARCH,SCAN,SCAN,129.0,89.0,,
2026-06-12T16:39:38.929,1781275178,nicole,SEARCHING,0.0,SEARCH,SCAN,SCAN,137.0,93.8,,
2026-06-12T16:39:39.137,1781275179,nicole,SEARCHING,0.0,SEARCH,SCAN,SCAN,145.0,98.6,,
2026-06-12T16:39:39.329,1781275179,nicole,SEARCHING,0.0,SEARCH,SCAN,SCAN,149.0,103.4,,
2026-06-12T16:39:39.542,1781275179,nicole,SEARCHING,0.0,SEARCH,SCAN,SCAN,141.0,108.2,,
2026-06-12T16:39:39.730,1781275179,nicole,SEARCHING,0.0,SEARCH,SCAN,SCAN,133.0,113.0,,
2026-06-12T16:39:39.935,1781275179,nicole,SEARCHING,0.0,SEARCH,SCAN,SCAN,125.0,115.0,,
2026-06-12T16:39:40.146,1781275180,nicole,SEARCHING,0.0,SEARCH,SCAN,SCAN,117.0,110.2,,
2026-06-12T16:39:40.337,1781275180,nicole,SEARCHING,0.0,SEARCH,SCAN,SCAN,109.0,105.4,,
2026-06-12T16:39:40.545,1781275180,nicole,SEARCHING,0.0,SEARCH,SCAN,SCAN,101.0,100.6,,
2026-06-12T16:39:40.734,1781275180,nicole,SEARCHING,0.0,SEARCH,SCAN,SCAN,93.0,95.8,,
2026-06-12T16:39:40.941,1781275180,nicole,SEARCHING,0.0,SEARCH,SCAN,SCAN,85.0,91.0,,
2026-06-12T16:39:41.137,1781275181,nicole,SEARCHING,0.0,SEARCH,SCAN,SCAN,77.0,86.2,,
2026-06-12T16:39:41.346,1781275181,nicole,SEARCHING,0.0,SEARCH,SCAN,SCAN,69.0,81.4,,
2026-06-12T16:39:41.552,1781275181,nicole,SEARCHING,0.0,SEARCH,SCAN,SCAN,61.0,76.6,,
2026-06-12T16:39:41.742,1781275181,nicole,SEARCHING,0.0,SEARCH,SCAN,SCAN,53.0,71.8,,
2026-06-12T16:39:41.952,1781275181,nicole,SEARCHING,0.0,SEARCH,SCAN,SCAN,49.0,67.0,,
2026-06-12T16:39:42.147,1781275182,nicole,SEARCHING,0.0,SEARCH,SCAN,SCAN,57.0,65.0,,
2026-06-12T16:39:42.352,1781275182,nicole,SEARCHING,0.0,SEARCH,SCAN,SCAN,65.0,69.8,,
2026-06-12T16:39:42.560,1781275182,nicole,SEARCHING,0.0,SEARCH,SCAN,SCAN,73.0,74.6,,
2026-06-12T16:39:42.754,1781275182,nicole,SEARCHING,0.0,SEARCH,SCAN,SCAN,81.0,79.4,,
2026-06-12T16:39:42.958,1781275182,nicole,SEARCHING,0.0,SEARCH,SCAN,SCAN,89.0,84.2,,
2026-06-12T16:39:43.152,1781275183,nicole,SEARCHING,0.0,SEARCH,SCAN,SCAN,97.0,89.0,,
2026-06-12T16:39:43.361,1781275183,nicole,SEARCHING,0.0,SEARCH,SCAN,SCAN,105.0,93.8,,
2026-06-12T16:39:43.554,1781275183,nicole,SEARCHING,0.0,SEARCH,SCAN,SCAN,113.0,98.6,,
2026-06-12T16:39:43.763,1781275183,nicole,SEARCHING,0.0,SEARCH,SCAN,SCAN,121.0,103.4,,
2026-06-12T16:39:43.971,1781275183,nicole,SEARCHING,0.0,SEARCH,SCAN,SCAN,129.0,108.2,,
2026-06-12T16:39:44.160,1781275184,nicole,SEARCHING,0.0,SEARCH,SCAN,SCAN,137.0,113.0,,
2026-06-12T16:39:44.369,1781275184,nicole,SEARCHING,0.0,SEARCH,SCAN,SCAN,145.0,115.0,,
2026-06-12T16:39:44.562,1781275184,nicole,SEARCHING,0.0,SEARCH,SCAN,SCAN,149.0,110.2,,
2026-06-12T16:39:44.768,1781275184,nicole,SEARCHING,0.0,SEARCH,SCAN,SCAN,141.0,105.4,,
2026-06-12T16:39:44.973,1781275184,nicole,SEARCHING,0.0,SEARCH,SCAN,SCAN,133.0,100.6,,
2026-06-12T16:39:45.171,1781275185,nicole,SEARCHING,0.0,SEARCH,SCAN,SCAN,125.0,95.8,,
2026-06-12T16:39:45.377,1781275185,nicole,SEARCHING,0.0,SEARCH,SCAN,SCAN,117.0,91.0,,
2026-06-12T16:39:45.565,1781275185,nicole,SEARCHING,0.0,SEARCH,SCAN,SCAN,109.0,86.2,,
2026-06-12T16:39:45.775,1781275185,nicole,SEARCHING,0.0,SEARCH,SCAN,SCAN,101.0,81.4,,
2026-06-12T16:39:45.966,1781275185,nicole,SEARCHING,0.0,SEARCH,SCAN,SCAN,93.0,76.6,,
2026-06-12T16:39:46.176,1781275186,nicole,SEARCHING,0.0,SEARCH,SCAN,SCAN,85.0,71.8,,
2026-06-12T16:39:46.385,1781275186,nicole,SEARCHING,0.0,SEARCH,SCAN,SCAN,77.0,67.0,,
2026-06-12T16:39:46.574,1781275186,nicole,SEARCHING,0.0,SEARCH,SCAN,SCAN,69.0,65.0,,
2026-06-12T16:39:46.786,1781275186,nicole,SEARCHING,0.0,SEARCH,SCAN,SCAN,61.0,69.8,,
2026-06-12T16:39:46.974,1781275186,nicole,SEARCHING,0.0,SEARCH,SCAN,SCAN,53.0,74.6,,
2026-06-12T16:39:47.185,1781275187,nicole,SEARCHING,0.0,SEARCH,SCAN,SCAN,49.0,79.4,,
2026-06-12T16:39:47.375,1781275187,nicole,SEARCHING,0.0,SEARCH,SCAN,SCAN,57.0,84.2,,
2026-06-12T16:39:47.589,1781275187,nicole,SEARCHING,0.0,SEARCH,SCAN,SCAN,65.0,89.0,,
2026-06-12T16:39:47.793,1781275187,nicole,SEARCHING,0.0,SEARCH,SCAN,SCAN,73.0,93.8,,
2026-06-12T16:39:47.983,1781275187,nicole,SEARCHING,0.0,SEARCH,SCAN,SCAN,81.0,98.6,,
2026-06-12T16:39:48.193,1781275188,nicole,SEARCHING,0.0,SEARCH,SCAN,SCAN,89.0,103.4,,
2026-06-12T16:39:48.391,1781275188,nicole,SEARCHING,0.0,SEARCH,SCAN,SCAN,97.0,108.2,,
2026-06-12T16:39:48.601,1781275188,nicole,SEARCHING,0.0,SEARCH,SCAN,SCAN,105.0,113.0,,
2026-06-12T16:39:48.808,1781275188,nicole,SEARCHING,0.0,SEARCH,SCAN,SCAN,113.0,115.0,,
2026-06-12T16:39:48.995,1781275188,nicole,SEARCHING,0.0,SEARCH,SCAN,SCAN,121.0,110.2,,
2026-06-12T16:39:49.209,1781275189,nicole,SEARCHING,0.0,SEARCH,SCAN,SCAN,129.0,105.4,,
2026-06-12T16:39:49.392,1781275189,nicole,SEARCHING,0.0,SEARCH,SCAN,SCAN,137.0,100.6,,
2026-06-12T16:39:49.603,1781275189,nicole,SEARCHING,0.0,SEARCH,SCAN,SCAN,145.0,95.8,,
2026-06-12T16:39:49.800,1781275189,nicole,SEARCHING,0.0,SEARCH,SCAN,SCAN,149.0,91.0,,
2026-06-12T16:39:50.008,1781275190,nicole,SEARCHING,0.0,SEARCH,SCAN,SCAN,141.0,86.2,,
2026-06-12T16:39:50.211,1781275190,nicole,SEARCHING,0.0,SEARCH,SCAN,SCAN,133.0,81.4,,
2026-06-12T16:39:50.404,1781275190,nicole,SEARCHING,0.0,SEARCH,SCAN,SCAN,125.0,76.6,,
2026-06-12T16:39:50.611,1781275190,nicole,SEARCHING,0.0,SEARCH,SCAN,SCAN,117.0,71.8,,
2026-06-12T16:39:50.806,1781275190,nicole,SEARCHING,0.0,SEARCH,SCAN,SCAN,109.0,67.0,,
2026-06-12T16:39:50.961,1781275190,nicole,SEARCHING,0.0,SEARCH,SCAN,SCAN,101.0,65.0,,
2026-06-12T16:39:51.090,1781275191,nicole,SEARCHING,0.0,SEARCH,SCAN,SCAN,93.0,69.8,,
2026-06-12T16:39:51.279,1781275191,nicole,SEARCHING,0.0,SEARCH,SCAN,SCAN,85.0,74.6,,
2026-06-12T16:39:51.485,1781275191,nicole,SEARCHING,0.0,SEARCH,SCAN,SCAN,77.0,79.4,,
2026-06-12T16:39:51.690,1781275191,nicole,SEARCHING,0.0,SEARCH,SCAN,SCAN,69.0,84.2,,
2026-06-12T16:39:51.886,1781275191,nicole,SEARCHING,0.0,SEARCH,SCAN,SCAN,61.0,89.0,,
2026-06-12T16:39:52.086,1781275192,nicole,SEARCHING,0.0,SEARCH,SCAN,SCAN,53.0,93.8,,
2026-06-12T16:39:52.289,1781275192,nicole,SEARCHING,0.0,SEARCH,SCAN,SCAN,49.0,98.6,,
2026-06-12T16:39:52.480,1781275192,nicole,SEARCHING,0.0,SEARCH,SCAN,SCAN,57.0,103.4,,
2026-06-12T16:39:52.697,1781275192,nicole,SEARCHING,0.0,SEARCH,SCAN,SCAN,65.0,108.2,,
2026-06-12T16:39:52.893,1781275192,nicole,SEARCHING,0.0,SEARCH,SCAN,SCAN,73.0,113.0,,
2026-06-12T16:39:53.096,1781275193,nicole,SEARCHING,0.0,SEARCH,SCAN,SCAN,81.0,115.0,,
2026-06-12T16:39:53.296,1781275193,nicole,SEARCHING,0.0,SEARCH,SCAN,SCAN,89.0,110.2,,
2026-06-12T16:39:53.505,1781275193,nicole,SEARCHING,0.0,SEARCH,SCAN,SCAN,97.0,105.4,,
2026-06-12T16:39:53.626,1781275193,nicole,SEARCHING,0.0,SEARCH,SCAN,SCAN,105.0,100.6,,
2026-06-12T16:39:53.830,1781275193,nicole,SEARCHING,0.0,SEARCH,SCAN,SCAN,113.0,95.8,,
2026-06-12T16:39:54.033,1781275194,nicole,SEARCHING,0.0,SEARCH,SCAN,SCAN,121.0,91.0,,
2026-06-12T16:39:54.228,1781275194,nicole,SEARCHING,0.0,SEARCH,SCAN,SCAN,129.0,86.2,,
2026-06-12T16:39:54.439,1781275194,nicole,SEARCHING,0.0,SEARCH,SCAN,SCAN,137.0,81.4,,
2026-06-12T16:39:54.685,1781275194,nicole,TRACKING,0.6265,CENTERED,CENTERED,CENTERED,125.6,84.0,576,360
2026-06-12T16:39:54.929,1781275194,nicole,REACQUIRING,0.0,SEARCH,SCAN,SCAN,107.0,85.2,,
2026-06-12T16:39:55.137,1781275195,nicole,REACQUIRING,0.0,SEARCH,SCAN,SCAN,115.0,80.4,,
2026-06-12T16:39:55.333,1781275195,nicole,REACQUIRING,0.0,SEARCH,SCAN,SCAN,123.0,75.6,,
2026-06-12T16:39:55.542,1781275195,nicole,REACQUIRING,0.0,SEARCH,SCAN,SCAN,131.0,70.8,,
2026-06-12T16:39:55.744,1781275195,nicole,REACQUIRING,0.0,SEARCH,SCAN,SCAN,139.0,66.0,,
2026-06-12T16:39:55.943,1781275195,nicole,REACQUIRING,0.0,SEARCH,SCAN,SCAN,147.0,65.0,,
2026-06-12T16:39:56.153,1781275196,nicole,REACQUIRING,0.0,SEARCH,SCAN,SCAN,149.0,69.8,,
2026-06-12T16:39:56.328,1781275196,nicole,TRACKING,0.5892,CENTERED,CENTERED,CENTERED,136.2,75.9,523,360
2026-06-12T16:39:56.424,1781275196,nicole,TRACKING,0.6161,CENTERED,CENTERED,CENTERED,127.0,80.1,529,360
2026-06-12T16:39:56.517,1781275196,nicole,TRACKING,0.6462,CENTERED,CENTERED,CENTERED,120.7,83.1,528,360
2026-06-12T16:39:56.617,1781275196,nicole,TRACKING,0.6152,CENTERED,CENTERED,CENTERED,116.2,85.1,527,360
2026-06-12T16:39:56.717,1781275196,nicole,TRACKING,0.6033,CENTERED,CENTERED,CENTERED,112.9,86.6,533,360
2026-06-12T16:39:56.801,1781275196,nicole,TRACKING,0.5988,CENTERED,CENTERED,CENTERED,109.3,87.6,562,360
2026-06-12T16:39:56.911,1781275196,nicole,TRACKING,0.5578,CENTERED,CENTERED,CENTERED,105.4,88.3,595,360
2026-06-12T16:39:57.441,1781275197,nicole,REACQUIRING,0.0,SEARCH,SCAN,SCAN,88.3,94.8,,
2026-06-12T16:39:57.642,1781275197,nicole,REACQUIRING,0.0,SEARCH,SCAN,SCAN,80.3,99.6,,
2026-06-12T16:39:57.848,1781275197,nicole,REACQUIRING,0.0,SEARCH,SCAN,SCAN,72.3,104.4,,
2026-06-12T16:39:58.050,1781275198,nicole,REACQUIRING,0.0,SEARCH,SCAN,SCAN,64.3,109.2,,
2026-06-12T16:39:58.257,1781275198,nicole,REACQUIRING,0.0,SEARCH,SCAN,SCAN,56.3,114.0,,
2026-06-12T16:39:58.452,1781275198,nicole,REACQUIRING,0.0,SEARCH,SCAN,SCAN,48.3,115.0,,
2026-06-12T16:39:58.662,1781275198,nicole,REACQUIRING,0.0,SEARCH,SCAN,SCAN,46.3,110.2,,
2026-06-12T16:39:58.932,1781275198,nicole,REACQUIRING,0.0,SEARCH,SCAN,SCAN,54.3,105.4,,
2026-06-12T16:39:59.134,1781275199,nicole,REACQUIRING,0.0,SEARCH,SCAN,SCAN,62.3,100.6,,
2026-06-12T16:39:59.330,1781275199,nicole,REACQUIRING,0.0,SEARCH,SCAN,SCAN,70.3,95.8,,
2026-06-12T16:39:59.503,1781275199,nicole,REACQUIRING,0.0,SEARCH,SCAN,SCAN,78.3,91.0,,
2026-06-12T16:39:59.624,1781275199,nicole,REACQUIRING,0.0,SEARCH,SCAN,SCAN,86.3,86.2,,
2026-06-12T16:39:59.761,1781275199,nicole,REACQUIRING,0.0,SEARCH,SCAN,SCAN,94.3,81.4,,
2026-06-12T16:39:59.968,1781275199,nicole,REACQUIRING,0.0,SEARCH,SCAN,SCAN,102.3,76.6,,
2026-06-12T16:40:00.159,1781275200,nicole,REACQUIRING,0.0,SEARCH,SCAN,SCAN,110.3,71.8,,
2026-06-12T16:40:00.371,1781275200,nicole,REACQUIRING,0.0,SEARCH,SCAN,SCAN,118.3,67.0,,
2026-06-12T16:40:00.565,1781275200,nicole,REACQUIRING,0.0,SEARCH,SCAN,SCAN,126.3,65.0,,
2026-06-12T16:40:00.776,1781275200,nicole,REACQUIRING,0.0,SEARCH,SCAN,SCAN,134.3,69.8,,
2026-06-12T16:40:00.979,1781275200,nicole,REACQUIRING,0.0,SEARCH,SCAN,SCAN,142.3,74.6,,
2026-06-12T16:40:01.178,1781275201,nicole,REACQUIRING,0.0,SEARCH,SCAN,SCAN,146.3,79.4,,
2026-06-12T16:40:01.383,1781275201,nicole,REACQUIRING,0.0,SEARCH,SCAN,SCAN,138.3,84.2,,
2026-06-12T16:40:01.578,1781275201,nicole,REACQUIRING,0.0,SEARCH,SCAN,SCAN,130.3,89.0,,
2026-06-12T16:40:01.759,1781275201,nicole,REACQUIRING,0.0,SEARCH,SCAN,SCAN,122.3,93.8,,
2026-06-12T16:40:01.970,1781275201,nicole,REACQUIRING,0.0,SEARCH,SCAN,SCAN,114.3,98.6,,
2026-06-12T16:40:02.176,1781275202,nicole,REACQUIRING,0.0,SEARCH,SCAN,SCAN,106.3,103.4,,
2026-06-12T16:40:02.393,1781275202,nicole,REACQUIRING,0.0,SEARCH,SCAN,SCAN,98.3,108.2,,
2026-06-12T16:40:02.583,1781275202,nicole,REACQUIRING,0.0,SEARCH,SCAN,SCAN,90.3,113.0,,
2026-06-12T16:40:02.793,1781275202,nicole,REACQUIRING,0.0,SEARCH,SCAN,SCAN,82.3,115.0,,
2026-06-12T16:40:02.982,1781275202,nicole,REACQUIRING,0.0,SEARCH,SCAN,SCAN,74.3,110.2,,
2026-06-12T16:40:03.192,1781275203,nicole,REACQUIRING,0.0,SEARCH,SCAN,SCAN,66.3,105.4,,
2026-06-12T16:40:03.400,1781275203,nicole,REACQUIRING,0.0,SEARCH,SCAN,SCAN,58.3,100.6,,
2026-06-12T16:40:03.588,1781275203,nicole,REACQUIRING,0.0,SEARCH,SCAN,SCAN,50.3,95.8,,
2026-06-12T16:40:03.766,1781275203,nicole,REACQUIRING,0.0,SEARCH,SCAN,SCAN,46.3,91.0,,
2026-06-12T16:40:03.889,1781275203,nicole,REACQUIRING,0.0,SEARCH,SCAN,SCAN,54.3,86.2,,
2026-06-12T16:40:04.098,1781275204,nicole,REACQUIRING,0.0,SEARCH,SCAN,SCAN,62.3,81.4,,
2026-06-12T16:40:04.295,1781275204,nicole,REACQUIRING,0.0,SEARCH,SCAN,SCAN,70.3,76.6,,
2026-06-12T16:40:04.454,1781275204,nicole,REACQUIRING,0.0,SEARCH,SCAN,SCAN,78.3,71.8,,
2026-06-12T16:40:04.668,1781275204,nicole,REACQUIRING,0.0,SEARCH,SCAN,SCAN,86.3,67.0,,
2026-06-12T16:40:04.873,1781275204,nicole,REACQUIRING,0.0,SEARCH,SCAN,SCAN,94.3,65.0,,
2026-06-12T16:40:05.066,1781275205,nicole,REACQUIRING,0.0,SEARCH,SCAN,SCAN,102.3,69.8,,
2026-06-12T16:40:05.203,1781275205,nicole,REACQUIRING,0.0,SEARCH,SCAN,SCAN,110.3,74.6,,
2026-06-12T16:40:05.398,1781275205,nicole,REACQUIRING,0.0,SEARCH,SCAN,SCAN,118.3,79.4,,
2026-06-12T16:40:05.575,1781275205,nicole,REACQUIRING,0.0,SEARCH,SCAN,SCAN,126.3,84.2,,
2026-06-12T16:40:05.702,1781275205,nicole,REACQUIRING,0.0,SEARCH,SCAN,SCAN,134.3,89.0,,
2026-06-12T16:40:05.903,1781275205,nicole,REACQUIRING,0.0,SEARCH,SCAN,SCAN,142.3,93.8,,
2026-06-12T16:40:06.090,1781275206,nicole,REACQUIRING,0.0,SEARCH,SCAN,SCAN,146.3,98.6,,
2026-06-12T16:40:06.296,1781275206,nicole,REACQUIRING,0.0,SEARCH,SCAN,SCAN,138.3,103.4,,
2026-06-12T16:40:06.514,1781275206,nicole,REACQUIRING,0.0,SEARCH,SCAN,SCAN,130.3,108.2,,
2026-06-12T16:40:06.705,1781275206,nicole,REACQUIRING,0.0,SEARCH,SCAN,SCAN,122.3,113.0,,
2026-06-12T16:40:06.910,1781275206,nicole,REACQUIRING,0.0,SEARCH,SCAN,SCAN,114.3,115.0,,
2026-06-12T16:40:07.104,1781275207,nicole,REACQUIRING,0.0,SEARCH,SCAN,SCAN,106.3,110.2,,
2026-06-12T16:40:07.312,1781275207,nicole,REACQUIRING,0.0,SEARCH,SCAN,SCAN,98.3,105.4,,
2026-06-12T16:40:07.507,1781275207,nicole,REACQUIRING,0.0,SEARCH,SCAN,SCAN,90.3,100.6,,
2026-06-12T16:40:07.711,1781275207,nicole,REACQUIRING,0.0,SEARCH,SCAN,SCAN,82.3,95.8,,
2026-06-12T16:40:07.923,1781275207,nicole,REACQUIRING,0.0,SEARCH,SCAN,SCAN,74.3,91.0,,
2026-06-12T16:40:08.114,1781275208,nicole,REACQUIRING,0.0,SEARCH,SCAN,SCAN,66.3,86.2,,
2026-06-12T16:40:08.315,1781275208,nicole,REACQUIRING,0.0,SEARCH,SCAN,SCAN,58.3,81.4,,
2026-06-12T16:40:08.513,1781275208,nicole,REACQUIRING,0.0,SEARCH,SCAN,SCAN,50.3,76.6,,
2026-06-12T16:40:08.720,1781275208,nicole,REACQUIRING,0.0,SEARCH,SCAN,SCAN,46.3,71.8,,
2026-06-12T16:40:08.912,1781275208,nicole,REACQUIRING,0.0,SEARCH,SCAN,SCAN,54.3,67.0,,
2026-06-12T16:40:09.119,1781275209,nicole,REACQUIRING,0.0,SEARCH,SCAN,SCAN,62.3,65.0,,
2026-06-12T16:40:09.327,1781275209,nicole,REACQUIRING,0.0,SEARCH,SCAN,SCAN,70.3,69.8,,
2026-06-12T16:40:09.521,1781275209,nicole,SEARCHING,0.0,SEARCH,SCAN,SCAN,104.3,94.8,,
2026-06-12T16:40:09.729,1781275209,nicole,SEARCHING,0.0,SEARCH,SCAN,SCAN,112.3,99.6,,
2026-06-12T16:40:09.919,1781275209,nicole,SEARCHING,0.0,SEARCH,SCAN,SCAN,120.3,104.4,,
2026-06-12T16:40:10.131,1781275210,nicole,SEARCHING,0.0,SEARCH,SCAN,SCAN,128.3,109.2,,
2026-06-12T16:40:10.336,1781275210,nicole,SEARCHING,0.0,SEARCH,SCAN,SCAN,136.3,114.0,,
2026-06-12T16:40:10.526,1781275210,nicole,SEARCHING,0.0,SEARCH,SCAN,SCAN,144.3,115.0,,
2026-06-12T16:40:10.741,1781275210,nicole,SEARCHING,0.0,SEARCH,SCAN,SCAN,146.3,110.2,,
2026-06-12T16:40:10.930,1781275210,nicole,SEARCHING,0.0,SEARCH,SCAN,SCAN,138.3,105.4,,
2026-06-12T16:40:11.136,1781275211,nicole,SEARCHING,0.0,SEARCH,SCAN,SCAN,130.3,100.6,,
2026-06-12T16:40:11.333,1781275211,nicole,SEARCHING,0.0,SEARCH,SCAN,SCAN,122.3,95.8,,
2026-06-12T16:40:11.534,1781275211,nicole,SEARCHING,0.0,SEARCH,SCAN,SCAN,114.3,91.0,,
2026-06-12T16:40:11.737,1781275211,nicole,SEARCHING,0.0,SEARCH,SCAN,SCAN,106.3,86.2,,
2026-06-12T16:40:11.935,1781275211,nicole,SEARCHING,0.0,SEARCH,SCAN,SCAN,98.3,81.4,,
2026-06-12T16:40:12.144,1781275212,nicole,SEARCHING,0.0,SEARCH,SCAN,SCAN,90.3,76.6,,
2026-06-12T16:40:12.342,1781275212,nicole,SEARCHING,0.0,SEARCH,SCAN,SCAN,82.3,71.8,,
2026-06-12T16:40:12.544,1781275212,nicole,SEARCHING,0.0,SEARCH,SCAN,SCAN,74.3,67.0,,
2026-06-12T16:40:12.734,1781275212,nicole,SEARCHING,0.0,SEARCH,SCAN,SCAN,66.3,65.0,,
2026-06-12T16:40:12.945,1781275212,nicole,SEARCHING,0.0,SEARCH,SCAN,SCAN,58.3,69.8,,
2026-06-12T16:40:13.150,1781275213,nicole,SEARCHING,0.0,SEARCH,SCAN,SCAN,50.3,74.6,,
2026-06-12T16:40:13.349,1781275213,nicole,SEARCHING,0.0,SEARCH,SCAN,SCAN,46.3,79.4,,
2026-06-12T16:40:13.550,1781275213,nicole,SEARCHING,0.0,SEARCH,SCAN,SCAN,54.3,84.2,,
2026-06-12T16:40:13.742,1781275213,nicole,SEARCHING,0.0,SEARCH,SCAN,SCAN,62.3,89.0,,
2026-06-12T16:40:13.954,1781275213,nicole,SEARCHING,0.0,SEARCH,SCAN,SCAN,70.3,93.8,,
2026-06-12T16:40:14.163,1781275214,nicole,SEARCHING,0.0,SEARCH,SCAN,SCAN,78.3,98.6,,
2026-06-12T16:40:14.351,1781275214,nicole,SEARCHING,0.0,SEARCH,SCAN,SCAN,86.3,103.4,,
2026-06-12T16:40:14.561,1781275214,nicole,SEARCHING,0.0,SEARCH,SCAN,SCAN,94.3,108.2,,
2026-06-12T16:40:14.755,1781275214,nicole,SEARCHING,0.0,SEARCH,SCAN,SCAN,102.3,113.0,,
2026-06-12T16:40:14.959,1781275214,nicole,SEARCHING,0.0,SEARCH,SCAN,SCAN,110.3,115.0,,
2026-06-12T16:40:15.155,1781275215,nicole,SEARCHING,0.0,SEARCH,SCAN,SCAN,118.3,110.2,,
2026-06-12T16:40:15.357,1781275215,nicole,SEARCHING,0.0,SEARCH,SCAN,SCAN,126.3,105.4,,
2026-06-12T16:40:15.572,1781275215,nicole,SEARCHING,0.0,SEARCH,SCAN,SCAN,134.3,100.6,,
2026-06-12T16:40:15.763,1781275215,nicole,SEARCHING,0.0,SEARCH,SCAN,SCAN,142.3,95.8,,
2026-06-12T16:40:15.973,1781275215,nicole,SEARCHING,0.0,SEARCH,SCAN,SCAN,146.3,91.0,,
2026-06-12T16:40:16.163,1781275216,nicole,SEARCHING,0.0,SEARCH,SCAN,SCAN,138.3,86.2,,
2026-06-12T16:40:16.361,1781275216,nicole,SEARCHING,0.0,SEARCH,SCAN,SCAN,130.3,81.4,,
2026-06-12T16:40:16.561,1781275216,nicole,SEARCHING,0.0,SEARCH,SCAN,SCAN,122.3,76.6,,
2026-06-12T16:40:16.771,1781275216,nicole,SEARCHING,0.0,SEARCH,SCAN,SCAN,114.3,71.8,,
2026-06-12T16:40:16.981,1781275216,nicole,SEARCHING,0.0,SEARCH,SCAN,SCAN,106.3,67.0,,
2026-06-12T16:40:17.170,1781275217,nicole,SEARCHING,0.0,SEARCH,SCAN,SCAN,98.3,65.0,,
2026-06-12T16:40:17.370,1781275217,nicole,SEARCHING,0.0,SEARCH,SCAN,SCAN,90.3,69.8,,
2026-06-12T16:40:17.570,1781275217,nicole,SEARCHING,0.0,SEARCH,SCAN,SCAN,82.3,74.6,,
2026-06-12T16:40:17.778,1781275217,nicole,SEARCHING,0.0,SEARCH,SCAN,SCAN,74.3,79.4,,
2026-06-12T16:40:17.984,1781275217,nicole,SEARCHING,0.0,SEARCH,SCAN,SCAN,66.3,84.2,,
2026-06-12T16:40:18.179,1781275218,nicole,SEARCHING,0.0,SEARCH,SCAN,SCAN,58.3,89.0,,
2026-06-12T16:40:18.385,1781275218,nicole,SEARCHING,0.0,SEARCH,SCAN,SCAN,50.3,93.8,,
2026-06-12T16:40:18.578,1781275218,nicole,SEARCHING,0.0,SEARCH,SCAN,SCAN,46.3,98.6,,
2026-06-12T16:40:18.778,1781275218,nicole,SEARCHING,0.0,SEARCH,SCAN,SCAN,54.3,103.4,,
2026-06-12T16:40:18.978,1781275218,nicole,SEARCHING,0.0,SEARCH,SCAN,SCAN,62.3,108.2,,
2026-06-12T16:40:19.182,1781275219,nicole,SEARCHING,0.0,SEARCH,SCAN,SCAN,70.3,113.0,,
2026-06-12T16:40:19.397,1781275219,nicole,SEARCHING,0.0,SEARCH,SCAN,SCAN,78.3,115.0,,
2026-06-12T16:40:19.582,1781275219,nicole,SEARCHING,0.0,SEARCH,SCAN,SCAN,86.3,110.2,,
2026-06-12T16:40:19.792,1781275219,nicole,SEARCHING,0.0,SEARCH,SCAN,SCAN,94.3,105.4,,
2026-06-12T16:40:19.986,1781275219,nicole,SEARCHING,0.0,SEARCH,SCAN,SCAN,102.3,100.6,,
2026-06-12T16:40:20.196,1781275220,nicole,SEARCHING,0.0,SEARCH,SCAN,SCAN,110.3,95.8,,
2026-06-12T16:40:20.383,1781275220,nicole,SEARCHING,0.0,SEARCH,SCAN,SCAN,118.3,91.0,,
2026-06-12T16:40:20.597,1781275220,nicole,SEARCHING,0.0,SEARCH,SCAN,SCAN,126.3,86.2,,
2026-06-12T16:40:20.797,1781275220,nicole,SEARCHING,0.0,SEARCH,SCAN,SCAN,134.3,81.4,,
2026-06-12T16:40:20.991,1781275220,nicole,SEARCHING,0.0,SEARCH,SCAN,SCAN,142.3,76.6,,
2026-06-12T16:40:21.200,1781275221,nicole,SEARCHING,0.0,SEARCH,SCAN,SCAN,146.3,71.8,,
2026-06-12T16:40:21.391,1781275221,nicole,SEARCHING,0.0,SEARCH,SCAN,SCAN,138.3,67.0,,
2026-06-12T16:40:21.598,1781275221,nicole,SEARCHING,0.0,SEARCH,SCAN,SCAN,130.3,65.0,,
2026-06-12T16:40:21.805,1781275221,nicole,SEARCHING,0.0,SEARCH,SCAN,SCAN,122.3,69.8,,
2026-06-12T16:40:22.005,1781275222,nicole,SEARCHING,0.0,SEARCH,SCAN,SCAN,114.3,74.6,,
2026-06-12T16:40:22.211,1781275222,nicole,SEARCHING,0.0,SEARCH,SCAN,SCAN,106.3,79.4,,
2026-06-12T16:40:22.399,1781275222,nicole,SEARCHING,0.0,SEARCH,SCAN,SCAN,98.3,84.2,,
2026-06-12T16:40:22.610,1781275222,nicole,SEARCHING,0.0,SEARCH,SCAN,SCAN,90.3,89.0,,
2026-06-12T16:40:22.801,1781275222,nicole,SEARCHING,0.0,SEARCH,SCAN,SCAN,82.3,93.8,,
2026-06-12T16:40:23.011,1781275223,nicole,SEARCHING,0.0,SEARCH,SCAN,SCAN,74.3,98.6,,
2026-06-12T16:40:23.214,1781275223,nicole,SEARCHING,0.0,SEARCH,SCAN,SCAN,66.3,103.4,,
2026-06-12T16:40:23.403,1781275223,nicole,SEARCHING,0.0,SEARCH,SCAN,SCAN,58.3,108.2,,
2026-06-12T16:40:23.617,1781275223,nicole,SEARCHING,0.0,SEARCH,SCAN,SCAN,50.3,113.0,,
2026-06-12T16:40:23.806,1781275223,nicole,SEARCHING,0.0,SEARCH,SCAN,SCAN,46.3,115.0,,
2026-06-12T16:40:24.012,1781275224,nicole,SEARCHING,0.0,SEARCH,SCAN,SCAN,54.3,110.2,,
2026-06-12T16:40:24.208,1781275224,nicole,SEARCHING,0.0,SEARCH,SCAN,SCAN,62.3,105.4,,
2026-06-12T16:40:24.418,1781275224,nicole,SEARCHING,0.0,SEARCH,SCAN,SCAN,70.3,100.6,,
2026-06-12T16:40:24.626,1781275224,nicole,SEARCHING,0.0,SEARCH,SCAN,SCAN,78.3,95.8,,
2026-06-12T16:40:24.818,1781275224,nicole,SEARCHING,0.0,SEARCH,SCAN,SCAN,86.3,91.0,,
2026-06-12T16:40:25.019,1781275225,nicole,SEARCHING,0.0,SEARCH,SCAN,SCAN,94.3,86.2,,
2026-06-12T16:40:25.216,1781275225,nicole,SEARCHING,0.0,SEARCH,SCAN,SCAN,102.3,81.4,,
2026-06-12T16:40:25.426,1781275225,nicole,SEARCHING,0.0,SEARCH,SCAN,SCAN,110.3,76.6,,
2026-06-12T16:40:25.638,1781275225,nicole,SEARCHING,0.0,SEARCH,SCAN,SCAN,118.3,71.8,,
2026-06-12T16:40:25.825,1781275225,nicole,SEARCHING,0.0,SEARCH,SCAN,SCAN,126.3,67.0,,
2026-06-12T16:40:26.030,1781275226,nicole,SEARCHING,0.0,SEARCH,SCAN,SCAN,134.3,65.0,,
2026-06-12T16:40:26.218,1781275226,nicole,SEARCHING,0.0,SEARCH,SCAN,SCAN,142.3,69.8,,
