timestamp_iso,unix_ts,speaker_id,lock_state,confidence,status,pan_command,tilt_command,pan_angle,tilt_angle,face_x,face_y
2026-06-12T15:08:35.371,1781269715,nicole,TRACKING,0.6612,MOVE_RIGHT_DOWN,RIGHT,DOWN,79.1,97.0,899,453
2026-06-12T15:08:35.562,1781269715,nicole,TRACKING,0.767,MOVE_RIGHT_DOWN,RIGHT,DOWN,76.3,101.0,784,441
2026-06-12T15:08:35.741,1781269715,nicole,TRACKING,0.8505,CENTERED,CENTERED,CENTERED,77.8,101.0,701,405
2026-06-12T15:08:35.853,1781269715,nicole,TRACKING,0.9027,CENTERED,CENTERED,CENTERED,79.1,101.8,697,414
2026-06-12T15:08:35.964,1781269715,nicole,TRACKING,0.7855,CENTERED,CENTERED,CENTERED,80.6,102.1,682,411
2026-06-12T15:08:36.049,1781269716,nicole,TRACKING,0.8654,CENTERED,CENTERED,CENTERED,82.9,102.2,651,410
2026-06-12T15:08:36.163,1781269716,nicole,TRACKING,0.8798,CENTERED,CENTERED,CENTERED,85.7,102.3,625,410
2026-06-12T15:08:36.252,1781269716,nicole,TRACKING,0.8889,CENTERED,CENTERED,CENTERED,87.6,101.6,625,400
2026-06-12T15:08:36.348,1781269716,nicole,TRACKING,0.8992,CENTERED,CENTERED,CENTERED,88.9,100.8,627,396
2026-06-12T15:08:36.444,1781269716,nicole,TRACKING,0.8869,CENTERED,CENTERED,CENTERED,89.6,100.1,630,393
2026-06-12T15:08:36.558,1781269716,nicole,TRACKING,0.9041,CENTERED,CENTERED,CENTERED,89.8,99.2,638,389
2026-06-12T15:08:36.670,1781269716,nicole,TRACKING,0.9095,CENTERED,CENTERED,CENTERED,90.0,98.5,638,388
2026-06-12T15:08:36.760,1781269716,nicole,TRACKING,0.9021,CENTERED,CENTERED,CENTERED,90.1,97.9,638,386
2026-06-12T15:08:36.867,1781269716,nicole,TRACKING,0.8783,CENTERED,CENTERED,CENTERED,90.2,98.0,637,393
2026-06-12T15:08:36.958,1781269716,nicole,TRACKING,0.9077,CENTERED,CENTERED,CENTERED,89.9,98.4,644,397
2026-06-12T15:08:37.053,1781269717,nicole,TRACKING,0.9052,CENTERED,CENTERED,CENTERED,89.8,98.6,643,396
2026-06-12T15:08:37.148,1781269717,nicole,TRACKING,0.8913,CENTERED,CENTERED,CENTERED,89.7,98.6,645,395
2026-06-12T15:08:37.263,1781269717,nicole,TRACKING,0.9092,CENTERED,CENTERED,CENTERED,89.5,98.6,646,394
2026-06-12T15:08:37.360,1781269717,nicole,TRACKING,0.898,CENTERED,CENTERED,CENTERED,89.4,98.6,647,394
2026-06-12T15:08:37.454,1781269717,nicole,TRACKING,0.9087,CENTERED,CENTERED,CENTERED,89.2,98.6,648,395
2026-06-12T15:08:37.572,1781269717,nicole,TRACKING,0.8926,CENTERED,CENTERED,CENTERED,89.0,98.7,650,395
2026-06-12T15:08:37.659,1781269717,nicole,TRACKING,0.8856,CENTERED,CENTERED,CENTERED,88.8,98.6,652,394
2026-06-12T15:08:37.757,1781269717,nicole,TRACKING,0.879,CENTERED,CENTERED,CENTERED,88.6,99.1,653,401
2026-06-12T15:08:37.853,1781269717,nicole,TRACKING,0.8995,CENTERED,CENTERED,CENTERED,88.3,99.1,657,397
2026-06-12T15:08:37.993,1781269717,nicole,TRACKING,0.8865,CENTERED,CENTERED,CENTERED,87.9,99.1,662,396
2026-06-12T15:08:38.063,1781269718,nicole,TRACKING,0.8893,CENTERED,CENTERED,CENTERED,87.4,98.9,666,394
2026-06-12T15:08:38.157,1781269718,nicole,TRACKING,0.8906,CENTERED,CENTERED,CENTERED,87.0,98.8,668,394
2026-06-12T15:08:38.268,1781269718,nicole,TRACKING,0.8846,CENTERED,CENTERED,CENTERED,86.7,98.9,668,396
2026-06-12T15:08:38.364,1781269718,nicole,TRACKING,0.8925,CENTERED,CENTERED,CENTERED,86.6,98.7,667,394
2026-06-12T15:08:38.468,1781269718,nicole,TRACKING,0.8857,CENTERED,CENTERED,CENTERED,86.5,98.5,667,392
2026-06-12T15:08:38.558,1781269718,nicole,TRACKING,0.8901,CENTERED,CENTERED,CENTERED,86.4,98.6,666,395
2026-06-12T15:08:38.682,1781269718,nicole,TRACKING,0.8852,CENTERED,CENTERED,CENTERED,86.4,98.6,666,394
2026-06-12T15:08:38.787,1781269718,nicole,TRACKING,0.8969,CENTERED,CENTERED,CENTERED,86.2,98.4,671,392
2026-06-12T15:08:38.865,1781269718,nicole,TRACKING,0.8766,CENTERED,CENTERED,CENTERED,86.0,98.3,671,392
2026-06-12T15:08:38.974,1781269718,nicole,TRACKING,0.8775,CENTERED,CENTERED,CENTERED,85.8,98.0,674,390
2026-06-12T15:08:39.069,1781269719,nicole,TRACKING,0.8751,CENTERED,CENTERED,CENTERED,85.6,97.8,674,389
2026-06-12T15:08:39.163,1781269719,nicole,TRACKING,0.8818,CENTERED,CENTERED,CENTERED,85.5,97.6,674,389
2026-06-12T15:08:39.277,1781269719,nicole,TRACKING,0.8785,CENTERED,CENTERED,CENTERED,85.5,97.4,673,388
2026-06-12T15:08:39.390,1781269719,nicole,TRACKING,0.8723,CENTERED,CENTERED,CENTERED,85.5,97.5,672,390
2026-06-12T15:08:39.470,1781269719,nicole,TRACKING,0.8525,CENTERED,CENTERED,CENTERED,85.6,97.5,669,391
2026-06-12T15:08:39.566,1781269719,nicole,TRACKING,0.8471,CENTERED,CENTERED,CENTERED,85.8,97.4,667,388
2026-06-12T15:08:39.676,1781269719,nicole,TRACKING,0.7202,CENTERED,CENTERED,CENTERED,86.3,97.3,657,389
2026-06-12T15:08:39.772,1781269719,nicole,TRACKING,0.6903,CENTERED,CENTERED,CENTERED,87.1,97.6,648,393
2026-06-12T15:08:39.881,1781269719,nicole,TRACKING,0.7388,CENTERED,CENTERED,CENTERED,88.0,97.9,640,394
2026-06-12T15:08:39.981,1781269719,nicole,TRACKING,0.7491,CENTERED,CENTERED,CENTERED,88.8,97.8,634,391
2026-06-12T15:08:40.075,1781269720,nicole,TRACKING,0.7447,CENTERED,CENTERED,CENTERED,89.6,97.7,631,389
2026-06-12T15:08:40.173,1781269720,nicole,TRACKING,0.7537,CENTERED,CENTERED,CENTERED,90.1,97.6,630,390
2026-06-12T15:08:40.273,1781269720,nicole,TRACKING,0.732,CENTERED,CENTERED,CENTERED,90.4,97.7,633,391
2026-06-12T15:08:40.379,1781269720,nicole,TRACKING,0.7337,CENTERED,CENTERED,CENTERED,90.6,97.8,633,393
2026-06-12T15:08:40.494,1781269720,nicole,TRACKING,0.7622,CENTERED,CENTERED,CENTERED,90.6,98.1,636,395
2026-06-12T15:08:40.574,1781269720,nicole,TRACKING,0.7247,CENTERED,CENTERED,CENTERED,90.5,98.2,637,393
2026-06-12T15:08:40.684,1781269720,nicole,TRACKING,0.7047,CENTERED,CENTERED,CENTERED,90.5,98.3,636,395
2026-06-12T15:08:40.794,1781269720,nicole,TRACKING,0.7337,CENTERED,CENTERED,CENTERED,90.4,98.5,639,395
2026-06-12T15:08:40.884,1781269720,nicole,TRACKING,0.7498,CENTERED,CENTERED,CENTERED,90.3,98.5,640,395
2026-06-12T15:08:40.973,1781269720,nicole,TRACKING,0.7517,CENTERED,CENTERED,CENTERED,89.9,98.6,646,395
2026-06-12T15:08:41.087,1781269721,nicole,TRACKING,0.785,CENTERED,CENTERED,CENTERED,89.5,98.8,651,397
2026-06-12T15:08:41.183,1781269721,nicole,TRACKING,0.7743,CENTERED,CENTERED,CENTERED,89.0,98.9,655,397
2026-06-12T15:08:41.283,1781269721,nicole,TRACKING,0.8718,CENTERED,CENTERED,CENTERED,88.3,99.0,665,397
2026-06-12T15:08:41.389,1781269721,nicole,TRACKING,0.9038,CENTERED,CENTERED,CENTERED,87.6,99.1,668,397
2026-06-12T15:08:41.490,1781269721,nicole,TRACKING,0.8994,CENTERED,CENTERED,CENTERED,87.1,99.1,670,396
2026-06-12T15:08:41.600,1781269721,nicole,TRACKING,0.8928,CENTERED,CENTERED,CENTERED,86.6,98.9,671,394
2026-06-12T15:08:41.684,1781269721,nicole,TRACKING,0.8906,CENTERED,CENTERED,CENTERED,86.4,98.8,669,394
2026-06-12T15:08:41.795,1781269721,nicole,TRACKING,0.8913,CENTERED,CENTERED,CENTERED,86.3,98.8,669,395
2026-06-12T15:08:41.917,1781269721,nicole,TRACKING,0.8802,CENTERED,CENTERED,CENTERED,86.2,98.8,667,395
2026-06-12T15:08:42.017,1781269722,nicole,TRACKING,0.8499,CENTERED,CENTERED,CENTERED,86.3,98.5,665,391
2026-06-12T15:08:42.096,1781269722,nicole,TRACKING,0.8521,CENTERED,CENTERED,CENTERED,86.2,98.5,669,394
2026-06-12T15:08:42.196,1781269722,nicole,TRACKING,0.8274,CENTERED,CENTERED,CENTERED,86.2,98.4,668,393
2026-06-12T15:08:42.304,1781269722,nicole,TRACKING,0.841,CENTERED,CENTERED,CENTERED,86.0,98.5,670,395
2026-06-12T15:08:42.380,1781269722,nicole,TRACKING,0.8287,CENTERED,CENTERED,CENTERED,86.0,98.4,670,393
2026-06-12T15:08:42.500,1781269722,nicole,TRACKING,0.8525,CENTERED,CENTERED,CENTERED,86.0,98.5,669,395
2026-06-12T15:08:42.588,1781269722,nicole,TRACKING,0.8948,CENTERED,CENTERED,CENTERED,85.8,98.7,672,397
2026-06-12T15:08:42.685,1781269722,nicole,TRACKING,0.9041,CENTERED,CENTERED,CENTERED,85.8,99.3,670,403
2026-06-12T15:08:42.812,1781269722,nicole,TRACKING,0.9001,CENTERED,CENTERED,CENTERED,85.9,99.8,668,404
2026-06-12T15:08:42.895,1781269722,nicole,TRACKING,0.896,CENTERED,CENTERED,CENTERED,86.1,100.3,664,405
2026-06-12T15:08:43.011,1781269723,nicole,TRACKING,0.8901,CENTERED,CENTERED,CENTERED,86.2,100.5,665,404
2026-06-12T15:08:43.096,1781269723,nicole,TRACKING,0.8489,CENTERED,CENTERED,CENTERED,86.2,100.9,668,408
2026-06-12T15:08:43.198,1781269723,nicole,TRACKING,0.7167,CENTERED,CENTERED,CENTERED,85.6,101.3,680,409
2026-06-12T15:08:43.293,1781269723,nicole,TRACKING,0.7489,CENTERED,CENTERED,CENTERED,84.7,101.6,693,409
2026-06-12T15:08:43.390,1781269723,nicole,TRACKING,0.7351,CENTERED,CENTERED,CENTERED,83.9,101.5,697,405
2026-06-12T15:08:43.500,1781269723,nicole,TRACKING,0.7439,CENTERED,CENTERED,CENTERED,83.3,101.4,697,404
2026-06-12T15:08:43.617,1781269723,nicole,TRACKING,0.7302,CENTERED,CENTERED,CENTERED,82.9,101.3,698,405
2026-06-12T15:08:43.702,1781269723,nicole,TRACKING,0.7441,CENTERED,CENTERED,CENTERED,82.5,101.4,699,406
2026-06-12T15:08:43.807,1781269723,nicole,TRACKING,0.7541,CENTERED,CENTERED,CENTERED,82.2,101.5,700,407
2026-06-12T15:08:43.920,1781269723,nicole,TRACKING,0.7427,CENTERED,CENTERED,CENTERED,81.9,101.6,702,408
2026-06-12T15:08:44.008,1781269724,nicole,TRACKING,0.7479,CENTERED,CENTERED,CENTERED,81.7,102.0,702,411
2026-06-12T15:08:44.114,1781269724,nicole,TRACKING,0.7425,CENTERED,CENTERED,CENTERED,81.5,102.1,705,410
2026-06-12T15:08:44.217,1781269724,nicole,TRACKING,0.7498,CENTERED,CENTERED,CENTERED,81.0,102.3,712,411
2026-06-12T15:08:44.326,1781269724,nicole,TRACKING,0.7561,CENTERED,CENTERED,CENTERED,80.3,102.5,721,412
2026-06-12T15:08:44.400,1781269724,nicole,TRACKING,0.7094,CENTERED,CENTERED,CENTERED,78.9,102.9,742,415
2026-06-12T15:08:44.702,1781269724,nicole,TRACKING,0.6142,MOVE_RIGHT,RIGHT,CENTERED,68.5,103.1,966,415
2026-06-12T15:08:45.060,1781269725,nicole,REACQUIRING,0.0,SEARCH,SCAN,SCAN,47.2,105.5,,
2026-06-12T15:08:45.170,1781269725,nicole,REACQUIRING,0.0,SEARCH,SCAN,SCAN,50.2,107.3,,
2026-06-12T15:08:45.266,1781269725,nicole,REACQUIRING,0.0,SEARCH,SCAN,SCAN,53.2,109.1,,
2026-06-12T15:08:45.362,1781269725,nicole,REACQUIRING,0.0,SEARCH,SCAN,SCAN,56.2,110.9,,
2026-06-12T15:08:45.461,1781269725,nicole,REACQUIRING,0.0,SEARCH,SCAN,SCAN,59.2,112.7,,
2026-06-12T15:08:45.579,1781269725,nicole,REACQUIRING,0.0,SEARCH,SCAN,SCAN,62.2,114.5,,
2026-06-12T15:08:45.672,1781269725,nicole,REACQUIRING,0.0,SEARCH,SCAN,SCAN,65.2,116.3,,
2026-06-12T15:08:45.765,1781269725,nicole,REACQUIRING,0.0,SEARCH,SCAN,SCAN,68.2,118.1,,
2026-06-12T15:08:45.879,1781269725,nicole,REACQUIRING,0.0,SEARCH,SCAN,SCAN,71.2,119.9,,
2026-06-12T15:08:45.975,1781269725,nicole,REACQUIRING,0.0,SEARCH,SCAN,SCAN,74.2,121.7,,
2026-06-12T15:08:46.075,1781269726,nicole,REACQUIRING,0.0,SEARCH,SCAN,SCAN,77.2,123.5,,
2026-06-12T15:08:46.169,1781269726,nicole,REACQUIRING,0.0,SEARCH,SCAN,SCAN,80.2,123.7,,
2026-06-12T15:08:46.278,1781269726,nicole,REACQUIRING,0.0,SEARCH,SCAN,SCAN,83.2,121.9,,
2026-06-12T15:08:46.376,1781269726,nicole,REACQUIRING,0.0,SEARCH,SCAN,SCAN,84.2,120.1,,
2026-06-12T15:08:46.472,1781269726,nicole,REACQUIRING,0.0,SEARCH,SCAN,SCAN,81.2,118.3,,
2026-06-12T15:08:46.585,1781269726,nicole,REACQUIRING,0.0,SEARCH,SCAN,SCAN,78.2,116.5,,
2026-06-12T15:08:46.685,1781269726,nicole,REACQUIRING,0.0,SEARCH,SCAN,SCAN,75.2,114.7,,
2026-06-12T15:08:46.779,1781269726,nicole,REACQUIRING,0.0,SEARCH,SCAN,SCAN,72.2,112.9,,
2026-06-12T15:08:46.871,1781269726,nicole,REACQUIRING,0.0,SEARCH,SCAN,SCAN,69.2,111.1,,
2026-06-12T15:08:46.983,1781269726,nicole,REACQUIRING,0.0,SEARCH,SCAN,SCAN,66.2,109.3,,
2026-06-12T15:08:47.082,1781269727,nicole,REACQUIRING,0.0,SEARCH,SCAN,SCAN,63.2,107.5,,
2026-06-12T15:08:47.174,1781269727,nicole,REACQUIRING,0.0,SEARCH,SCAN,SCAN,60.2,105.7,,
2026-06-12T15:08:47.289,1781269727,nicole,REACQUIRING,0.0,SEARCH,SCAN,SCAN,57.2,103.9,,
2026-06-12T15:08:47.383,1781269727,nicole,REACQUIRING,0.0,SEARCH,SCAN,SCAN,54.2,102.1,,
2026-06-12T15:08:47.476,1781269727,nicole,REACQUIRING,0.0,SEARCH,SCAN,SCAN,51.2,100.3,,
2026-06-12T15:08:47.596,1781269727,nicole,REACQUIRING,0.0,SEARCH,SCAN,SCAN,48.2,98.5,,
2026-06-12T15:08:47.687,1781269727,nicole,REACQUIRING,0.0,SEARCH,SCAN,SCAN,45.2,96.7,,
2026-06-12T15:08:47.782,1781269727,nicole,REACQUIRING,0.0,SEARCH,SCAN,SCAN,42.2,94.9,,
2026-06-12T15:08:47.880,1781269727,nicole,REACQUIRING,0.0,SEARCH,SCAN,SCAN,39.2,93.1,,
2026-06-12T15:08:47.994,1781269727,nicole,REACQUIRING,0.0,SEARCH,SCAN,SCAN,36.2,91.3,,
2026-06-12T15:08:48.082,1781269728,nicole,REACQUIRING,0.0,SEARCH,SCAN,SCAN,33.2,89.5,,
2026-06-12T15:08:48.185,1781269728,nicole,REACQUIRING,0.0,SEARCH,SCAN,SCAN,30.2,87.7,,
2026-06-12T15:08:48.300,1781269728,nicole,REACQUIRING,0.0,SEARCH,SCAN,SCAN,27.2,85.9,,
2026-06-12T15:08:48.392,1781269728,nicole,REACQUIRING,0.0,SEARCH,SCAN,SCAN,24.2,84.1,,
2026-06-12T15:08:48.488,1781269728,nicole,REACQUIRING,0.0,SEARCH,SCAN,SCAN,21.2,83.7,,
2026-06-12T15:08:48.589,1781269728,nicole,REACQUIRING,0.0,SEARCH,SCAN,SCAN,18.2,85.5,,
2026-06-12T15:08:48.697,1781269728,nicole,REACQUIRING,0.0,SEARCH,SCAN,SCAN,15.2,87.3,,
2026-06-12T15:08:48.789,1781269728,nicole,REACQUIRING,0.0,SEARCH,SCAN,SCAN,12.2,89.1,,
2026-06-12T15:08:48.886,1781269728,nicole,REACQUIRING,0.0,SEARCH,SCAN,SCAN,9.2,90.9,,
2026-06-12T15:08:49.003,1781269729,nicole,REACQUIRING,0.0,SEARCH,SCAN,SCAN,6.2,92.7,,
2026-06-12T15:08:49.098,1781269729,nicole,REACQUIRING,0.0,SEARCH,SCAN,SCAN,4.2,94.5,,
2026-06-12T15:08:49.192,1781269729,nicole,REACQUIRING,0.0,SEARCH,SCAN,SCAN,7.2,96.3,,
2026-06-12T15:08:49.289,1781269729,nicole,REACQUIRING,0.0,SEARCH,SCAN,SCAN,10.2,98.1,,
2026-06-12T15:08:49.403,1781269729,nicole,REACQUIRING,0.0,SEARCH,SCAN,SCAN,13.2,99.9,,
2026-06-12T15:08:49.499,1781269729,nicole,REACQUIRING,0.0,SEARCH,SCAN,SCAN,16.2,101.7,,
2026-06-12T15:08:49.592,1781269729,nicole,REACQUIRING,0.0,SEARCH,SCAN,SCAN,19.2,103.5,,
2026-06-12T15:08:49.707,1781269729,nicole,REACQUIRING,0.0,SEARCH,SCAN,SCAN,22.2,105.3,,
2026-06-12T15:08:49.801,1781269729,nicole,REACQUIRING,0.0,SEARCH,SCAN,SCAN,25.2,107.1,,
2026-06-12T15:08:49.899,1781269729,nicole,REACQUIRING,0.0,SEARCH,SCAN,SCAN,28.2,108.9,,
2026-06-12T15:08:49.993,1781269729,nicole,REACQUIRING,0.0,SEARCH,SCAN,SCAN,31.2,110.7,,
2026-06-12T15:08:50.107,1781269730,nicole,REACQUIRING,0.0,SEARCH,SCAN,SCAN,34.2,112.5,,
2026-06-12T15:08:50.199,1781269730,nicole,REACQUIRING,0.0,SEARCH,SCAN,SCAN,37.2,114.3,,
2026-06-12T15:08:50.300,1781269730,nicole,REACQUIRING,0.0,SEARCH,SCAN,SCAN,40.2,116.1,,
2026-06-12T15:08:50.405,1781269730,nicole,REACQUIRING,0.0,SEARCH,SCAN,SCAN,43.2,117.9,,
2026-06-12T15:08:50.505,1781269730,nicole,REACQUIRING,0.0,SEARCH,SCAN,SCAN,46.2,119.7,,
2026-06-12T15:08:50.601,1781269730,nicole,REACQUIRING,0.0,SEARCH,SCAN,SCAN,49.2,121.5,,
2026-06-12T15:08:50.693,1781269730,nicole,REACQUIRING,0.0,SEARCH,SCAN,SCAN,52.2,123.3,,
2026-06-12T15:08:50.808,1781269730,nicole,REACQUIRING,0.0,SEARCH,SCAN,SCAN,55.2,123.7,,
2026-06-12T15:08:50.902,1781269730,nicole,REACQUIRING,0.0,SEARCH,SCAN,SCAN,58.2,121.9,,
2026-06-12T15:08:51.000,1781269731,nicole,REACQUIRING,0.0,SEARCH,SCAN,SCAN,61.2,120.1,,
2026-06-12T15:08:51.112,1781269731,nicole,REACQUIRING,0.0,SEARCH,SCAN,SCAN,64.2,118.3,,
2026-06-12T15:08:51.210,1781269731,nicole,REACQUIRING,0.0,SEARCH,SCAN,SCAN,67.2,116.5,,
2026-06-12T15:08:51.299,1781269731,nicole,REACQUIRING,0.0,SEARCH,SCAN,SCAN,70.2,114.7,,
2026-06-12T15:08:51.417,1781269731,nicole,REACQUIRING,0.0,SEARCH,SCAN,SCAN,73.2,112.9,,
2026-06-12T15:08:51.513,1781269731,nicole,REACQUIRING,0.0,SEARCH,SCAN,SCAN,76.2,111.1,,
2026-06-12T15:08:51.609,1781269731,nicole,REACQUIRING,0.0,SEARCH,SCAN,SCAN,79.2,109.3,,
2026-06-12T15:08:51.706,1781269731,nicole,REACQUIRING,0.0,SEARCH,SCAN,SCAN,82.2,107.5,,
2026-06-12T15:08:51.822,1781269731,nicole,REACQUIRING,0.0,SEARCH,SCAN,SCAN,84.2,105.7,,
2026-06-12T15:08:51.988,1781269731,nicole,TRACKING,0.5841,MOVE_RIGHT_DOWN,RIGHT,DOWN,74.5,107.2,910,442
2026-06-12T15:08:52.071,1781269732,nicole,TRACKING,0.6484,MOVE_RIGHT_DOWN,RIGHT,DOWN,69.8,108.7,861,449
2026-06-12T15:08:52.194,1781269732,nicole,TRACKING,0.6469,MOVE_RIGHT_DOWN,RIGHT,DOWN,68.2,109.8,823,450
2026-06-12T15:08:52.257,1781269732,nicole,TRACKING,0.6582,MOVE_RIGHT_DOWN,RIGHT,DOWN,67.8,110.4,803,447
2026-06-12T15:08:52.353,1781269732,nicole,TRACKING,0.6911,MOVE_DOWN,CENTERED,DOWN,69.1,110.3,768,440
2026-06-12T15:08:52.446,1781269732,nicole,TRACKING,0.6843,MOVE_RIGHT_DOWN,RIGHT,DOWN,69.3,110.9,784,449
2026-06-12T15:08:52.594,1781269732,nicole,TRACKING,0.5542,MOVE_RIGHT_DOWN,RIGHT,DOWN,69.4,111.2,785,448
2026-06-12T15:08:52.665,1781269732,nicole,TRACKING,0.789,MOVE_DOWN,CENTERED,DOWN,71.3,110.4,741,434
2026-06-12T15:08:52.788,1781269732,nicole,TRACKING,0.7577,CENTERED,CENTERED,CENTERED,72.2,109.5,752,429
2026-06-12T15:08:52.863,1781269732,nicole,TRACKING,0.8005,CENTERED,CENTERED,CENTERED,72.1,108.8,768,429
2026-06-12T15:08:52.956,1781269732,nicole,TRACKING,0.8561,MOVE_RIGHT,RIGHT,CENTERED,72.0,107.9,771,423
2026-06-12T15:08:53.053,1781269733,nicole,TRACKING,0.8021,MOVE_RIGHT,RIGHT,CENTERED,71.5,107.4,780,425
2026-06-12T15:08:53.149,1781269733,nicole,TRACKING,0.8238,MOVE_RIGHT,RIGHT,CENTERED,70.9,106.7,785,421
2026-06-12T15:08:53.261,1781269733,nicole,TRACKING,0.8288,MOVE_RIGHT,RIGHT,CENTERED,70.2,105.8,792,415
2026-06-12T15:08:53.355,1781269733,nicole,TRACKING,0.838,MOVE_RIGHT,RIGHT,CENTERED,69.7,104.9,792,411
2026-06-12T15:08:53.453,1781269733,nicole,TRACKING,0.8577,MOVE_RIGHT,RIGHT,CENTERED,69.4,104.0,793,407
2026-06-12T15:08:53.564,1781269733,nicole,TRACKING,0.8552,MOVE_RIGHT,RIGHT,CENTERED,69.3,103.2,789,406
2026-06-12T15:08:53.661,1781269733,nicole,TRACKING,0.8706,MOVE_RIGHT,RIGHT,CENTERED,69.0,102.9,794,408
2026-06-12T15:08:53.756,1781269733,nicole,TRACKING,0.8382,MOVE_RIGHT,RIGHT,CENTERED,68.8,102.2,795,402
2026-06-12T15:08:53.870,1781269733,nicole,TRACKING,0.8455,MOVE_RIGHT,RIGHT,CENTERED,68.8,101.4,790,399
2026-06-12T15:08:53.969,1781269733,nicole,TRACKING,0.8874,MOVE_RIGHT,RIGHT,CENTERED,69.0,100.3,787,390
2026-06-12T15:08:54.063,1781269734,nicole,TRACKING,0.8801,MOVE_RIGHT,RIGHT,CENTERED,69.3,99.4,781,390
2026-06-12T15:08:54.168,1781269734,nicole,TRACKING,0.8837,MOVE_RIGHT,RIGHT,CENTERED,69.9,98.7,773,388
2026-06-12T15:08:54.268,1781269734,nicole,TRACKING,0.8907,CENTERED,CENTERED,CENTERED,70.8,97.8,763,383
2026-06-12T15:08:54.365,1781269734,nicole,TRACKING,0.8997,CENTERED,CENTERED,CENTERED,71.3,97.5,763,387
2026-06-12T15:08:54.460,1781269734,nicole,TRACKING,0.8908,CENTERED,CENTERED,CENTERED,72.0,97.0,756,383
2026-06-12T15:08:54.572,1781269734,nicole,TRACKING,0.893,CENTERED,CENTERED,CENTERED,72.5,96.5,757,382
2026-06-12T15:08:54.668,1781269734,nicole,TRACKING,0.868,CENTERED,CENTERED,CENTERED,73.1,96.4,749,385
2026-06-12T15:08:54.764,1781269734,nicole,TRACKING,0.9046,CENTERED,CENTERED,CENTERED,74.2,95.9,736,379
2026-06-12T15:08:54.861,1781269734,nicole,TRACKING,0.8867,CENTERED,CENTERED,CENTERED,74.6,95.7,741,380
2026-06-12T15:08:54.972,1781269734,nicole,TRACKING,0.899,CENTERED,CENTERED,CENTERED,74.8,95.8,745,384
2026-06-12T15:08:55.069,1781269735,nicole,TRACKING,0.8924,CENTERED,CENTERED,CENTERED,74.9,95.8,747,384
2026-06-12T15:08:55.165,1781269735,nicole,TRACKING,0.8979,CENTERED,CENTERED,CENTERED,74.6,96.1,753,387
2026-06-12T15:08:55.281,1781269735,nicole,TRACKING,0.8855,CENTERED,CENTERED,CENTERED,74.1,96.4,763,389
2026-06-12T15:08:55.373,1781269735,nicole,TRACKING,0.8893,CENTERED,CENTERED,CENTERED,73.5,96.4,766,385
2026-06-12T15:08:55.467,1781269735,nicole,TRACKING,0.8971,MOVE_RIGHT,RIGHT,CENTERED,72.8,96.3,774,385
2026-06-12T15:08:55.563,1781269735,nicole,TRACKING,0.9015,MOVE_RIGHT,RIGHT,CENTERED,71.9,96.3,783,385
2026-06-12T15:08:55.677,1781269735,nicole,TRACKING,0.8912,MOVE_RIGHT,RIGHT,CENTERED,71.2,96.1,787,383
2026-06-12T15:08:55.773,1781269735,nicole,TRACKING,0.8977,MOVE_RIGHT,RIGHT,CENTERED,70.6,96.0,787,382
2026-06-12T15:08:55.885,1781269735,nicole,TRACKING,0.8926,MOVE_RIGHT,RIGHT,CENTERED,70.0,96.0,792,384
2026-06-12T15:08:55.994,1781269735,nicole,TRACKING,0.8901,MOVE_RIGHT,RIGHT,CENTERED,69.6,95.8,793,381
2026-06-12T15:08:56.078,1781269736,nicole,TRACKING,0.8873,MOVE_RIGHT,RIGHT,CENTERED,69.1,95.5,796,379
2026-06-12T15:08:56.181,1781269736,nicole,TRACKING,0.8914,MOVE_RIGHT,RIGHT,CENTERED,68.2,95.6,810,384
2026-06-12T15:08:56.269,1781269736,nicole,TRACKING,0.8875,MOVE_RIGHT,RIGHT,CENTERED,67.7,95.5,808,381
2026-06-12T15:08:56.400,1781269736,nicole,TRACKING,0.8952,MOVE_RIGHT,RIGHT,CENTERED,67.4,95.1,806,377
2026-06-12T15:08:56.478,1781269736,nicole,TRACKING,0.9011,MOVE_RIGHT,RIGHT,CENTERED,67.1,95.4,807,384
2026-06-12T15:08:56.579,1781269736,nicole,TRACKING,0.8916,MOVE_RIGHT,RIGHT,CENTERED,66.9,95.5,807,383
2026-06-12T15:08:56.685,1781269736,nicole,TRACKING,0.8895,MOVE_RIGHT,RIGHT,CENTERED,67.0,95.6,802,383
2026-06-12T15:08:56.803,1781269736,nicole,TRACKING,0.9016,MOVE_RIGHT,RIGHT,CENTERED,67.0,95.6,803,383
2026-06-12T15:08:56.905,1781269736,nicole,TRACKING,0.873,MOVE_RIGHT,RIGHT,CENTERED,67.2,95.9,799,386
2026-06-12T15:08:57.011,1781269737,nicole,TRACKING,0.8775,MOVE_RIGHT,RIGHT,CENTERED,67.5,95.5,795,379
2026-06-12T15:08:57.088,1781269737,nicole,TRACKING,0.9084,MOVE_RIGHT,RIGHT,CENTERED,67.9,95.5,790,382
2026-06-12T15:08:57.186,1781269737,nicole,TRACKING,0.7849,MOVE_RIGHT,RIGHT,CENTERED,68.8,95.7,777,384
2026-06-12T15:08:57.989,1781269737,nicole,REACQUIRING,0.0,SEARCH,SCAN,SCAN,67.7,94.2,,
2026-06-12T15:08:58.091,1781269738,nicole,REACQUIRING,0.0,SEARCH,SCAN,SCAN,64.7,92.4,,
2026-06-12T15:08:58.144,1781269738,nicole,REACQUIRING,0.0,SEARCH,SCAN,SCAN,61.7,90.6,,
2026-06-12T15:08:58.241,1781269738,nicole,REACQUIRING,0.0,SEARCH,SCAN,SCAN,58.7,88.8,,
2026-06-12T15:08:58.354,1781269738,nicole,REACQUIRING,0.0,SEARCH,SCAN,SCAN,55.7,87.0,,
2026-06-12T15:08:58.449,1781269738,nicole,REACQUIRING,0.0,SEARCH,SCAN,SCAN,52.7,85.2,,
2026-06-12T15:08:58.544,1781269738,nicole,REACQUIRING,0.0,SEARCH,SCAN,SCAN,49.7,83.4,,
2026-06-12T15:08:58.641,1781269738,nicole,REACQUIRING,0.0,SEARCH,SCAN,SCAN,46.7,81.6,,
2026-06-12T15:08:58.757,1781269738,nicole,REACQUIRING,0.0,SEARCH,SCAN,SCAN,43.7,79.8,,
2026-06-12T15:08:58.858,1781269738,nicole,REACQUIRING,0.0,SEARCH,SCAN,SCAN,40.7,78.0,,
2026-06-12T15:08:58.950,1781269738,nicole,REACQUIRING,0.0,SEARCH,SCAN,SCAN,37.7,76.2,,
2026-06-12T15:08:59.063,1781269739,nicole,REACQUIRING,0.0,SEARCH,SCAN,SCAN,34.7,76.0,,
2026-06-12T15:08:59.164,1781269739,nicole,REACQUIRING,0.0,SEARCH,SCAN,SCAN,31.7,77.8,,
2026-06-12T15:08:59.267,1781269739,nicole,REACQUIRING,0.0,SEARCH,SCAN,SCAN,30.7,79.6,,
2026-06-12T15:08:59.355,1781269739,nicole,REACQUIRING,0.0,SEARCH,SCAN,SCAN,33.7,81.4,,
2026-06-12T15:08:59.466,1781269739,nicole,REACQUIRING,0.0,SEARCH,SCAN,SCAN,36.7,83.2,,
2026-06-12T15:08:59.561,1781269739,nicole,REACQUIRING,0.0,SEARCH,SCAN,SCAN,39.7,85.0,,
2026-06-12T15:08:59.657,1781269739,nicole,REACQUIRING,0.0,SEARCH,SCAN,SCAN,42.7,86.8,,
2026-06-12T15:08:59.765,1781269739,nicole,REACQUIRING,0.0,SEARCH,SCAN,SCAN,45.7,88.6,,
2026-06-12T15:08:59.865,1781269739,nicole,REACQUIRING,0.0,SEARCH,SCAN,SCAN,48.7,90.4,,
2026-06-12T15:08:59.967,1781269739,nicole,REACQUIRING,0.0,SEARCH,SCAN,SCAN,51.7,92.2,,
2026-06-12T15:09:00.065,1781269740,nicole,REACQUIRING,0.0,SEARCH,SCAN,SCAN,54.7,94.0,,
2026-06-12T15:09:00.174,1781269740,nicole,REACQUIRING,0.0,SEARCH,SCAN,SCAN,57.7,95.8,,
2026-06-12T15:09:00.271,1781269740,nicole,REACQUIRING,0.0,SEARCH,SCAN,SCAN,60.7,97.6,,
2026-06-12T15:09:00.362,1781269740,nicole,REACQUIRING,0.0,SEARCH,SCAN,SCAN,63.7,99.4,,
2026-06-12T15:09:00.479,1781269740,nicole,REACQUIRING,0.0,SEARCH,SCAN,SCAN,66.7,101.2,,
2026-06-12T15:09:00.574,1781269740,nicole,REACQUIRING,0.0,SEARCH,SCAN,SCAN,69.7,103.0,,
2026-06-12T15:09:00.670,1781269740,nicole,REACQUIRING,0.0,SEARCH,SCAN,SCAN,72.7,104.8,,
2026-06-12T15:09:00.770,1781269740,nicole,REACQUIRING,0.0,SEARCH,SCAN,SCAN,75.7,106.6,,
2026-06-12T15:09:00.881,1781269740,nicole,REACQUIRING,0.0,SEARCH,SCAN,SCAN,78.7,108.4,,
2026-06-12T15:09:00.967,1781269740,nicole,REACQUIRING,0.0,SEARCH,SCAN,SCAN,81.7,110.2,,
2026-06-12T15:09:01.070,1781269741,nicole,REACQUIRING,0.0,SEARCH,SCAN,SCAN,84.7,112.0,,
2026-06-12T15:09:01.177,1781269741,nicole,REACQUIRING,0.0,SEARCH,SCAN,SCAN,87.7,113.8,,
2026-06-12T15:09:01.276,1781269741,nicole,REACQUIRING,0.0,SEARCH,SCAN,SCAN,90.7,115.6,,
2026-06-12T15:09:01.377,1781269741,nicole,REACQUIRING,0.0,SEARCH,SCAN,SCAN,93.7,116.0,,
2026-06-12T15:09:01.468,1781269741,nicole,REACQUIRING,0.0,SEARCH,SCAN,SCAN,96.7,114.2,,
2026-06-12T15:09:01.630,1781269741,nicole,REACQUIRING,0.0,SEARCH,SCAN,SCAN,99.7,112.4,,
2026-06-12T15:09:01.713,1781269741,nicole,REACQUIRING,0.0,SEARCH,SCAN,SCAN,102.7,110.6,,
2026-06-12T15:09:01.811,1781269741,nicole,REACQUIRING,0.0,SEARCH,SCAN,SCAN,105.7,108.8,,
2026-06-12T15:09:01.918,1781269741,nicole,REACQUIRING,0.0,SEARCH,SCAN,SCAN,108.7,107.0,,
2026-06-12T15:09:02.014,1781269742,nicole,REACQUIRING,0.0,SEARCH,SCAN,SCAN,110.7,105.2,,
2026-06-12T15:09:02.106,1781269742,nicole,REACQUIRING,0.0,SEARCH,SCAN,SCAN,107.7,103.4,,
2026-06-12T15:09:02.225,1781269742,nicole,REACQUIRING,0.0,SEARCH,SCAN,SCAN,104.7,101.6,,
2026-06-12T15:09:02.319,1781269742,nicole,REACQUIRING,0.0,SEARCH,SCAN,SCAN,101.7,99.8,,
2026-06-12T15:09:02.413,1781269742,nicole,REACQUIRING,0.0,SEARCH,SCAN,SCAN,98.7,98.0,,
2026-06-12T15:09:02.507,1781269742,nicole,REACQUIRING,0.0,SEARCH,SCAN,SCAN,95.7,96.2,,
2026-06-12T15:09:02.624,1781269742,nicole,REACQUIRING,0.0,SEARCH,SCAN,SCAN,92.7,94.4,,
2026-06-12T15:09:02.718,1781269742,nicole,REACQUIRING,0.0,SEARCH,SCAN,SCAN,89.7,92.6,,
2026-06-12T15:09:02.843,1781269742,nicole,REACQUIRING,0.0,SEARCH,SCAN,SCAN,86.7,90.8,,
2026-06-12T15:09:02.927,1781269742,nicole,REACQUIRING,0.0,SEARCH,SCAN,SCAN,83.7,89.0,,
2026-06-12T15:09:03.021,1781269743,nicole,REACQUIRING,0.0,SEARCH,SCAN,SCAN,80.7,87.2,,
2026-06-12T15:09:03.116,1781269743,nicole,REACQUIRING,0.0,SEARCH,SCAN,SCAN,77.7,85.4,,
2026-06-12T15:09:03.214,1781269743,nicole,TRACKING,0.5535,MOVE_RIGHT,RIGHT,CENTERED,71.0,91.4,886,422
2026-06-12T15:09:03.325,1781269743,nicole,TRACKING,0.5783,MOVE_RIGHT,RIGHT,CENTERED,66.5,95.2,883,416
2026-06-12T15:09:03.441,1781269743,nicole,TRACKING,0.6069,MOVE_RIGHT,RIGHT,CENTERED,63.3,97.9,882,417
2026-06-12T15:09:03.521,1781269743,nicole,TRACKING,0.5748,MOVE_RIGHT,RIGHT,CENTERED,61.1,99.7,883,416
2026-06-12T15:09:03.654,1781269743,nicole,TRACKING,0.5615,MOVE_RIGHT,RIGHT,CENTERED,59.4,101.2,885,418
2026-06-12T15:09:03.752,1781269743,nicole,TRACKING,0.5763,MOVE_RIGHT,RIGHT,CENTERED,58.6,102.1,878,417
2026-06-12T15:09:04.333,1781269744,nicole,TRACKING,0.7282,CENTERED,CENTERED,CENTERED,66.5,101.2,676,396
2026-06-12T15:09:04.428,1781269744,nicole,TRACKING,0.7971,CENTERED,CENTERED,CENTERED,72.9,100.2,655,392
2026-06-12T15:09:04.526,1781269744,nicole,TRACKING,0.8617,CENTERED,CENTERED,CENTERED,77.9,99.5,644,391
2026-06-12T15:09:04.623,1781269744,nicole,TRACKING,0.8032,CENTERED,CENTERED,CENTERED,81.5,98.7,641,387
2026-06-12T15:09:04.731,1781269744,nicole,TRACKING,0.8056,CENTERED,CENTERED,CENTERED,83.9,97.0,643,372
2026-06-12T15:09:04.830,1781269744,nicole,TRACKING,0.8015,CENTERED,CENTERED,CENTERED,85.5,95.6,646,370
2026-06-12T15:09:04.960,1781269744,nicole,TRACKING,0.7574,CENTERED,CENTERED,CENTERED,86.6,94.8,645,371
2026-06-12T15:09:05.078,1781269745,nicole,TRACKING,0.818,CENTERED,CENTERED,CENTERED,87.3,93.7,649,365
2026-06-12T15:09:05.137,1781269745,nicole,TRACKING,0.7902,CENTERED,CENTERED,CENTERED,87.7,93.1,648,367
2026-06-12T15:09:05.262,1781269745,nicole,TRACKING,0.8039,CENTERED,CENTERED,CENTERED,88.1,92.9,648,369
2026-06-12T15:09:05.370,1781269745,nicole,TRACKING,0.7919,CENTERED,CENTERED,CENTERED,88.3,92.7,648,369
2026-06-12T15:09:05.481,1781269745,nicole,TRACKING,0.7956,CENTERED,CENTERED,CENTERED,88.2,92.8,654,372
2026-06-12T15:09:05.546,1781269745,nicole,TRACKING,0.7714,CENTERED,CENTERED,CENTERED,88.1,92.8,656,372
2026-06-12T15:09:05.632,1781269745,nicole,TRACKING,0.7732,CENTERED,CENTERED,CENTERED,88.0,93.0,655,373
2026-06-12T15:09:05.778,1781269745,nicole,TRACKING,0.724,CENTERED,CENTERED,CENTERED,87.9,93.6,658,381
2026-06-12T15:09:05.839,1781269745,nicole,TRACKING,0.7549,CENTERED,CENTERED,CENTERED,87.9,95.0,655,392
2026-06-12T15:09:05.942,1781269745,nicole,TRACKING,0.7556,CENTERED,CENTERED,CENTERED,87.8,95.7,657,390
2026-06-12T15:09:06.039,1781269746,nicole,TRACKING,0.7488,CENTERED,CENTERED,CENTERED,87.6,96.3,661,391
2026-06-12T15:09:06.173,1781269746,nicole,TRACKING,0.7333,CENTERED,CENTERED,CENTERED,87.6,96.6,656,389
2026-06-12T15:09:06.239,1781269746,nicole,TRACKING,0.7171,CENTERED,CENTERED,CENTERED,87.8,96.8,653,389
2026-06-12T15:09:06.336,1781269746,nicole,TRACKING,0.7412,CENTERED,CENTERED,CENTERED,87.8,97.3,656,394
2026-06-12T15:09:06.466,1781269746,nicole,TRACKING,0.7312,CENTERED,CENTERED,CENTERED,87.9,97.5,654,392
2026-06-12T15:09:06.549,1781269746,nicole,TRACKING,0.7263,CENTERED,CENTERED,CENTERED,88.0,98.0,652,396
2026-06-12T15:09:06.639,1781269746,nicole,TRACKING,0.777,CENTERED,CENTERED,CENTERED,88.2,98.0,649,393
2026-06-12T15:09:06.738,1781269746,nicole,TRACKING,0.7854,CENTERED,CENTERED,CENTERED,88.3,98.0,650,392
2026-06-12T15:09:07.110,1781269747,nicole,REACQUIRING,0.0,SEARCH,SCAN,SCAN,85.6,96.2,,
2026-06-12T15:09:07.206,1781269747,nicole,REACQUIRING,0.0,SEARCH,SCAN,SCAN,82.6,94.4,,
2026-06-12T15:09:07.302,1781269747,nicole,REACQUIRING,0.0,SEARCH,SCAN,SCAN,79.6,92.6,,
2026-06-12T15:09:07.413,1781269747,nicole,REACQUIRING,0.0,SEARCH,SCAN,SCAN,76.6,90.8,,
2026-06-12T15:09:07.516,1781269747,nicole,REACQUIRING,0.0,SEARCH,SCAN,SCAN,73.6,89.0,,
2026-06-12T15:09:07.612,1781269747,nicole,REACQUIRING,0.0,SEARCH,SCAN,SCAN,70.6,87.2,,
2026-06-12T15:09:07.710,1781269747,nicole,REACQUIRING,0.0,SEARCH,SCAN,SCAN,67.6,85.4,,
2026-06-12T15:09:07.869,1781269747,nicole,REACQUIRING,0.0,SEARCH,SCAN,SCAN,64.6,83.6,,
2026-06-12T15:09:07.910,1781269747,nicole,REACQUIRING,0.0,SEARCH,SCAN,SCAN,61.6,81.8,,
2026-06-12T15:09:08.006,1781269748,nicole,REACQUIRING,0.0,SEARCH,SCAN,SCAN,58.6,80.0,,
2026-06-12T15:09:08.122,1781269748,nicole,REACQUIRING,0.0,SEARCH,SCAN,SCAN,55.6,78.2,,
2026-06-12T15:09:08.214,1781269748,nicole,REACQUIRING,0.0,SEARCH,SCAN,SCAN,52.6,78.0,,
2026-06-12T15:09:08.309,1781269748,nicole,REACQUIRING,0.0,SEARCH,SCAN,SCAN,49.6,79.8,,
2026-06-12T15:09:08.405,1781269748,nicole,REACQUIRING,0.0,SEARCH,SCAN,SCAN,48.6,81.6,,
2026-06-12T15:09:08.524,1781269748,nicole,REACQUIRING,0.0,SEARCH,SCAN,SCAN,51.6,83.4,,
2026-06-12T15:09:08.623,1781269748,nicole,REACQUIRING,0.0,SEARCH,SCAN,SCAN,54.6,85.2,,
2026-06-12T15:09:08.716,1781269748,nicole,REACQUIRING,0.0,SEARCH,SCAN,SCAN,57.6,87.0,,
2026-06-12T15:09:08.831,1781269748,nicole,REACQUIRING,0.0,SEARCH,SCAN,SCAN,60.6,88.8,,
2026-06-12T15:09:08.929,1781269748,nicole,REACQUIRING,0.0,SEARCH,SCAN,SCAN,63.6,90.6,,
2026-06-12T15:09:09.020,1781269749,nicole,REACQUIRING,0.0,SEARCH,SCAN,SCAN,66.6,92.4,,
2026-06-12T15:09:09.120,1781269749,nicole,REACQUIRING,0.0,SEARCH,SCAN,SCAN,69.6,94.2,,
2026-06-12T15:09:09.310,1781269749,nicole,REACQUIRING,0.0,SEARCH,SCAN,SCAN,72.6,96.0,,
2026-06-12T15:09:09.363,1781269749,nicole,REACQUIRING,0.0,SEARCH,SCAN,SCAN,75.6,97.8,,
2026-06-12T15:09:09.487,1781269749,nicole,REACQUIRING,0.0,SEARCH,SCAN,SCAN,78.6,99.6,,
2026-06-12T15:09:09.567,1781269749,nicole,REACQUIRING,0.0,SEARCH,SCAN,SCAN,81.6,101.4,,
2026-06-12T15:09:09.686,1781269749,nicole,REACQUIRING,0.0,SEARCH,SCAN,SCAN,84.6,103.2,,
2026-06-12T15:09:09.759,1781269749,nicole,REACQUIRING,0.0,SEARCH,SCAN,SCAN,87.6,105.0,,
2026-06-12T15:09:09.854,1781269749,nicole,REACQUIRING,0.0,SEARCH,SCAN,SCAN,90.6,106.8,,
2026-06-12T15:09:09.967,1781269749,nicole,REACQUIRING,0.0,SEARCH,SCAN,SCAN,93.6,108.6,,
2026-06-12T15:09:10.060,1781269750,nicole,REACQUIRING,0.0,SEARCH,SCAN,SCAN,96.6,110.4,,
2026-06-12T15:09:10.159,1781269750,nicole,TRACKING,0.5686,MOVE_RIGHT,RIGHT,CENTERED,85.8,107.9,850,408
2026-06-12T15:09:10.862,1781269750,nicole,TRACKING,0.669,CENTERED,CENTERED,CENTERED,85.7,104.5,672,386
2026-06-12T15:09:10.975,1781269750,nicole,TRACKING,0.6508,CENTERED,CENTERED,CENTERED,85.8,102.1,669,386
2026-06-12T15:09:11.069,1781269751,nicole,TRACKING,0.6771,CENTERED,CENTERED,CENTERED,85.8,100.6,668,388
2026-06-12T15:09:11.165,1781269751,nicole,TRACKING,0.706,CENTERED,CENTERED,CENTERED,85.8,99.9,671,393
2026-06-12T15:09:11.282,1781269751,nicole,TRACKING,0.7172,CENTERED,CENTERED,CENTERED,85.9,99.8,667,398
2026-06-12T15:09:11.373,1781269751,nicole,TRACKING,0.7289,CENTERED,CENTERED,CENTERED,86.1,100.1,664,403
2026-06-12T15:09:11.474,1781269751,nicole,TRACKING,0.6769,CENTERED,CENTERED,CENTERED,86.4,100.9,661,411
2026-06-12T15:09:11.565,1781269751,nicole,TRACKING,0.7553,CENTERED,CENTERED,CENTERED,87.6,102.4,638,424
2026-06-12T15:09:11.681,1781269751,nicole,TRACKING,0.7828,MOVE_DOWN,CENTERED,DOWN,88.2,105.3,642,448
2026-06-12T15:09:11.772,1781269751,nicole,TRACKING,0.8579,MOVE_DOWN,CENTERED,DOWN,89.0,107.2,634,447
2026-06-12T15:09:11.872,1781269751,nicole,TRACKING,0.8603,MOVE_DOWN,CENTERED,DOWN,89.8,108.4,628,444
2026-06-12T15:09:11.981,1781269751,nicole,TRACKING,0.8698,MOVE_DOWN,CENTERED,DOWN,90.5,108.9,624,441
2026-06-12T15:09:12.076,1781269752,nicole,TRACKING,0.8716,MOVE_DOWN,CENTERED,DOWN,91.3,109.2,619,440
2026-06-12T15:09:12.215,1781269752,nicole,TRACKING,0.8702,MOVE_DOWN,CENTERED,DOWN,91.9,109.5,617,441
2026-06-12T15:09:12.291,1781269752,nicole,TRACKING,0.881,MOVE_DOWN,CENTERED,DOWN,92.5,109.8,611,441
2026-06-12T15:09:12.608,1781269752,nicole,TRACKING,0.7608,MOVE_LEFT_DOWN,LEFT,DOWN,101.4,111.9,411,467
2026-06-12T15:09:12.694,1781269752,nicole,TRACKING,0.6864,MOVE_LEFT_DOWN,LEFT,DOWN,107.1,113.5,424,470
2026-06-12T15:09:12.878,1781269752,nicole,TRACKING,0.7325,MOVE_LEFT_DOWN,LEFT,DOWN,108.9,115.5,476,480
2026-06-12T15:09:12.975,1781269752,nicole,TRACKING,0.6015,MOVE_LEFT_DOWN,LEFT,DOWN,110.6,116.7,466,478
2026-06-12T15:09:13.235,1781269753,nicole,REACQUIRING,0.0,SEARCH,SCAN,SCAN,117.5,121.3,,
2026-06-12T15:09:13.346,1781269753,nicole,REACQUIRING,0.0,SEARCH,SCAN,SCAN,120.5,123.1,,
2026-06-12T15:09:13.442,1781269753,nicole,REACQUIRING,0.0,SEARCH,SCAN,SCAN,123.5,124.9,,
2026-06-12T15:09:13.537,1781269753,nicole,REACQUIRING,0.0,SEARCH,SCAN,SCAN,126.5,126.7,,
2026-06-12T15:09:13.639,1781269753,nicole,REACQUIRING,0.0,SEARCH,SCAN,SCAN,129.5,128.5,,
2026-06-12T15:09:13.752,1781269753,nicole,REACQUIRING,0.0,SEARCH,SCAN,SCAN,132.5,130.3,,
2026-06-12T15:09:13.848,1781269753,nicole,REACQUIRING,0.0,SEARCH,SCAN,SCAN,135.5,132.1,,
2026-06-12T15:09:13.939,1781269753,nicole,REACQUIRING,0.0,SEARCH,SCAN,SCAN,138.5,133.9,,
2026-06-12T15:09:14.056,1781269754,nicole,REACQUIRING,0.0,SEARCH,SCAN,SCAN,141.5,135.7,,
2026-06-12T15:09:14.144,1781269754,nicole,REACQUIRING,0.0,SEARCH,SCAN,SCAN,144.5,137.5,,
2026-06-12T15:09:14.246,1781269754,nicole,REACQUIRING,0.0,SEARCH,SCAN,SCAN,147.5,139.3,,
2026-06-12T15:09:14.342,1781269754,nicole,REACQUIRING,0.0,SEARCH,SCAN,SCAN,150.5,139.5,,
2026-06-12T15:09:14.458,1781269754,nicole,REACQUIRING,0.0,SEARCH,SCAN,SCAN,153.5,137.7,,
2026-06-12T15:09:14.555,1781269754,nicole,REACQUIRING,0.0,SEARCH,SCAN,SCAN,154.5,135.9,,
2026-06-12T15:09:14.640,1781269754,nicole,REACQUIRING,0.0,SEARCH,SCAN,SCAN,151.5,134.1,,
2026-06-12T15:09:14.762,1781269754,nicole,REACQUIRING,0.0,SEARCH,SCAN,SCAN,148.5,132.3,,
2026-06-12T15:09:14.859,1781269754,nicole,REACQUIRING,0.0,SEARCH,SCAN,SCAN,145.5,130.5,,
2026-06-12T15:09:15.028,1781269755,nicole,TRACKING,0.5993,MOVE_LEFT_DOWN,LEFT,DOWN,144.4,124.3,272,440
2026-06-12T15:09:15.250,1781269755,nicole,REACQUIRING,0.0,SEARCH,SCAN,SCAN,138.8,108.2,,
2026-06-12T15:09:15.344,1781269755,nicole,REACQUIRING,0.0,SEARCH,SCAN,SCAN,135.8,106.4,,
2026-06-12T15:09:15.458,1781269755,nicole,REACQUIRING,0.0,SEARCH,SCAN,SCAN,132.8,104.6,,
2026-06-12T15:09:15.553,1781269755,nicole,REACQUIRING,0.0,SEARCH,SCAN,SCAN,129.8,102.8,,
2026-06-12T15:09:15.660,1781269755,nicole,REACQUIRING,0.0,SEARCH,SCAN,SCAN,126.8,101.0,,
2026-06-12T15:09:15.767,1781269755,nicole,REACQUIRING,0.0,SEARCH,SCAN,SCAN,123.8,99.2,,
2026-06-12T15:09:15.865,1781269755,nicole,REACQUIRING,0.0,SEARCH,SCAN,SCAN,120.8,97.4,,
2026-06-12T15:09:15.952,1781269755,nicole,REACQUIRING,0.0,SEARCH,SCAN,SCAN,117.8,95.6,,
2026-06-12T15:09:16.053,1781269756,nicole,REACQUIRING,0.0,SEARCH,SCAN,SCAN,114.8,93.8,,
2026-06-12T15:09:16.165,1781269756,nicole,REACQUIRING,0.0,SEARCH,SCAN,SCAN,111.8,92.0,,
2026-06-12T15:09:16.262,1781269756,nicole,REACQUIRING,0.0,SEARCH,SCAN,SCAN,108.8,90.2,,
2026-06-12T15:09:16.361,1781269756,nicole,REACQUIRING,0.0,SEARCH,SCAN,SCAN,105.8,90.0,,
2026-06-12T15:09:16.464,1781269756,nicole,REACQUIRING,0.0,SEARCH,SCAN,SCAN,102.8,91.8,,
2026-06-12T15:09:16.568,1781269756,nicole,REACQUIRING,0.0,SEARCH,SCAN,SCAN,101.8,93.6,,
2026-06-12T15:09:16.665,1781269756,nicole,REACQUIRING,0.0,SEARCH,SCAN,SCAN,104.8,95.4,,
2026-06-12T15:09:16.761,1781269756,nicole,REACQUIRING,0.0,SEARCH,SCAN,SCAN,107.8,97.2,,
2026-06-12T15:09:16.874,1781269756,nicole,REACQUIRING,0.0,SEARCH,SCAN,SCAN,110.8,99.0,,
2026-06-12T15:09:16.972,1781269756,nicole,REACQUIRING,0.0,SEARCH,SCAN,SCAN,113.8,100.8,,
2026-06-12T15:09:17.069,1781269757,nicole,REACQUIRING,0.0,SEARCH,SCAN,SCAN,116.8,102.6,,
2026-06-12T15:09:17.175,1781269757,nicole,REACQUIRING,0.0,SEARCH,SCAN,SCAN,119.8,104.4,,
2026-06-12T15:09:17.274,1781269757,nicole,REACQUIRING,0.0,SEARCH,SCAN,SCAN,122.8,106.2,,
2026-06-12T15:09:17.374,1781269757,nicole,REACQUIRING,0.0,SEARCH,SCAN,SCAN,125.8,108.0,,
2026-06-12T15:09:17.464,1781269757,nicole,REACQUIRING,0.0,SEARCH,SCAN,SCAN,128.8,109.8,,
2026-06-12T15:09:17.575,1781269757,nicole,REACQUIRING,0.0,SEARCH,SCAN,SCAN,131.8,111.6,,
2026-06-12T15:09:17.675,1781269757,nicole,REACQUIRING,0.0,SEARCH,SCAN,SCAN,134.8,113.4,,
2026-06-12T15:09:17.771,1781269757,nicole,REACQUIRING,0.0,SEARCH,SCAN,SCAN,137.8,115.2,,
2026-06-12T15:09:17.884,1781269757,nicole,REACQUIRING,0.0,SEARCH,SCAN,SCAN,140.8,117.0,,
2026-06-12T15:09:17.975,1781269757,nicole,REACQUIRING,0.0,SEARCH,SCAN,SCAN,143.8,118.8,,
2026-06-12T15:09:18.074,1781269758,nicole,REACQUIRING,0.0,SEARCH,SCAN,SCAN,146.8,120.6,,
2026-06-12T15:09:18.164,1781269758,nicole,REACQUIRING,0.0,SEARCH,SCAN,SCAN,149.8,122.4,,
2026-06-12T15:09:18.287,1781269758,nicole,REACQUIRING,0.0,SEARCH,SCAN,SCAN,152.8,124.2,,
2026-06-12T15:09:18.379,1781269758,nicole,REACQUIRING,0.0,SEARCH,SCAN,SCAN,155.8,126.0,,
2026-06-12T15:09:18.472,1781269758,nicole,REACQUIRING,0.0,SEARCH,SCAN,SCAN,158.8,127.8,,
2026-06-12T15:09:18.588,1781269758,nicole,REACQUIRING,0.0,SEARCH,SCAN,SCAN,161.8,129.6,,
2026-06-12T15:09:18.679,1781269758,nicole,REACQUIRING,0.0,SEARCH,SCAN,SCAN,164.8,130.0,,
2026-06-12T15:09:18.777,1781269758,nicole,REACQUIRING,0.0,SEARCH,SCAN,SCAN,167.8,128.2,,
2026-06-12T15:09:18.888,1781269758,nicole,REACQUIRING,0.0,SEARCH,SCAN,SCAN,170.8,126.4,,
2026-06-12T15:09:18.986,1781269758,nicole,REACQUIRING,0.0,SEARCH,SCAN,SCAN,173.8,124.6,,
2026-06-12T15:09:19.072,1781269759,nicole,REACQUIRING,0.0,SEARCH,SCAN,SCAN,176.8,122.8,,
2026-06-12T15:09:19.174,1781269759,nicole,REACQUIRING,0.0,SEARCH,SCAN,SCAN,179.8,121.0,,
2026-06-12T15:09:19.288,1781269759,nicole,REACQUIRING,0.0,SEARCH,SCAN,SCAN,180.0,119.2,,
2026-06-12T15:09:19.388,1781269759,nicole,REACQUIRING,0.0,SEARCH,SCAN,SCAN,178.8,117.4,,
2026-06-12T15:09:19.482,1781269759,nicole,REACQUIRING,0.0,SEARCH,SCAN,SCAN,175.8,115.6,,
2026-06-12T15:09:19.594,1781269759,nicole,REACQUIRING,0.0,SEARCH,SCAN,SCAN,172.8,113.8,,
2026-06-12T15:09:19.689,1781269759,nicole,REACQUIRING,0.0,SEARCH,SCAN,SCAN,169.8,112.0,,
2026-06-12T15:09:19.784,1781269759,nicole,REACQUIRING,0.0,SEARCH,SCAN,SCAN,166.8,110.2,,
2026-06-12T15:09:19.884,1781269759,nicole,REACQUIRING,0.0,SEARCH,SCAN,SCAN,163.8,108.4,,
2026-06-12T15:09:19.988,1781269759,nicole,REACQUIRING,0.0,SEARCH,SCAN,SCAN,160.8,106.6,,
2026-06-12T15:09:20.088,1781269760,nicole,REACQUIRING,0.0,SEARCH,SCAN,SCAN,157.8,104.8,,
2026-06-12T15:09:20.187,1781269760,nicole,REACQUIRING,0.0,SEARCH,SCAN,SCAN,154.8,103.0,,
2026-06-12T15:09:20.301,1781269760,nicole,REACQUIRING,0.0,SEARCH,SCAN,SCAN,151.8,101.2,,
2026-06-12T15:09:20.389,1781269760,nicole,REACQUIRING,0.0,SEARCH,SCAN,SCAN,148.8,99.4,,
2026-06-12T15:09:20.491,1781269760,nicole,REACQUIRING,0.0,SEARCH,SCAN,SCAN,145.8,97.6,,
2026-06-12T15:09:20.585,1781269760,nicole,REACQUIRING,0.0,SEARCH,SCAN,SCAN,142.8,95.8,,
2026-06-12T15:09:20.690,1781269760,nicole,REACQUIRING,0.0,SEARCH,SCAN,SCAN,139.8,94.0,,
2026-06-12T15:09:20.786,1781269760,nicole,REACQUIRING,0.0,SEARCH,SCAN,SCAN,136.8,92.2,,
2026-06-12T15:09:20.894,1781269760,nicole,REACQUIRING,0.0,SEARCH,SCAN,SCAN,133.8,90.4,,
2026-06-12T15:09:20.996,1781269760,nicole,REACQUIRING,0.0,SEARCH,SCAN,SCAN,130.8,90.0,,
2026-06-12T15:09:21.100,1781269761,nicole,REACQUIRING,0.0,SEARCH,SCAN,SCAN,127.8,91.8,,
2026-06-12T15:09:21.190,1781269761,nicole,REACQUIRING,0.0,SEARCH,SCAN,SCAN,124.8,93.6,,
2026-06-12T15:09:21.284,1781269761,nicole,REACQUIRING,0.0,SEARCH,SCAN,SCAN,121.8,95.4,,
2026-06-12T15:09:21.400,1781269761,nicole,REACQUIRING,0.0,SEARCH,SCAN,SCAN,118.8,97.2,,
2026-06-12T15:09:21.495,1781269761,nicole,REACQUIRING,0.0,SEARCH,SCAN,SCAN,115.8,99.0,,
2026-06-12T15:09:21.598,1781269761,nicole,REACQUIRING,0.0,SEARCH,SCAN,SCAN,112.8,100.8,,
2026-06-12T15:09:21.702,1781269761,nicole,REACQUIRING,0.0,SEARCH,SCAN,SCAN,109.8,102.6,,
2026-06-12T15:09:21.799,1781269761,nicole,REACQUIRING,0.0,SEARCH,SCAN,SCAN,106.8,104.4,,
2026-06-12T15:09:21.889,1781269761,nicole,REACQUIRING,0.0,SEARCH,SCAN,SCAN,103.8,106.2,,
2026-06-12T15:09:22.001,1781269762,nicole,REACQUIRING,0.0,SEARCH,SCAN,SCAN,101.8,108.0,,
2026-06-12T15:09:22.105,1781269762,nicole,REACQUIRING,0.0,SEARCH,SCAN,SCAN,104.8,109.8,,
2026-06-12T15:09:22.204,1781269762,nicole,REACQUIRING,0.0,SEARCH,SCAN,SCAN,107.8,111.6,,
2026-06-12T15:09:22.297,1781269762,nicole,REACQUIRING,0.0,SEARCH,SCAN,SCAN,110.8,113.4,,
2026-06-12T15:09:22.405,1781269762,nicole,REACQUIRING,0.0,SEARCH,SCAN,SCAN,113.8,115.2,,
2026-06-12T15:09:22.509,1781269762,nicole,REACQUIRING,0.0,SEARCH,SCAN,SCAN,116.8,117.0,,
2026-06-12T15:09:22.599,1781269762,nicole,REACQUIRING,0.0,SEARCH,SCAN,SCAN,119.8,118.8,,
2026-06-12T15:09:22.711,1781269762,nicole,REACQUIRING,0.0,SEARCH,SCAN,SCAN,122.8,120.6,,
2026-06-12T15:09:22.807,1781269762,nicole,REACQUIRING,0.0,SEARCH,SCAN,SCAN,125.8,122.4,,
2026-06-12T15:09:22.896,1781269762,nicole,REACQUIRING,0.0,SEARCH,SCAN,SCAN,128.8,124.2,,
2026-06-12T15:09:23.001,1781269763,nicole,REACQUIRING,0.0,SEARCH,SCAN,SCAN,131.8,126.0,,
2026-06-12T15:09:23.118,1781269763,nicole,REACQUIRING,0.0,SEARCH,SCAN,SCAN,134.8,127.8,,
2026-06-12T15:09:23.211,1781269763,nicole,REACQUIRING,0.0,SEARCH,SCAN,SCAN,137.8,129.6,,
2026-06-12T15:09:23.310,1781269763,nicole,REACQUIRING,0.0,SEARCH,SCAN,SCAN,140.8,130.0,,
2026-06-12T15:09:23.414,1781269763,nicole,REACQUIRING,0.0,SEARCH,SCAN,SCAN,143.8,128.2,,
2026-06-12T15:09:23.515,1781269763,nicole,REACQUIRING,0.0,SEARCH,SCAN,SCAN,146.8,126.4,,
2026-06-12T15:09:23.615,1781269763,nicole,REACQUIRING,0.0,SEARCH,SCAN,SCAN,149.8,124.6,,
2026-06-12T15:09:23.709,1781269763,nicole,REACQUIRING,0.0,SEARCH,SCAN,SCAN,152.8,122.8,,
2026-06-12T15:09:23.817,1781269763,nicole,REACQUIRING,0.0,SEARCH,SCAN,SCAN,155.8,121.0,,
2026-06-12T15:09:23.910,1781269763,nicole,REACQUIRING,0.0,SEARCH,SCAN,SCAN,158.8,119.2,,
2026-06-12T15:09:24.005,1781269764,nicole,REACQUIRING,0.0,SEARCH,SCAN,SCAN,161.8,117.4,,
2026-06-12T15:09:24.125,1781269764,nicole,REACQUIRING,0.0,SEARCH,SCAN,SCAN,164.8,115.6,,
2026-06-12T15:09:24.216,1781269764,nicole,REACQUIRING,0.0,SEARCH,SCAN,SCAN,167.8,113.8,,
2026-06-12T15:09:24.313,1781269764,nicole,REACQUIRING,0.0,SEARCH,SCAN,SCAN,170.8,112.0,,
2026-06-12T15:09:24.411,1781269764,nicole,REACQUIRING,0.0,SEARCH,SCAN,SCAN,173.8,110.2,,
2026-06-12T15:09:24.514,1781269764,nicole,REACQUIRING,0.0,SEARCH,SCAN,SCAN,176.8,108.4,,
2026-06-12T15:09:24.614,1781269764,nicole,REACQUIRING,0.0,SEARCH,SCAN,SCAN,179.8,106.6,,
2026-06-12T15:09:24.711,1781269764,nicole,REACQUIRING,0.0,SEARCH,SCAN,SCAN,180.0,104.8,,
2026-06-12T15:09:24.818,1781269764,nicole,REACQUIRING,0.0,SEARCH,SCAN,SCAN,178.8,103.0,,
2026-06-12T15:09:24.917,1781269764,nicole,REACQUIRING,0.0,SEARCH,SCAN,SCAN,175.8,101.2,,
2026-06-12T15:09:25.009,1781269765,nicole,REACQUIRING,0.0,SEARCH,SCAN,SCAN,172.8,99.4,,
2026-06-12T15:09:25.107,1781269765,nicole,REACQUIRING,0.0,SEARCH,SCAN,SCAN,169.8,97.6,,
2026-06-12T15:09:25.226,1781269765,nicole,REACQUIRING,0.0,SEARCH,SCAN,SCAN,166.8,95.8,,
2026-06-12T15:09:25.315,1781269765,nicole,REACQUIRING,0.0,SEARCH,SCAN,SCAN,163.8,94.0,,
2026-06-12T15:09:25.413,1781269765,nicole,REACQUIRING,0.0,SEARCH,SCAN,SCAN,160.8,92.2,,
2026-06-12T15:09:25.530,1781269765,nicole,REACQUIRING,0.0,SEARCH,SCAN,SCAN,157.8,90.4,,
2026-06-12T15:09:25.626,1781269765,nicole,REACQUIRING,0.0,SEARCH,SCAN,SCAN,154.8,90.0,,
2026-06-12T15:09:25.725,1781269765,nicole,REACQUIRING,0.0,SEARCH,SCAN,SCAN,151.8,91.8,,
2026-06-12T15:09:25.831,1781269765,nicole,REACQUIRING,0.0,SEARCH,SCAN,SCAN,148.8,93.6,,
2026-06-12T15:09:25.930,1781269765,nicole,REACQUIRING,0.0,SEARCH,SCAN,SCAN,145.8,95.4,,
2026-06-12T15:09:26.016,1781269766,nicole,REACQUIRING,0.0,SEARCH,SCAN,SCAN,142.8,97.2,,
2026-06-12T15:09:26.120,1781269766,nicole,REACQUIRING,0.0,SEARCH,SCAN,SCAN,139.8,99.0,,
2026-06-12T15:09:26.234,1781269766,nicole,REACQUIRING,0.0,SEARCH,SCAN,SCAN,136.8,100.8,,
2026-06-12T15:09:26.324,1781269766,nicole,REACQUIRING,0.0,SEARCH,SCAN,SCAN,133.8,102.6,,
2026-06-12T15:09:26.425,1781269766,nicole,REACQUIRING,0.0,SEARCH,SCAN,SCAN,130.8,104.4,,
2026-06-12T15:09:26.535,1781269766,nicole,REACQUIRING,0.0,SEARCH,SCAN,SCAN,127.8,106.2,,
2026-06-12T15:09:26.633,1781269766,nicole,REACQUIRING,0.0,SEARCH,SCAN,SCAN,124.8,108.0,,
2026-06-12T15:09:26.728,1781269766,nicole,REACQUIRING,0.0,SEARCH,SCAN,SCAN,121.8,109.8,,
2026-06-12T15:09:26.818,1781269766,nicole,REACQUIRING,0.0,SEARCH,SCAN,SCAN,118.8,111.6,,
2026-06-12T15:09:26.934,1781269766,nicole,REACQUIRING,0.0,SEARCH,SCAN,SCAN,115.8,113.4,,
2026-06-12T15:09:27.024,1781269767,nicole,REACQUIRING,0.0,SEARCH,SCAN,SCAN,112.8,115.2,,
2026-06-12T15:09:27.125,1781269767,nicole,REACQUIRING,0.0,SEARCH,SCAN,SCAN,109.8,117.0,,
2026-06-12T15:09:27.237,1781269767,nicole,REACQUIRING,0.0,SEARCH,SCAN,SCAN,106.8,118.8,,
2026-06-12T15:09:27.331,1781269767,nicole,REACQUIRING,0.0,SEARCH,SCAN,SCAN,103.8,120.6,,
2026-06-12T15:09:27.431,1781269767,nicole,REACQUIRING,0.0,SEARCH,SCAN,SCAN,101.8,122.4,,
2026-06-12T15:09:27.530,1781269767,nicole,REACQUIRING,0.0,SEARCH,SCAN,SCAN,104.8,124.2,,
2026-06-12T15:09:27.649,1781269767,nicole,REACQUIRING,0.0,SEARCH,SCAN,SCAN,107.8,126.0,,
2026-06-12T15:09:27.744,1781269767,nicole,REACQUIRING,0.0,SEARCH,SCAN,SCAN,110.8,127.8,,
2026-06-12T15:09:27.832,1781269767,nicole,REACQUIRING,0.0,SEARCH,SCAN,SCAN,113.8,129.6,,
2026-06-12T15:09:27.947,1781269767,nicole,REACQUIRING,0.0,SEARCH,SCAN,SCAN,116.8,130.0,,
2026-06-12T15:09:28.037,1781269768,nicole,REACQUIRING,0.0,SEARCH,SCAN,SCAN,119.8,128.2,,
2026-06-12T15:09:28.143,1781269768,nicole,REACQUIRING,0.0,SEARCH,SCAN,SCAN,122.8,126.4,,
2026-06-12T15:09:28.237,1781269768,nicole,REACQUIRING,0.0,SEARCH,SCAN,SCAN,125.8,124.6,,
2026-06-12T15:09:28.345,1781269768,nicole,REACQUIRING,0.0,SEARCH,SCAN,SCAN,128.8,122.8,,
2026-06-12T15:09:28.448,1781269768,nicole,REACQUIRING,0.0,SEARCH,SCAN,SCAN,131.8,121.0,,
2026-06-12T15:09:28.545,1781269768,nicole,REACQUIRING,0.0,SEARCH,SCAN,SCAN,134.8,119.2,,
2026-06-12T15:09:28.659,1781269768,nicole,REACQUIRING,0.0,SEARCH,SCAN,SCAN,137.8,117.4,,
2026-06-12T15:09:28.750,1781269768,nicole,REACQUIRING,0.0,SEARCH,SCAN,SCAN,140.8,115.6,,
2026-06-12T15:09:28.843,1781269768,nicole,REACQUIRING,0.0,SEARCH,SCAN,SCAN,143.8,113.8,,
2026-06-12T15:09:28.934,1781269768,nicole,REACQUIRING,0.0,SEARCH,SCAN,SCAN,146.8,112.0,,
2026-06-12T15:09:29.052,1781269769,nicole,REACQUIRING,0.0,SEARCH,SCAN,SCAN,149.8,110.2,,
2026-06-12T15:09:29.146,1781269769,nicole,REACQUIRING,0.0,SEARCH,SCAN,SCAN,152.8,108.4,,
2026-06-12T15:09:29.247,1781269769,nicole,REACQUIRING,0.0,SEARCH,SCAN,SCAN,155.8,106.6,,
2026-06-12T15:09:29.360,1781269769,nicole,REACQUIRING,0.0,SEARCH,SCAN,SCAN,158.8,104.8,,
2026-06-12T15:09:29.451,1781269769,nicole,REACQUIRING,0.0,SEARCH,SCAN,SCAN,161.8,103.0,,
2026-06-12T15:09:29.545,1781269769,nicole,REACQUIRING,0.0,SEARCH,SCAN,SCAN,164.8,101.2,,
2026-06-12T15:09:29.655,1781269769,nicole,REACQUIRING,0.0,SEARCH,SCAN,SCAN,167.8,99.4,,
2026-06-12T15:09:29.749,1781269769,nicole,REACQUIRING,0.0,SEARCH,SCAN,SCAN,170.8,97.6,,
2026-06-12T15:09:29.847,1781269769,nicole,REACQUIRING,0.0,SEARCH,SCAN,SCAN,173.8,95.8,,
2026-06-12T15:09:29.949,1781269769,nicole,REACQUIRING,0.0,SEARCH,SCAN,SCAN,176.8,94.0,,
2026-06-12T15:09:30.055,1781269770,nicole,REACQUIRING,0.0,SEARCH,SCAN,SCAN,179.8,92.2,,
2026-06-12T15:09:30.156,1781269770,nicole,REACQUIRING,0.0,SEARCH,SCAN,SCAN,180.0,90.4,,
2026-06-12T15:09:30.247,1781269770,nicole,REACQUIRING,0.0,SEARCH,SCAN,SCAN,178.8,90.0,,
2026-06-12T15:09:30.367,1781269770,nicole,REACQUIRING,0.0,SEARCH,SCAN,SCAN,175.8,91.8,,
2026-06-12T15:09:30.455,1781269770,nicole,REACQUIRING,0.0,SEARCH,SCAN,SCAN,172.8,93.6,,
2026-06-12T15:09:30.554,1781269770,nicole,REACQUIRING,0.0,SEARCH,SCAN,SCAN,169.8,95.4,,
2026-06-12T15:09:30.647,1781269770,nicole,REACQUIRING,0.0,SEARCH,SCAN,SCAN,166.8,97.2,,
2026-06-12T15:09:30.762,1781269770,nicole,REACQUIRING,0.0,SEARCH,SCAN,SCAN,163.8,99.0,,
2026-06-12T15:09:30.849,1781269770,nicole,REACQUIRING,0.0,SEARCH,SCAN,SCAN,160.8,100.8,,
2026-06-12T15:09:30.955,1781269770,nicole,REACQUIRING,0.0,SEARCH,SCAN,SCAN,157.8,102.6,,
2026-06-12T15:09:31.057,1781269771,nicole,REACQUIRING,0.0,SEARCH,SCAN,SCAN,154.8,104.4,,
2026-06-12T15:09:31.160,1781269771,nicole,REACQUIRING,0.0,SEARCH,SCAN,SCAN,151.8,106.2,,
2026-06-12T15:09:31.261,1781269771,nicole,REACQUIRING,0.0,SEARCH,SCAN,SCAN,148.8,108.0,,
2026-06-12T15:09:31.353,1781269771,nicole,REACQUIRING,0.0,SEARCH,SCAN,SCAN,145.8,109.8,,
2026-06-12T15:09:31.461,1781269771,nicole,REACQUIRING,0.0,SEARCH,SCAN,SCAN,142.8,111.6,,
2026-06-12T15:09:31.562,1781269771,nicole,REACQUIRING,0.0,SEARCH,SCAN,SCAN,139.8,113.4,,
2026-06-12T15:09:31.661,1781269771,nicole,REACQUIRING,0.0,SEARCH,SCAN,SCAN,136.8,115.2,,
2026-06-12T15:09:31.770,1781269771,nicole,REACQUIRING,0.0,SEARCH,SCAN,SCAN,133.8,117.0,,
2026-06-12T15:09:31.865,1781269771,nicole,REACQUIRING,0.0,SEARCH,SCAN,SCAN,130.8,118.8,,
2026-06-12T15:09:31.962,1781269771,nicole,REACQUIRING,0.0,SEARCH,SCAN,SCAN,127.8,120.6,,
2026-06-12T15:09:32.057,1781269772,nicole,REACQUIRING,0.0,SEARCH,SCAN,SCAN,124.8,122.4,,
2026-06-12T15:09:32.167,1781269772,nicole,REACQUIRING,0.0,SEARCH,SCAN,SCAN,121.8,124.2,,
2026-06-12T15:09:32.267,1781269772,nicole,REACQUIRING,0.0,SEARCH,SCAN,SCAN,118.8,126.0,,
2026-06-12T15:09:32.357,1781269772,nicole,REACQUIRING,0.0,SEARCH,SCAN,SCAN,115.8,127.8,,
2026-06-12T15:09:32.470,1781269772,nicole,REACQUIRING,0.0,SEARCH,SCAN,SCAN,112.8,129.6,,
2026-06-12T15:09:32.566,1781269772,nicole,REACQUIRING,0.0,SEARCH,SCAN,SCAN,109.8,130.0,,
2026-06-12T15:09:32.665,1781269772,nicole,REACQUIRING,0.0,SEARCH,SCAN,SCAN,106.8,128.2,,
2026-06-12T15:09:32.765,1781269772,nicole,REACQUIRING,0.0,SEARCH,SCAN,SCAN,103.8,126.4,,
2026-06-12T15:09:32.877,1781269772,nicole,REACQUIRING,0.0,SEARCH,SCAN,SCAN,101.8,124.6,,
2026-06-12T15:09:32.967,1781269772,nicole,REACQUIRING,0.0,SEARCH,SCAN,SCAN,104.8,122.8,,
2026-06-12T15:09:33.066,1781269773,nicole,REACQUIRING,0.0,SEARCH,SCAN,SCAN,107.8,121.0,,
2026-06-12T15:09:33.171,1781269773,nicole,REACQUIRING,0.0,SEARCH,SCAN,SCAN,110.8,119.2,,
2026-06-12T15:09:33.271,1781269773,nicole,REACQUIRING,0.0,SEARCH,SCAN,SCAN,113.8,117.4,,
2026-06-12T15:09:33.370,1781269773,nicole,REACQUIRING,0.0,SEARCH,SCAN,SCAN,116.8,115.6,,
2026-06-12T15:09:33.484,1781269773,nicole,REACQUIRING,0.0,SEARCH,SCAN,SCAN,119.8,113.8,,
2026-06-12T15:09:33.580,1781269773,nicole,REACQUIRING,0.0,SEARCH,SCAN,SCAN,122.8,112.0,,
2026-06-12T15:09:33.670,1781269773,nicole,REACQUIRING,0.0,SEARCH,SCAN,SCAN,125.8,110.2,,
2026-06-12T15:09:33.766,1781269773,nicole,REACQUIRING,0.0,SEARCH,SCAN,SCAN,128.8,108.4,,
2026-06-12T15:09:33.885,1781269773,nicole,REACQUIRING,0.0,SEARCH,SCAN,SCAN,131.8,106.6,,
2026-06-12T15:09:33.979,1781269773,nicole,REACQUIRING,0.0,SEARCH,SCAN,SCAN,134.8,104.8,,
2026-06-12T15:09:34.074,1781269774,nicole,REACQUIRING,0.0,SEARCH,SCAN,SCAN,137.8,103.0,,
2026-06-12T15:09:34.188,1781269774,nicole,REACQUIRING,0.0,SEARCH,SCAN,SCAN,140.8,101.2,,
2026-06-12T15:09:34.277,1781269774,nicole,REACQUIRING,0.0,SEARCH,SCAN,SCAN,143.8,99.4,,
2026-06-12T15:09:34.380,1781269774,nicole,REACQUIRING,0.0,SEARCH,SCAN,SCAN,146.8,97.6,,
2026-06-12T15:09:34.475,1781269774,nicole,REACQUIRING,0.0,SEARCH,SCAN,SCAN,149.8,95.8,,
2026-06-12T15:09:34.587,1781269774,nicole,REACQUIRING,0.0,SEARCH,SCAN,SCAN,152.8,94.0,,
2026-06-12T15:09:34.683,1781269774,nicole,REACQUIRING,0.0,SEARCH,SCAN,SCAN,155.8,92.2,,
2026-06-12T15:09:34.780,1781269774,nicole,REACQUIRING,0.0,SEARCH,SCAN,SCAN,158.8,90.4,,
2026-06-12T15:09:34.884,1781269774,nicole,REACQUIRING,0.0,SEARCH,SCAN,SCAN,161.8,90.0,,
2026-06-12T15:09:34.981,1781269774,nicole,REACQUIRING,0.0,SEARCH,SCAN,SCAN,164.8,91.8,,
2026-06-12T15:09:35.081,1781269775,nicole,REACQUIRING,0.0,SEARCH,SCAN,SCAN,167.8,93.6,,
2026-06-12T15:09:35.182,1781269775,nicole,REACQUIRING,0.0,SEARCH,SCAN,SCAN,170.8,95.4,,
2026-06-12T15:09:35.289,1781269775,nicole,REACQUIRING,0.0,SEARCH,SCAN,SCAN,173.8,97.2,,
2026-06-12T15:09:35.381,1781269775,nicole,REACQUIRING,0.0,SEARCH,SCAN,SCAN,176.8,99.0,,
2026-06-12T15:09:35.486,1781269775,nicole,REACQUIRING,0.0,SEARCH,SCAN,SCAN,179.8,100.8,,
2026-06-12T15:09:35.594,1781269775,nicole,REACQUIRING,0.0,SEARCH,SCAN,SCAN,180.0,102.6,,
2026-06-12T15:09:35.691,1781269775,nicole,REACQUIRING,0.0,SEARCH,SCAN,SCAN,178.8,104.4,,
2026-06-12T15:09:35.785,1781269775,nicole,REACQUIRING,0.0,SEARCH,SCAN,SCAN,175.8,106.2,,
2026-06-12T15:09:35.875,1781269775,nicole,REACQUIRING,0.0,SEARCH,SCAN,SCAN,172.8,108.0,,
2026-06-12T15:09:35.989,1781269775,nicole,REACQUIRING,0.0,SEARCH,SCAN,SCAN,169.8,109.8,,
2026-06-12T15:09:36.086,1781269776,nicole,REACQUIRING,0.0,SEARCH,SCAN,SCAN,166.8,111.6,,
2026-06-12T15:09:36.180,1781269776,nicole,REACQUIRING,0.0,SEARCH,SCAN,SCAN,163.8,113.4,,
2026-06-12T15:09:36.301,1781269776,nicole,REACQUIRING,0.0,SEARCH,SCAN,SCAN,160.8,115.2,,
2026-06-12T15:09:36.393,1781269776,nicole,REACQUIRING,0.0,SEARCH,SCAN,SCAN,157.8,117.0,,
2026-06-12T15:09:36.488,1781269776,nicole,REACQUIRING,0.0,SEARCH,SCAN,SCAN,154.8,118.8,,
2026-06-12T15:09:36.591,1781269776,nicole,REACQUIRING,0.0,SEARCH,SCAN,SCAN,151.8,120.6,,
2026-06-12T15:09:36.699,1781269776,nicole,REACQUIRING,0.0,SEARCH,SCAN,SCAN,148.8,122.4,,
2026-06-12T15:09:36.789,1781269776,nicole,REACQUIRING,0.0,SEARCH,SCAN,SCAN,145.8,124.2,,
2026-06-12T15:09:36.890,1781269776,nicole,REACQUIRING,0.0,SEARCH,SCAN,SCAN,142.8,126.0,,
2026-06-12T15:09:37.000,1781269777,nicole,REACQUIRING,0.0,SEARCH,SCAN,SCAN,139.8,127.8,,
2026-06-12T15:09:37.090,1781269777,nicole,REACQUIRING,0.0,SEARCH,SCAN,SCAN,136.8,129.6,,
2026-06-12T15:09:37.193,1781269777,nicole,REACQUIRING,0.0,SEARCH,SCAN,SCAN,133.8,130.0,,
2026-06-12T15:09:37.306,1781269777,nicole,REACQUIRING,0.0,SEARCH,SCAN,SCAN,130.8,128.2,,
2026-06-12T15:09:37.409,1781269777,nicole,REACQUIRING,0.0,SEARCH,SCAN,SCAN,127.8,126.4,,
2026-06-12T15:09:37.489,1781269777,nicole,REACQUIRING,0.0,SEARCH,SCAN,SCAN,124.8,124.6,,
2026-06-12T15:09:37.590,1781269777,nicole,REACQUIRING,0.0,SEARCH,SCAN,SCAN,121.8,122.8,,
2026-06-12T15:09:37.709,1781269777,nicole,REACQUIRING,0.0,SEARCH,SCAN,SCAN,118.8,121.0,,
2026-06-12T15:09:37.805,1781269777,nicole,REACQUIRING,0.0,SEARCH,SCAN,SCAN,115.8,119.2,,
2026-06-12T15:09:37.898,1781269777,nicole,REACQUIRING,0.0,SEARCH,SCAN,SCAN,112.8,117.4,,
2026-06-12T15:09:38.006,1781269778,nicole,REACQUIRING,0.0,SEARCH,SCAN,SCAN,109.8,115.6,,
2026-06-12T15:09:38.104,1781269778,nicole,REACQUIRING,0.0,SEARCH,SCAN,SCAN,106.8,113.8,,
2026-06-12T15:09:38.202,1781269778,nicole,REACQUIRING,0.0,SEARCH,SCAN,SCAN,103.8,112.0,,
2026-06-12T15:09:38.292,1781269778,nicole,REACQUIRING,0.0,SEARCH,SCAN,SCAN,101.8,110.2,,
2026-06-12T15:09:38.408,1781269778,nicole,REACQUIRING,0.0,SEARCH,SCAN,SCAN,104.8,108.4,,
2026-06-12T15:09:38.508,1781269778,nicole,REACQUIRING,0.0,SEARCH,SCAN,SCAN,107.8,106.6,,
2026-06-12T15:09:38.599,1781269778,nicole,REACQUIRING,0.0,SEARCH,SCAN,SCAN,110.8,104.8,,
2026-06-12T15:09:38.719,1781269778,nicole,REACQUIRING,0.0,SEARCH,SCAN,SCAN,113.8,103.0,,
2026-06-12T15:09:38.812,1781269778,nicole,REACQUIRING,0.0,SEARCH,SCAN,SCAN,116.8,101.2,,
2026-06-12T15:09:38.911,1781269778,nicole,REACQUIRING,0.0,SEARCH,SCAN,SCAN,119.8,99.4,,
2026-06-12T15:09:38.998,1781269778,nicole,REACQUIRING,0.0,SEARCH,SCAN,SCAN,122.8,97.6,,
2026-06-12T15:09:39.114,1781269779,nicole,REACQUIRING,0.0,SEARCH,SCAN,SCAN,125.8,95.8,,
2026-06-12T15:09:39.210,1781269779,nicole,REACQUIRING,0.0,SEARCH,SCAN,SCAN,128.8,94.0,,
2026-06-12T15:09:39.307,1781269779,nicole,REACQUIRING,0.0,SEARCH,SCAN,SCAN,131.8,92.2,,
2026-06-12T15:09:39.424,1781269779,nicole,REACQUIRING,0.0,SEARCH,SCAN,SCAN,134.8,90.4,,
2026-06-12T15:09:39.514,1781269779,nicole,REACQUIRING,0.0,SEARCH,SCAN,SCAN,137.8,90.0,,
2026-06-12T15:09:39.612,1781269779,nicole,REACQUIRING,0.0,SEARCH,SCAN,SCAN,140.8,91.8,,
2026-06-12T15:09:39.701,1781269779,nicole,REACQUIRING,0.0,SEARCH,SCAN,SCAN,143.8,93.6,,
2026-06-12T15:09:39.826,1781269779,nicole,REACQUIRING,0.0,SEARCH,SCAN,SCAN,146.8,95.4,,
2026-06-12T15:09:39.917,1781269779,nicole,REACQUIRING,0.0,SEARCH,SCAN,SCAN,149.8,97.2,,
2026-06-12T15:09:40.004,1781269780,nicole,REACQUIRING,0.0,SEARCH,SCAN,SCAN,152.8,99.0,,
2026-06-12T15:09:40.122,1781269780,nicole,REACQUIRING,0.0,SEARCH,SCAN,SCAN,155.8,100.8,,
2026-06-12T15:09:40.222,1781269780,nicole,REACQUIRING,0.0,SEARCH,SCAN,SCAN,158.8,102.6,,
2026-06-12T15:09:40.312,1781269780,nicole,REACQUIRING,0.0,SEARCH,SCAN,SCAN,161.8,104.4,,
2026-06-12T15:09:40.416,1781269780,nicole,REACQUIRING,0.0,SEARCH,SCAN,SCAN,164.8,106.2,,
2026-06-12T15:09:40.522,1781269780,nicole,REACQUIRING,0.0,SEARCH,SCAN,SCAN,167.8,108.0,,
2026-06-12T15:09:40.621,1781269780,nicole,REACQUIRING,0.0,SEARCH,SCAN,SCAN,170.8,109.8,,
2026-06-12T15:09:40.715,1781269780,nicole,REACQUIRING,0.0,SEARCH,SCAN,SCAN,173.8,111.6,,
2026-06-12T15:09:40.925,1781269780,nicole,REACQUIRING,0.0,SEARCH,SCAN,SCAN,176.8,113.4,,
2026-06-12T15:09:41.117,1781269781,nicole,REACQUIRING,0.0,SEARCH,SCAN,SCAN,179.8,115.2,,
2026-06-12T15:09:41.329,1781269781,nicole,REACQUIRING,0.0,SEARCH,SCAN,SCAN,180.0,117.0,,
2026-06-12T15:09:41.533,1781269781,nicole,REACQUIRING,0.0,SEARCH,SCAN,SCAN,178.8,118.8,,
2026-06-12T15:09:41.716,1781269781,nicole,REACQUIRING,0.0,SEARCH,SCAN,SCAN,175.8,120.6,,
2026-06-12T15:09:41.935,1781269781,nicole,REACQUIRING,0.0,SEARCH,SCAN,SCAN,172.8,122.4,,
2026-06-12T15:09:42.116,1781269782,nicole,REACQUIRING,0.0,SEARCH,SCAN,SCAN,169.8,124.2,,
2026-06-12T15:09:42.325,1781269782,nicole,REACQUIRING,0.0,SEARCH,SCAN,SCAN,166.8,126.0,,
2026-06-12T15:09:42.519,1781269782,nicole,REACQUIRING,0.0,SEARCH,SCAN,SCAN,163.8,127.8,,
2026-06-12T15:09:42.728,1781269782,nicole,REACQUIRING,0.0,SEARCH,SCAN,SCAN,160.8,129.6,,
2026-06-12T15:09:42.922,1781269782,nicole,REACQUIRING,0.0,SEARCH,SCAN,SCAN,157.8,130.0,,
2026-06-12T15:09:43.131,1781269783,nicole,REACQUIRING,0.0,SEARCH,SCAN,SCAN,154.8,128.2,,
2026-06-12T15:09:43.314,1781269783,nicole,REACQUIRING,0.0,SEARCH,SCAN,SCAN,151.8,126.4,,
2026-06-12T15:09:43.531,1781269783,nicole,REACQUIRING,0.0,SEARCH,SCAN,SCAN,148.8,124.6,,
2026-06-12T15:09:43.723,1781269783,nicole,REACQUIRING,0.0,SEARCH,SCAN,SCAN,145.8,122.8,,
2026-06-12T15:09:43.931,1781269783,nicole,REACQUIRING,0.0,SEARCH,SCAN,SCAN,142.8,121.0,,
2026-06-12T15:09:44.122,1781269784,nicole,REACQUIRING,0.0,SEARCH,SCAN,SCAN,139.8,119.2,,
2026-06-12T15:09:44.326,1781269784,nicole,REACQUIRING,0.0,SEARCH,SCAN,SCAN,136.8,117.4,,
2026-06-12T15:09:44.536,1781269784,nicole,REACQUIRING,0.0,SEARCH,SCAN,SCAN,133.8,115.6,,
2026-06-12T15:09:44.730,1781269784,nicole,REACQUIRING,0.0,SEARCH,SCAN,SCAN,130.8,113.8,,
2026-06-12T15:09:44.937,1781269784,nicole,REACQUIRING,0.0,SEARCH,SCAN,SCAN,127.8,112.0,,
2026-06-12T15:09:45.136,1781269785,nicole,REACQUIRING,0.0,SEARCH,SCAN,SCAN,124.8,110.2,,
2026-06-12T15:09:45.333,1781269785,nicole,REACQUIRING,0.0,SEARCH,SCAN,SCAN,121.8,108.4,,
2026-06-12T15:09:45.529,1781269785,nicole,REACQUIRING,0.0,SEARCH,SCAN,SCAN,118.8,106.6,,
2026-06-12T15:09:45.746,1781269785,nicole,REACQUIRING,0.0,SEARCH,SCAN,SCAN,115.8,104.8,,
2026-06-12T15:09:45.928,1781269785,nicole,REACQUIRING,0.0,SEARCH,SCAN,SCAN,112.8,103.0,,
2026-06-12T15:09:46.139,1781269786,nicole,REACQUIRING,0.0,SEARCH,SCAN,SCAN,109.8,101.2,,
2026-06-12T15:09:46.326,1781269786,nicole,REACQUIRING,0.0,SEARCH,SCAN,SCAN,106.8,99.4,,
2026-06-12T15:09:46.539,1781269786,nicole,REACQUIRING,0.0,SEARCH,SCAN,SCAN,103.8,97.6,,
2026-06-12T15:09:46.725,1781269786,nicole,REACQUIRING,0.0,SEARCH,SCAN,SCAN,101.8,95.8,,
2026-06-12T15:09:46.942,1781269786,nicole,REACQUIRING,0.0,SEARCH,SCAN,SCAN,104.8,94.0,,
2026-06-12T15:09:47.144,1781269787,nicole,REACQUIRING,0.0,SEARCH,SCAN,SCAN,107.8,92.2,,
2026-06-12T15:09:47.338,1781269787,nicole,REACQUIRING,0.0,SEARCH,SCAN,SCAN,110.8,90.4,,
2026-06-12T15:09:47.538,1781269787,nicole,REACQUIRING,0.0,SEARCH,SCAN,SCAN,113.8,90.0,,
2026-06-12T15:09:47.739,1781269787,nicole,REACQUIRING,0.0,SEARCH,SCAN,SCAN,116.8,91.8,,
2026-06-12T15:09:47.945,1781269787,nicole,REACQUIRING,0.0,SEARCH,SCAN,SCAN,119.8,93.6,,
2026-06-12T15:09:48.144,1781269788,nicole,REACQUIRING,0.0,SEARCH,SCAN,SCAN,122.8,95.4,,
2026-06-12T15:09:48.347,1781269788,nicole,REACQUIRING,0.0,SEARCH,SCAN,SCAN,125.8,97.2,,
2026-06-12T15:09:48.534,1781269788,nicole,REACQUIRING,0.0,SEARCH,SCAN,SCAN,128.8,99.0,,
2026-06-12T15:09:48.747,1781269788,nicole,REACQUIRING,0.0,SEARCH,SCAN,SCAN,131.8,100.8,,
2026-06-12T15:09:48.847,1781269788,nicole,REACQUIRING,0.0,SEARCH,SCAN,SCAN,134.8,102.6,,
2026-06-12T15:09:48.935,1781269788,nicole,REACQUIRING,0.0,SEARCH,SCAN,SCAN,137.8,104.4,,
2026-06-12T15:09:49.050,1781269789,nicole,REACQUIRING,0.0,SEARCH,SCAN,SCAN,140.8,106.2,,
2026-06-12T15:09:49.143,1781269789,nicole,REACQUIRING,0.0,SEARCH,SCAN,SCAN,143.8,108.0,,
2026-06-12T15:09:49.243,1781269789,nicole,REACQUIRING,0.0,SEARCH,SCAN,SCAN,146.8,109.8,,
2026-06-12T15:09:49.355,1781269789,nicole,REACQUIRING,0.0,SEARCH,SCAN,SCAN,149.8,111.6,,
2026-06-12T15:09:49.454,1781269789,nicole,REACQUIRING,0.0,SEARCH,SCAN,SCAN,152.8,113.4,,
2026-06-12T15:09:49.549,1781269789,nicole,REACQUIRING,0.0,SEARCH,SCAN,SCAN,155.8,115.2,,
2026-06-12T15:09:49.640,1781269789,nicole,REACQUIRING,0.0,SEARCH,SCAN,SCAN,158.8,117.0,,
2026-06-12T15:09:49.761,1781269789,nicole,REACQUIRING,0.0,SEARCH,SCAN,SCAN,161.8,118.8,,
2026-06-12T15:09:49.852,1781269789,nicole,REACQUIRING,0.0,SEARCH,SCAN,SCAN,164.8,120.6,,
2026-06-12T15:09:49.945,1781269789,nicole,REACQUIRING,0.0,SEARCH,SCAN,SCAN,167.8,122.4,,
2026-06-12T15:09:50.064,1781269790,nicole,REACQUIRING,0.0,SEARCH,SCAN,SCAN,170.8,124.2,,
2026-06-12T15:09:50.160,1781269790,nicole,REACQUIRING,0.0,SEARCH,SCAN,SCAN,173.8,126.0,,
2026-06-12T15:09:50.254,1781269790,nicole,REACQUIRING,0.0,SEARCH,SCAN,SCAN,176.8,127.8,,
2026-06-12T15:09:50.353,1781269790,nicole,REACQUIRING,0.0,SEARCH,SCAN,SCAN,179.8,129.6,,
2026-06-12T15:09:50.461,1781269790,nicole,REACQUIRING,0.0,SEARCH,SCAN,SCAN,180.0,130.0,,
2026-06-12T15:09:50.557,1781269790,nicole,REACQUIRING,0.0,SEARCH,SCAN,SCAN,178.8,128.2,,
2026-06-12T15:09:50.650,1781269790,nicole,REACQUIRING,0.0,SEARCH,SCAN,SCAN,175.8,126.4,,
2026-06-12T15:09:50.766,1781269790,nicole,REACQUIRING,0.0,SEARCH,SCAN,SCAN,172.8,124.6,,
2026-06-12T15:09:50.858,1781269790,nicole,REACQUIRING,0.0,SEARCH,SCAN,SCAN,169.8,122.8,,
2026-06-12T15:09:50.956,1781269790,nicole,REACQUIRING,0.0,SEARCH,SCAN,SCAN,166.8,121.0,,
2026-06-12T15:09:51.054,1781269791,nicole,REACQUIRING,0.0,SEARCH,SCAN,SCAN,163.8,119.2,,
2026-06-12T15:09:51.153,1781269791,nicole,REACQUIRING,0.0,SEARCH,SCAN,SCAN,160.8,117.4,,
2026-06-12T15:09:51.253,1781269791,nicole,REACQUIRING,0.0,SEARCH,SCAN,SCAN,157.8,115.6,,
2026-06-12T15:09:51.353,1781269791,nicole,REACQUIRING,0.0,SEARCH,SCAN,SCAN,154.8,113.8,,
2026-06-12T15:09:51.469,1781269791,nicole,REACQUIRING,0.0,SEARCH,SCAN,SCAN,151.8,112.0,,
2026-06-12T15:09:51.552,1781269791,nicole,REACQUIRING,0.0,SEARCH,SCAN,SCAN,148.8,110.2,,
2026-06-12T15:09:51.662,1781269791,nicole,REACQUIRING,0.0,SEARCH,SCAN,SCAN,145.8,108.4,,
2026-06-12T15:09:51.750,1781269791,nicole,REACQUIRING,0.0,SEARCH,SCAN,SCAN,142.8,106.6,,
2026-06-12T15:09:51.867,1781269791,nicole,REACQUIRING,0.0,SEARCH,SCAN,SCAN,139.8,104.8,,
2026-06-12T15:09:51.963,1781269791,nicole,REACQUIRING,0.0,SEARCH,SCAN,SCAN,136.8,103.0,,
2026-06-12T15:09:52.062,1781269792,nicole,REACQUIRING,0.0,SEARCH,SCAN,SCAN,133.8,101.2,,
2026-06-12T15:09:52.171,1781269792,nicole,REACQUIRING,0.0,SEARCH,SCAN,SCAN,130.8,99.4,,
2026-06-12T15:09:52.262,1781269792,nicole,REACQUIRING,0.0,SEARCH,SCAN,SCAN,127.8,97.6,,
2026-06-12T15:09:52.359,1781269792,nicole,REACQUIRING,0.0,SEARCH,SCAN,SCAN,124.8,95.8,,
2026-06-12T15:09:52.469,1781269792,nicole,REACQUIRING,0.0,SEARCH,SCAN,SCAN,121.8,94.0,,
2026-06-12T15:09:52.567,1781269792,nicole,REACQUIRING,0.0,SEARCH,SCAN,SCAN,118.8,92.2,,
2026-06-12T15:09:52.656,1781269792,nicole,REACQUIRING,0.0,SEARCH,SCAN,SCAN,115.8,90.4,,
2026-06-12T15:09:52.759,1781269792,nicole,REACQUIRING,0.0,SEARCH,SCAN,SCAN,112.8,90.0,,
2026-06-12T15:09:52.871,1781269792,nicole,REACQUIRING,0.0,SEARCH,SCAN,SCAN,109.8,91.8,,
2026-06-12T15:09:52.966,1781269792,nicole,REACQUIRING,0.0,SEARCH,SCAN,SCAN,106.8,93.6,,
2026-06-12T15:09:53.062,1781269793,nicole,REACQUIRING,0.0,SEARCH,SCAN,SCAN,103.8,95.4,,
2026-06-12T15:09:53.183,1781269793,nicole,REACQUIRING,0.0,SEARCH,SCAN,SCAN,101.8,97.2,,
2026-06-12T15:09:53.267,1781269793,nicole,REACQUIRING,0.0,SEARCH,SCAN,SCAN,104.8,99.0,,
2026-06-12T15:09:53.365,1781269793,nicole,REACQUIRING,0.0,SEARCH,SCAN,SCAN,107.8,100.8,,
2026-06-12T15:09:53.463,1781269793,nicole,REACQUIRING,0.0,SEARCH,SCAN,SCAN,110.8,102.6,,
2026-06-12T15:09:53.577,1781269793,nicole,REACQUIRING,0.0,SEARCH,SCAN,SCAN,113.8,104.4,,
2026-06-12T15:09:53.671,1781269793,nicole,REACQUIRING,0.0,SEARCH,SCAN,SCAN,116.8,106.2,,
2026-06-12T15:09:53.773,1781269793,nicole,REACQUIRING,0.0,SEARCH,SCAN,SCAN,119.8,108.0,,
2026-06-12T15:09:53.877,1781269793,nicole,REACQUIRING,0.0,SEARCH,SCAN,SCAN,122.8,109.8,,
2026-06-12T15:09:53.975,1781269793,nicole,REACQUIRING,0.0,SEARCH,SCAN,SCAN,125.8,111.6,,
2026-06-12T15:09:54.070,1781269794,nicole,REACQUIRING,0.0,SEARCH,SCAN,SCAN,128.8,113.4,,
2026-06-12T15:09:54.165,1781269794,nicole,REACQUIRING,0.0,SEARCH,SCAN,SCAN,131.8,115.2,,
2026-06-12T15:09:54.284,1781269794,nicole,REACQUIRING,0.0,SEARCH,SCAN,SCAN,134.8,117.0,,
2026-06-12T15:09:54.381,1781269794,nicole,REACQUIRING,0.0,SEARCH,SCAN,SCAN,137.8,118.8,,
2026-06-12T15:09:54.472,1781269794,nicole,REACQUIRING,0.0,SEARCH,SCAN,SCAN,140.8,120.6,,
2026-06-12T15:09:54.586,1781269794,nicole,REACQUIRING,0.0,SEARCH,SCAN,SCAN,143.8,122.4,,
2026-06-12T15:09:54.685,1781269794,nicole,REACQUIRING,0.0,SEARCH,SCAN,SCAN,146.8,124.2,,
2026-06-12T15:09:54.782,1781269794,nicole,REACQUIRING,0.0,SEARCH,SCAN,SCAN,149.8,126.0,,
2026-06-12T15:09:54.874,1781269794,nicole,REACQUIRING,0.0,SEARCH,SCAN,SCAN,152.8,127.8,,
2026-06-12T15:09:54.977,1781269794,nicole,REACQUIRING,0.0,SEARCH,SCAN,SCAN,155.8,129.6,,
2026-06-12T15:09:55.082,1781269795,nicole,REACQUIRING,0.0,SEARCH,SCAN,SCAN,158.8,130.0,,
2026-06-12T15:09:55.175,1781269795,nicole,REACQUIRING,0.0,SEARCH,SCAN,SCAN,161.8,128.2,,
2026-06-12T15:09:55.284,1781269795,nicole,REACQUIRING,0.0,SEARCH,SCAN,SCAN,164.8,126.4,,
2026-06-12T15:09:55.382,1781269795,nicole,REACQUIRING,0.0,SEARCH,SCAN,SCAN,167.8,124.6,,
2026-06-12T15:09:55.477,1781269795,nicole,REACQUIRING,0.0,SEARCH,SCAN,SCAN,170.8,122.8,,
2026-06-12T15:09:55.569,1781269795,nicole,REACQUIRING,0.0,SEARCH,SCAN,SCAN,173.8,121.0,,
2026-06-12T15:09:55.688,1781269795,nicole,REACQUIRING,0.0,SEARCH,SCAN,SCAN,176.8,119.2,,
2026-06-12T15:09:55.785,1781269795,nicole,REACQUIRING,0.0,SEARCH,SCAN,SCAN,179.8,117.4,,
2026-06-12T15:09:55.876,1781269795,nicole,REACQUIRING,0.0,SEARCH,SCAN,SCAN,180.0,115.6,,
2026-06-12T15:09:55.991,1781269795,nicole,REACQUIRING,0.0,SEARCH,SCAN,SCAN,178.8,113.8,,
2026-06-12T15:09:56.087,1781269796,nicole,REACQUIRING,0.0,SEARCH,SCAN,SCAN,175.8,112.0,,
2026-06-12T15:09:56.183,1781269796,nicole,REACQUIRING,0.0,SEARCH,SCAN,SCAN,172.8,110.2,,
2026-06-12T15:09:56.273,1781269796,nicole,REACQUIRING,0.0,SEARCH,SCAN,SCAN,169.8,108.4,,
2026-06-12T15:09:56.394,1781269796,nicole,REACQUIRING,0.0,SEARCH,SCAN,SCAN,166.8,106.6,,
2026-06-12T15:09:56.491,1781269796,nicole,REACQUIRING,0.0,SEARCH,SCAN,SCAN,163.8,104.8,,
2026-06-12T15:09:56.589,1781269796,nicole,REACQUIRING,0.0,SEARCH,SCAN,SCAN,160.8,103.0,,
2026-06-12T15:09:56.689,1781269796,nicole,REACQUIRING,0.0,SEARCH,SCAN,SCAN,157.8,101.2,,
2026-06-12T15:09:56.797,1781269796,nicole,REACQUIRING,0.0,SEARCH,SCAN,SCAN,154.8,99.4,,
2026-06-12T15:09:56.889,1781269796,nicole,REACQUIRING,0.0,SEARCH,SCAN,SCAN,151.8,97.6,,
2026-06-12T15:09:56.999,1781269796,nicole,REACQUIRING,0.0,SEARCH,SCAN,SCAN,148.8,95.8,,
2026-06-12T15:09:57.195,1781269797,nicole,REACQUIRING,0.0,SEARCH,SCAN,SCAN,145.8,94.0,,
2026-06-12T15:09:57.397,1781269797,nicole,REACQUIRING,0.0,SEARCH,SCAN,SCAN,142.8,92.2,,
2026-06-12T15:09:57.590,1781269797,nicole,REACQUIRING,0.0,SEARCH,SCAN,SCAN,139.8,90.4,,
2026-06-12T15:09:57.801,1781269797,nicole,REACQUIRING,0.0,SEARCH,SCAN,SCAN,136.8,90.0,,
2026-06-12T15:09:57.990,1781269797,nicole,REACQUIRING,0.0,SEARCH,SCAN,SCAN,133.8,91.8,,
2026-06-12T15:09:58.198,1781269798,nicole,REACQUIRING,0.0,SEARCH,SCAN,SCAN,130.8,93.6,,
2026-06-12T15:09:58.390,1781269798,nicole,REACQUIRING,0.0,SEARCH,SCAN,SCAN,127.8,95.4,,
2026-06-12T15:09:58.598,1781269798,nicole,REACQUIRING,0.0,SEARCH,SCAN,SCAN,124.8,97.2,,
2026-06-12T15:09:58.792,1781269798,nicole,REACQUIRING,0.0,SEARCH,SCAN,SCAN,121.8,99.0,,
2026-06-12T15:09:59.001,1781269799,nicole,REACQUIRING,0.0,SEARCH,SCAN,SCAN,118.8,100.8,,
2026-06-12T15:09:59.189,1781269799,nicole,REACQUIRING,0.0,SEARCH,SCAN,SCAN,115.8,102.6,,
2026-06-12T15:09:59.398,1781269799,nicole,REACQUIRING,0.0,SEARCH,SCAN,SCAN,112.8,104.4,,
2026-06-12T15:09:59.598,1781269799,nicole,REACQUIRING,0.0,SEARCH,SCAN,SCAN,109.8,106.2,,
2026-06-12T15:09:59.800,1781269799,nicole,REACQUIRING,0.0,SEARCH,SCAN,SCAN,106.8,108.0,,
2026-06-12T15:10:00.010,1781269800,nicole,REACQUIRING,0.0,SEARCH,SCAN,SCAN,103.8,109.8,,
2026-06-12T15:10:00.202,1781269800,nicole,REACQUIRING,0.0,SEARCH,SCAN,SCAN,101.8,111.6,,
2026-06-12T15:10:00.409,1781269800,nicole,REACQUIRING,0.0,SEARCH,SCAN,SCAN,104.8,113.4,,
2026-06-12T15:10:00.603,1781269800,nicole,REACQUIRING,0.0,SEARCH,SCAN,SCAN,107.8,115.2,,
2026-06-12T15:10:00.811,1781269800,nicole,REACQUIRING,0.0,SEARCH,SCAN,SCAN,110.8,117.0,,
2026-06-12T15:10:01.001,1781269801,nicole,REACQUIRING,0.0,SEARCH,SCAN,SCAN,113.8,118.8,,
2026-06-12T15:10:01.110,1781269801,nicole,REACQUIRING,0.0,SEARCH,SCAN,SCAN,116.8,120.6,,
2026-06-12T15:10:01.209,1781269801,nicole,REACQUIRING,0.0,SEARCH,SCAN,SCAN,119.8,122.4,,
2026-06-12T15:10:01.302,1781269801,nicole,REACQUIRING,0.0,SEARCH,SCAN,SCAN,122.8,124.2,,
2026-06-12T15:10:01.399,1781269801,nicole,REACQUIRING,0.0,SEARCH,SCAN,SCAN,125.8,126.0,,
2026-06-12T15:10:01.516,1781269801,nicole,REACQUIRING,0.0,SEARCH,SCAN,SCAN,128.8,127.8,,
2026-06-12T15:10:01.603,1781269801,nicole,REACQUIRING,0.0,SEARCH,SCAN,SCAN,131.8,129.6,,
2026-06-12T15:10:01.712,1781269801,nicole,REACQUIRING,0.0,SEARCH,SCAN,SCAN,134.8,130.0,,
2026-06-12T15:10:01.815,1781269801,nicole,REACQUIRING,0.0,SEARCH,SCAN,SCAN,137.8,128.2,,
2026-06-12T15:10:01.913,1781269801,nicole,REACQUIRING,0.0,SEARCH,SCAN,SCAN,140.8,126.4,,
2026-06-12T15:10:02.003,1781269802,nicole,REACQUIRING,0.0,SEARCH,SCAN,SCAN,143.8,124.6,,
2026-06-12T15:10:02.107,1781269802,nicole,REACQUIRING,0.0,SEARCH,SCAN,SCAN,146.8,122.8,,
2026-06-12T15:10:02.215,1781269802,nicole,REACQUIRING,0.0,SEARCH,SCAN,SCAN,149.8,121.0,,
2026-06-12T15:10:02.314,1781269802,nicole,REACQUIRING,0.0,SEARCH,SCAN,SCAN,152.8,119.2,,
2026-06-12T15:10:02.410,1781269802,nicole,REACQUIRING,0.0,SEARCH,SCAN,SCAN,155.8,117.4,,
2026-06-12T15:10:02.519,1781269802,nicole,REACQUIRING,0.0,SEARCH,SCAN,SCAN,158.8,115.6,,
2026-06-12T15:10:02.713,1781269802,nicole,REACQUIRING,0.0,SEARCH,SCAN,SCAN,161.8,113.8,,
2026-06-12T15:10:02.922,1781269802,nicole,REACQUIRING,0.0,SEARCH,SCAN,SCAN,164.8,112.0,,
2026-06-12T15:10:03.114,1781269803,nicole,REACQUIRING,0.0,SEARCH,SCAN,SCAN,167.8,110.2,,
2026-06-12T15:10:03.317,1781269803,nicole,REACQUIRING,0.0,SEARCH,SCAN,SCAN,170.8,108.4,,
2026-06-12T15:10:03.509,1781269803,nicole,REACQUIRING,0.0,SEARCH,SCAN,SCAN,173.8,106.6,,
2026-06-12T15:10:03.720,1781269803,nicole,REACQUIRING,0.0,SEARCH,SCAN,SCAN,176.8,104.8,,
2026-06-12T15:10:03.917,1781269803,nicole,REACQUIRING,0.0,SEARCH,SCAN,SCAN,179.8,103.0,,
2026-06-12T15:10:04.121,1781269804,nicole,REACQUIRING,0.0,SEARCH,SCAN,SCAN,180.0,101.2,,
2026-06-12T15:10:04.309,1781269804,nicole,REACQUIRING,0.0,SEARCH,SCAN,SCAN,178.8,99.4,,
2026-06-12T15:10:04.523,1781269804,nicole,REACQUIRING,0.0,SEARCH,SCAN,SCAN,175.8,97.6,,
2026-06-12T15:10:04.710,1781269804,nicole,REACQUIRING,0.0,SEARCH,SCAN,SCAN,172.8,95.8,,
2026-06-12T15:10:04.824,1781269804,nicole,REACQUIRING,0.0,SEARCH,SCAN,SCAN,169.8,94.0,,
2026-06-12T15:10:04.919,1781269804,nicole,REACQUIRING,0.0,SEARCH,SCAN,SCAN,166.8,92.2,,
2026-06-12T15:10:05.019,1781269805,nicole,REACQUIRING,0.0,SEARCH,SCAN,SCAN,163.8,90.4,,
2026-06-12T15:10:05.134,1781269805,nicole,REACQUIRING,0.0,SEARCH,SCAN,SCAN,160.8,90.0,,
2026-06-12T15:10:05.217,1781269805,nicole,REACQUIRING,0.0,SEARCH,SCAN,SCAN,157.8,91.8,,
2026-06-12T15:10:05.317,1781269805,nicole,REACQUIRING,0.0,SEARCH,SCAN,SCAN,154.8,93.6,,
2026-06-12T15:10:05.415,1781269805,nicole,REACQUIRING,0.0,SEARCH,SCAN,SCAN,151.8,95.4,,
2026-06-12T15:10:05.524,1781269805,nicole,REACQUIRING,0.0,SEARCH,SCAN,SCAN,148.8,97.2,,
2026-06-12T15:10:05.616,1781269805,nicole,REACQUIRING,0.0,SEARCH,SCAN,SCAN,145.8,99.0,,
2026-06-12T15:10:05.715,1781269805,nicole,REACQUIRING,0.0,SEARCH,SCAN,SCAN,142.8,100.8,,
2026-06-12T15:10:05.837,1781269805,nicole,REACQUIRING,0.0,SEARCH,SCAN,SCAN,139.8,102.6,,
2026-06-12T15:10:05.923,1781269805,nicole,REACQUIRING,0.0,SEARCH,SCAN,SCAN,136.8,104.4,,
2026-06-12T15:10:06.023,1781269806,nicole,REACQUIRING,0.0,SEARCH,SCAN,SCAN,133.8,106.2,,
2026-06-12T15:10:06.137,1781269806,nicole,REACQUIRING,0.0,SEARCH,SCAN,SCAN,130.8,108.0,,
2026-06-12T15:10:06.225,1781269806,nicole,REACQUIRING,0.0,SEARCH,SCAN,SCAN,127.8,109.8,,
2026-06-12T15:10:06.326,1781269806,nicole,REACQUIRING,0.0,SEARCH,SCAN,SCAN,124.8,111.6,,
2026-06-12T15:10:06.417,1781269806,nicole,REACQUIRING,0.0,SEARCH,SCAN,SCAN,121.8,113.4,,
2026-06-12T15:10:06.538,1781269806,nicole,REACQUIRING,0.0,SEARCH,SCAN,SCAN,118.8,115.2,,
2026-06-12T15:10:06.637,1781269806,nicole,REACQUIRING,0.0,SEARCH,SCAN,SCAN,115.8,117.0,,
2026-06-12T15:10:06.730,1781269806,nicole,REACQUIRING,0.0,SEARCH,SCAN,SCAN,112.8,118.8,,
2026-06-12T15:10:06.842,1781269806,nicole,REACQUIRING,0.0,SEARCH,SCAN,SCAN,109.8,120.6,,
2026-06-12T15:10:06.949,1781269806,nicole,REACQUIRING,0.0,SEARCH,SCAN,SCAN,106.8,122.4,,
2026-06-12T15:10:07.033,1781269807,nicole,REACQUIRING,0.0,SEARCH,SCAN,SCAN,103.8,124.2,,
2026-06-12T15:10:07.132,1781269807,nicole,REACQUIRING,0.0,SEARCH,SCAN,SCAN,101.8,126.0,,
2026-06-12T15:10:07.241,1781269807,nicole,REACQUIRING,0.0,SEARCH,SCAN,SCAN,104.8,127.8,,
2026-06-12T15:10:07.334,1781269807,nicole,REACQUIRING,0.0,SEARCH,SCAN,SCAN,107.8,129.6,,
2026-06-12T15:10:07.436,1781269807,nicole,REACQUIRING,0.0,SEARCH,SCAN,SCAN,110.8,130.0,,
2026-06-12T15:10:07.546,1781269807,nicole,REACQUIRING,0.0,SEARCH,SCAN,SCAN,113.8,128.2,,
2026-06-12T15:10:07.638,1781269807,nicole,REACQUIRING,0.0,SEARCH,SCAN,SCAN,116.8,126.4,,
2026-06-12T15:10:07.740,1781269807,nicole,REACQUIRING,0.0,SEARCH,SCAN,SCAN,119.8,124.6,,
2026-06-12T15:10:07.831,1781269807,nicole,REACQUIRING,0.0,SEARCH,SCAN,SCAN,122.8,122.8,,
2026-06-12T15:10:07.950,1781269807,nicole,REACQUIRING,0.0,SEARCH,SCAN,SCAN,125.8,121.0,,
2026-06-12T15:10:08.040,1781269808,nicole,REACQUIRING,0.0,SEARCH,SCAN,SCAN,128.8,119.2,,
2026-06-12T15:10:08.140,1781269808,nicole,REACQUIRING,0.0,SEARCH,SCAN,SCAN,131.8,117.4,,
2026-06-12T15:10:08.342,1781269808,nicole,REACQUIRING,0.0,SEARCH,SCAN,SCAN,134.8,115.6,,
2026-06-12T15:10:08.538,1781269808,nicole,REACQUIRING,0.0,SEARCH,SCAN,SCAN,137.8,113.8,,
2026-06-12T15:10:08.744,1781269808,nicole,REACQUIRING,0.0,SEARCH,SCAN,SCAN,140.8,112.0,,
2026-06-12T15:10:08.933,1781269808,nicole,REACQUIRING,0.0,SEARCH,SCAN,SCAN,143.8,110.2,,
2026-06-12T15:10:09.141,1781269809,nicole,REACQUIRING,0.0,SEARCH,SCAN,SCAN,146.8,108.4,,
2026-06-12T15:10:09.336,1781269809,nicole,REACQUIRING,0.0,SEARCH,SCAN,SCAN,149.8,106.6,,
2026-06-12T15:10:09.445,1781269809,nicole,REACQUIRING,0.0,SEARCH,SCAN,SCAN,152.8,104.8,,
2026-06-12T15:10:09.543,1781269809,nicole,REACQUIRING,0.0,SEARCH,SCAN,SCAN,155.8,103.0,,
2026-06-12T15:10:09.644,1781269809,nicole,REACQUIRING,0.0,SEARCH,SCAN,SCAN,158.8,101.2,,
2026-06-12T15:10:09.756,1781269809,nicole,REACQUIRING,0.0,SEARCH,SCAN,SCAN,161.8,99.4,,
2026-06-12T15:10:09.849,1781269809,nicole,REACQUIRING,0.0,SEARCH,SCAN,SCAN,164.8,97.6,,
2026-06-12T15:10:09.946,1781269809,nicole,REACQUIRING,0.0,SEARCH,SCAN,SCAN,167.8,95.8,,
2026-06-12T15:10:10.051,1781269810,nicole,REACQUIRING,0.0,SEARCH,SCAN,SCAN,170.8,94.0,,
2026-06-12T15:10:10.149,1781269810,nicole,REACQUIRING,0.0,SEARCH,SCAN,SCAN,173.8,92.2,,
2026-06-12T15:10:10.252,1781269810,nicole,REACQUIRING,0.0,SEARCH,SCAN,SCAN,176.8,90.4,,
2026-06-12T15:10:10.352,1781269810,nicole,REACQUIRING,0.0,SEARCH,SCAN,SCAN,179.8,90.0,,
2026-06-12T15:10:10.454,1781269810,nicole,REACQUIRING,0.0,SEARCH,SCAN,SCAN,180.0,91.8,,
2026-06-12T15:10:10.557,1781269810,nicole,REACQUIRING,0.0,SEARCH,SCAN,SCAN,178.8,93.6,,
2026-06-12T15:10:10.650,1781269810,nicole,REACQUIRING,0.0,SEARCH,SCAN,SCAN,175.8,95.4,,
2026-06-12T15:10:10.766,1781269810,nicole,REACQUIRING,0.0,SEARCH,SCAN,SCAN,172.8,97.2,,
2026-06-12T15:10:10.911,1781269810,nicole,REACQUIRING,0.0,SEARCH,SCAN,SCAN,169.8,99.0,,
2026-06-12T15:10:10.953,1781269810,nicole,REACQUIRING,0.0,SEARCH,SCAN,SCAN,166.8,100.8,,
2026-06-12T15:10:11.093,1781269811,nicole,REACQUIRING,0.0,SEARCH,SCAN,SCAN,163.8,102.6,,
2026-06-12T15:10:11.197,1781269811,nicole,REACQUIRING,0.0,SEARCH,SCAN,SCAN,160.8,104.4,,
2026-06-12T15:10:11.291,1781269811,nicole,REACQUIRING,0.0,SEARCH,SCAN,SCAN,157.8,106.2,,
2026-06-12T15:10:11.402,1781269811,nicole,REACQUIRING,0.0,SEARCH,SCAN,SCAN,154.8,108.0,,
2026-06-12T15:10:11.500,1781269811,nicole,REACQUIRING,0.0,SEARCH,SCAN,SCAN,151.8,109.8,,
2026-06-12T15:10:11.596,1781269811,nicole,REACQUIRING,0.0,SEARCH,SCAN,SCAN,148.8,111.6,,
2026-06-12T15:10:11.707,1781269811,nicole,REACQUIRING,0.0,SEARCH,SCAN,SCAN,145.8,113.4,,
2026-06-12T15:10:11.792,1781269811,nicole,REACQUIRING,0.0,SEARCH,SCAN,SCAN,142.8,115.2,,
2026-06-12T15:10:11.902,1781269811,nicole,REACQUIRING,0.0,SEARCH,SCAN,SCAN,139.8,117.0,,
2026-06-12T15:10:12.001,1781269812,nicole,REACQUIRING,0.0,SEARCH,SCAN,SCAN,136.8,118.8,,
2026-06-12T15:10:12.092,1781269812,nicole,REACQUIRING,0.0,SEARCH,SCAN,SCAN,133.8,120.6,,
2026-06-12T15:10:12.203,1781269812,nicole,REACQUIRING,0.0,SEARCH,SCAN,SCAN,130.8,122.4,,
2026-06-12T15:10:12.298,1781269812,nicole,REACQUIRING,0.0,SEARCH,SCAN,SCAN,127.8,124.2,,
2026-06-12T15:10:12.433,1781269812,nicole,REACQUIRING,0.0,SEARCH,SCAN,SCAN,124.8,126.0,,
2026-06-12T15:10:12.496,1781269812,nicole,REACQUIRING,0.0,SEARCH,SCAN,SCAN,121.8,127.8,,
2026-06-12T15:10:12.605,1781269812,nicole,REACQUIRING,0.0,SEARCH,SCAN,SCAN,118.8,129.6,,
2026-06-12T15:10:12.705,1781269812,nicole,REACQUIRING,0.0,SEARCH,SCAN,SCAN,115.8,130.0,,
2026-06-12T15:10:12.797,1781269812,nicole,REACQUIRING,0.0,SEARCH,SCAN,SCAN,112.8,128.2,,
2026-06-12T15:10:12.910,1781269812,nicole,REACQUIRING,0.0,SEARCH,SCAN,SCAN,109.8,126.4,,
2026-06-12T15:10:13.019,1781269813,nicole,REACQUIRING,0.0,SEARCH,SCAN,SCAN,106.8,124.6,,
2026-06-12T15:10:13.104,1781269813,nicole,REACQUIRING,0.0,SEARCH,SCAN,SCAN,103.8,122.8,,
2026-06-12T15:10:13.173,1781269813,nicole,REACQUIRING,0.0,SEARCH,SCAN,SCAN,101.8,121.0,,
2026-06-12T15:10:13.308,1781269813,nicole,REACQUIRING,0.0,SEARCH,SCAN,SCAN,104.8,119.2,,
2026-06-12T15:10:13.360,1781269813,nicole,REACQUIRING,0.0,SEARCH,SCAN,SCAN,107.8,117.4,,
2026-06-12T15:10:13.504,1781269813,nicole,REACQUIRING,0.0,SEARCH,SCAN,SCAN,110.8,115.6,,
2026-06-12T15:10:13.615,1781269813,nicole,TRACKING,0.5702,MOVE_LEFT,LEFT,CENTERED,120.1,113.0,270,428
2026-06-12T15:10:13.874,1781269813,nicole,REACQUIRING,0.0,SEARCH,SCAN,SCAN,145.0,105.2,,
2026-06-12T15:10:13.974,1781269813,nicole,REACQUIRING,0.0,SEARCH,SCAN,SCAN,148.0,103.4,,
2026-06-12T15:10:14.207,1781269814,nicole,TRACKING,0.5509,MOVE_LEFT_DOWN,LEFT,DOWN,146.8,105.8,256,446
2026-06-12T15:10:14.413,1781269814,nicole,TRACKING,0.5623,MOVE_LEFT_DOWN,LEFT,DOWN,146.0,107.5,255,445
2026-06-12T15:10:14.509,1781269814,nicole,TRACKING,0.579,MOVE_LEFT_DOWN,LEFT,DOWN,145.5,108.6,255,445
2026-06-12T15:10:14.628,1781269814,nicole,TRACKING,0.5824,MOVE_LEFT_DOWN,LEFT,DOWN,145.1,109.6,254,448
2026-06-12T15:10:14.722,1781269814,nicole,TRACKING,0.5907,MOVE_LEFT_DOWN,LEFT,DOWN,144.7,110.5,258,450
2026-06-12T15:10:14.817,1781269814,nicole,TRACKING,0.6078,MOVE_LEFT_DOWN,LEFT,DOWN,144.1,111.0,264,449
2026-06-12T15:10:14.919,1781269814,nicole,TRACKING,0.597,MOVE_LEFT_DOWN,LEFT,DOWN,143.9,111.7,261,453
2026-06-12T15:10:15.021,1781269815,nicole,TRACKING,0.6046,MOVE_LEFT_DOWN,LEFT,DOWN,143.5,112.0,266,451
2026-06-12T15:10:15.116,1781269815,nicole,TRACKING,0.5767,MOVE_LEFT_DOWN,LEFT,DOWN,143.1,111.6,270,443
2026-06-12T15:10:15.217,1781269815,nicole,TRACKING,0.5979,MOVE_LEFT_DOWN,LEFT,DOWN,142.8,111.6,269,446
2026-06-12T15:10:15.323,1781269815,nicole,TRACKING,0.6031,MOVE_LEFT_DOWN,LEFT,DOWN,142.5,111.8,271,449
2026-06-12T15:10:15.420,1781269815,nicole,TRACKING,0.5759,MOVE_LEFT_DOWN,LEFT,DOWN,142.3,112.2,271,452
2026-06-12T15:10:15.516,1781269815,nicole,TRACKING,0.5894,MOVE_LEFT_DOWN,LEFT,DOWN,142.0,112.3,275,450
2026-06-12T15:10:15.614,1781269815,nicole,TRACKING,0.5608,MOVE_LEFT_DOWN,LEFT,DOWN,141.9,112.6,272,453
2026-06-12T15:10:15.724,1781269815,nicole,TRACKING,0.5908,MOVE_LEFT_DOWN,LEFT,DOWN,142.0,112.5,270,450
2026-06-12T15:10:15.919,1781269815,nicole,TRACKING,0.5603,MOVE_LEFT_DOWN,LEFT,DOWN,142.3,112.8,263,454
2026-06-12T15:10:16.387,1781269816,nicole,REACQUIRING,0.0,SEARCH,SCAN,SCAN,146.0,111.7,,
2026-06-12T15:10:16.481,1781269816,nicole,REACQUIRING,0.0,SEARCH,SCAN,SCAN,149.0,109.9,,
2026-06-12T15:10:16.577,1781269816,nicole,REACQUIRING,0.0,SEARCH,SCAN,SCAN,152.0,108.1,,
2026-06-12T15:10:16.689,1781269816,nicole,REACQUIRING,0.0,SEARCH,SCAN,SCAN,155.0,106.3,,
2026-06-12T15:10:16.791,1781269816,nicole,REACQUIRING,0.0,SEARCH,SCAN,SCAN,158.0,104.5,,
2026-06-12T15:10:16.888,1781269816,nicole,REACQUIRING,0.0,SEARCH,SCAN,SCAN,161.0,102.7,,
2026-06-12T15:10:16.997,1781269816,nicole,REACQUIRING,0.0,SEARCH,SCAN,SCAN,164.0,100.9,,
2026-06-12T15:10:17.094,1781269817,nicole,REACQUIRING,0.0,SEARCH,SCAN,SCAN,167.0,99.1,,
2026-06-12T15:10:17.189,1781269817,nicole,REACQUIRING,0.0,SEARCH,SCAN,SCAN,170.0,97.3,,
2026-06-12T15:10:17.290,1781269817,nicole,REACQUIRING,0.0,SEARCH,SCAN,SCAN,173.0,95.5,,
2026-06-12T15:10:17.399,1781269817,nicole,REACQUIRING,0.0,SEARCH,SCAN,SCAN,176.0,93.7,,
2026-06-12T15:10:17.495,1781269817,nicole,REACQUIRING,0.0,SEARCH,SCAN,SCAN,179.0,93.5,,
2026-06-12T15:10:17.589,1781269817,nicole,REACQUIRING,0.0,SEARCH,SCAN,SCAN,180.0,95.3,,
2026-06-12T15:10:17.702,1781269817,nicole,REACQUIRING,0.0,SEARCH,SCAN,SCAN,180.0,97.1,,
2026-06-12T15:10:17.799,1781269817,nicole,REACQUIRING,0.0,SEARCH,SCAN,SCAN,180.0,98.9,,
2026-06-12T15:10:17.895,1781269817,nicole,REACQUIRING,0.0,SEARCH,SCAN,SCAN,177.0,100.7,,
2026-06-12T15:10:17.993,1781269817,nicole,REACQUIRING,0.0,SEARCH,SCAN,SCAN,174.0,102.5,,
2026-06-12T15:10:18.107,1781269818,nicole,REACQUIRING,0.0,SEARCH,SCAN,SCAN,171.0,104.3,,
2026-06-12T15:10:18.201,1781269818,nicole,REACQUIRING,0.0,SEARCH,SCAN,SCAN,168.0,106.1,,
2026-06-12T15:10:18.294,1781269818,nicole,REACQUIRING,0.0,SEARCH,SCAN,SCAN,165.0,107.9,,
2026-06-12T15:10:18.405,1781269818,nicole,REACQUIRING,0.0,SEARCH,SCAN,SCAN,162.0,109.7,,
2026-06-12T15:10:18.504,1781269818,nicole,REACQUIRING,0.0,SEARCH,SCAN,SCAN,159.0,111.5,,
2026-06-12T15:10:18.605,1781269818,nicole,REACQUIRING,0.0,SEARCH,SCAN,SCAN,156.0,113.3,,
2026-06-12T15:10:18.700,1781269818,nicole,REACQUIRING,0.0,SEARCH,SCAN,SCAN,153.0,115.1,,
2026-06-12T15:10:18.811,1781269818,nicole,REACQUIRING,0.0,SEARCH,SCAN,SCAN,150.0,116.9,,
2026-06-12T15:10:18.902,1781269818,nicole,REACQUIRING,0.0,SEARCH,SCAN,SCAN,147.0,118.7,,
2026-06-12T15:10:18.997,1781269818,nicole,REACQUIRING,0.0,SEARCH,SCAN,SCAN,144.0,120.5,,
2026-06-12T15:10:19.106,1781269819,nicole,REACQUIRING,0.0,SEARCH,SCAN,SCAN,141.0,122.3,,
2026-06-12T15:10:19.213,1781269819,nicole,REACQUIRING,0.0,SEARCH,SCAN,SCAN,138.0,124.1,,
2026-06-12T15:10:19.306,1781269819,nicole,REACQUIRING,0.0,SEARCH,SCAN,SCAN,135.0,125.9,,
2026-06-12T15:10:19.396,1781269819,nicole,REACQUIRING,0.0,SEARCH,SCAN,SCAN,132.0,127.7,,
2026-06-12T15:10:19.507,1781269819,nicole,REACQUIRING,0.0,SEARCH,SCAN,SCAN,129.0,129.5,,
2026-06-12T15:10:19.607,1781269819,nicole,REACQUIRING,0.0,SEARCH,SCAN,SCAN,126.0,131.3,,
2026-06-12T15:10:19.709,1781269819,nicole,REACQUIRING,0.0,SEARCH,SCAN,SCAN,123.0,133.1,,
2026-06-12T15:10:19.823,1781269819,nicole,REACQUIRING,0.0,SEARCH,SCAN,SCAN,120.0,133.5,,
2026-06-12T15:10:19.905,1781269819,nicole,REACQUIRING,0.0,SEARCH,SCAN,SCAN,117.0,131.7,,
2026-06-12T15:10:20.006,1781269820,nicole,REACQUIRING,0.0,SEARCH,SCAN,SCAN,114.0,129.9,,
2026-06-12T15:10:20.123,1781269820,nicole,REACQUIRING,0.0,SEARCH,SCAN,SCAN,111.0,128.1,,
2026-06-12T15:10:20.219,1781269820,nicole,REACQUIRING,0.0,SEARCH,SCAN,SCAN,108.0,126.3,,
2026-06-12T15:10:20.317,1781269820,nicole,REACQUIRING,0.0,SEARCH,SCAN,SCAN,105.0,124.5,,
2026-06-12T15:10:20.413,1781269820,nicole,REACQUIRING,0.0,SEARCH,SCAN,SCAN,103.0,122.7,,
2026-06-12T15:10:20.518,1781269820,nicole,REACQUIRING,0.0,SEARCH,SCAN,SCAN,106.0,120.9,,
2026-06-12T15:10:20.616,1781269820,nicole,REACQUIRING,0.0,SEARCH,SCAN,SCAN,109.0,119.1,,
2026-06-12T15:10:20.709,1781269820,nicole,REACQUIRING,0.0,SEARCH,SCAN,SCAN,112.0,117.3,,
2026-06-12T15:10:20.828,1781269820,nicole,REACQUIRING,0.0,SEARCH,SCAN,SCAN,115.0,115.5,,
2026-06-12T15:10:20.923,1781269820,nicole,REACQUIRING,0.0,SEARCH,SCAN,SCAN,118.0,113.7,,
2026-06-12T15:10:21.016,1781269821,nicole,REACQUIRING,0.0,SEARCH,SCAN,SCAN,121.0,111.9,,
2026-06-12T15:10:21.115,1781269821,nicole,REACQUIRING,0.0,SEARCH,SCAN,SCAN,124.0,110.1,,
2026-06-12T15:10:21.222,1781269821,nicole,REACQUIRING,0.0,SEARCH,SCAN,SCAN,127.0,108.3,,
2026-06-12T15:10:21.321,1781269821,nicole,REACQUIRING,0.0,SEARCH,SCAN,SCAN,130.0,106.5,,
2026-06-12T15:10:21.409,1781269821,nicole,REACQUIRING,0.0,SEARCH,SCAN,SCAN,133.0,104.7,,
2026-06-12T15:10:21.537,1781269821,nicole,REACQUIRING,0.0,SEARCH,SCAN,SCAN,136.0,102.9,,
2026-06-12T15:10:21.707,1781269821,nicole,REACQUIRING,0.0,SEARCH,SCAN,SCAN,139.0,101.1,,
2026-06-12T15:10:21.780,1781269821,nicole,REACQUIRING,0.0,SEARCH,SCAN,SCAN,142.0,99.3,,
2026-06-12T15:10:21.863,1781269821,nicole,REACQUIRING,0.0,SEARCH,SCAN,SCAN,145.0,97.5,,
2026-06-12T15:10:21.967,1781269821,nicole,REACQUIRING,0.0,SEARCH,SCAN,SCAN,148.0,95.7,,
2026-06-12T15:10:22.066,1781269822,nicole,REACQUIRING,0.0,SEARCH,SCAN,SCAN,151.0,93.9,,
2026-06-12T15:10:22.156,1781269822,nicole,REACQUIRING,0.0,SEARCH,SCAN,SCAN,154.0,93.5,,
2026-06-12T15:10:22.272,1781269822,nicole,REACQUIRING,0.0,SEARCH,SCAN,SCAN,157.0,95.3,,
2026-06-12T15:10:22.364,1781269822,nicole,REACQUIRING,0.0,SEARCH,SCAN,SCAN,160.0,97.1,,
2026-06-12T15:10:22.459,1781269822,nicole,REACQUIRING,0.0,SEARCH,SCAN,SCAN,163.0,98.9,,
2026-06-12T15:10:22.555,1781269822,nicole,REACQUIRING,0.0,SEARCH,SCAN,SCAN,166.0,100.7,,
2026-06-12T15:10:22.667,1781269822,nicole,REACQUIRING,0.0,SEARCH,SCAN,SCAN,169.0,102.5,,
2026-06-12T15:10:22.766,1781269822,nicole,REACQUIRING,0.0,SEARCH,SCAN,SCAN,172.0,104.3,,
2026-06-12T15:10:22.886,1781269822,nicole,REACQUIRING,0.0,SEARCH,SCAN,SCAN,175.0,106.1,,
2026-06-12T15:10:22.998,1781269822,nicole,REACQUIRING,0.0,SEARCH,SCAN,SCAN,178.0,107.9,,
2026-06-12T15:10:23.069,1781269823,nicole,REACQUIRING,0.0,SEARCH,SCAN,SCAN,180.0,109.7,,
2026-06-12T15:10:23.121,1781269823,nicole,REACQUIRING,0.0,SEARCH,SCAN,SCAN,180.0,111.5,,
2026-06-12T15:10:23.234,1781269823,nicole,REACQUIRING,0.0,SEARCH,SCAN,SCAN,180.0,113.3,,
2026-06-12T15:10:23.329,1781269823,nicole,REACQUIRING,0.0,SEARCH,SCAN,SCAN,177.0,115.1,,
2026-06-12T15:10:23.425,1781269823,nicole,REACQUIRING,0.0,SEARCH,SCAN,SCAN,174.0,116.9,,
2026-06-12T15:10:23.521,1781269823,nicole,REACQUIRING,0.0,SEARCH,SCAN,SCAN,171.0,118.7,,
2026-06-12T15:10:23.633,1781269823,nicole,REACQUIRING,0.0,SEARCH,SCAN,SCAN,168.0,120.5,,
2026-06-12T15:10:23.832,1781269823,nicole,REACQUIRING,0.0,SEARCH,SCAN,SCAN,165.0,122.3,,
2026-06-12T15:10:23.945,1781269823,nicole,REACQUIRING,0.0,SEARCH,SCAN,SCAN,162.0,124.1,,
2026-06-12T15:10:24.039,1781269824,nicole,REACQUIRING,0.0,SEARCH,SCAN,SCAN,159.0,125.9,,
2026-06-12T15:10:24.137,1781269824,nicole,REACQUIRING,0.0,SEARCH,SCAN,SCAN,156.0,127.7,,
2026-06-12T15:10:24.238,1781269824,nicole,REACQUIRING,0.0,SEARCH,SCAN,SCAN,153.0,129.5,,
2026-06-12T15:10:24.341,1781269824,nicole,REACQUIRING,0.0,SEARCH,SCAN,SCAN,150.0,131.3,,
2026-06-12T15:10:24.438,1781269824,nicole,REACQUIRING,0.0,SEARCH,SCAN,SCAN,147.0,133.1,,
2026-06-12T15:10:24.537,1781269824,nicole,REACQUIRING,0.0,SEARCH,SCAN,SCAN,144.0,133.5,,
2026-06-12T15:10:24.648,1781269824,nicole,REACQUIRING,0.0,SEARCH,SCAN,SCAN,141.0,131.7,,
2026-06-12T15:10:24.742,1781269824,nicole,REACQUIRING,0.0,SEARCH,SCAN,SCAN,138.0,129.9,,
2026-06-12T15:10:24.837,1781269824,nicole,REACQUIRING,0.0,SEARCH,SCAN,SCAN,135.0,128.1,,
2026-06-12T15:10:24.938,1781269824,nicole,REACQUIRING,0.0,SEARCH,SCAN,SCAN,132.0,126.3,,
2026-06-12T15:10:25.040,1781269825,nicole,REACQUIRING,0.0,SEARCH,SCAN,SCAN,129.0,124.5,,
2026-06-12T15:10:25.141,1781269825,nicole,REACQUIRING,0.0,SEARCH,SCAN,SCAN,126.0,122.7,,
2026-06-12T15:10:25.238,1781269825,nicole,REACQUIRING,0.0,SEARCH,SCAN,SCAN,123.0,120.9,,
2026-06-12T15:10:25.350,1781269825,nicole,REACQUIRING,0.0,SEARCH,SCAN,SCAN,120.0,119.1,,
2026-06-12T15:10:25.445,1781269825,nicole,REACQUIRING,0.0,SEARCH,SCAN,SCAN,117.0,117.3,,
2026-06-12T15:10:25.546,1781269825,nicole,REACQUIRING,0.0,SEARCH,SCAN,SCAN,114.0,115.5,,
2026-06-12T15:10:25.638,1781269825,nicole,REACQUIRING,0.0,SEARCH,SCAN,SCAN,111.0,113.7,,
2026-06-12T15:10:25.749,1781269825,nicole,REACQUIRING,0.0,SEARCH,SCAN,SCAN,108.0,111.9,,
2026-06-12T15:10:25.849,1781269825,nicole,REACQUIRING,0.0,SEARCH,SCAN,SCAN,105.0,110.1,,
2026-06-12T15:10:25.938,1781269825,nicole,REACQUIRING,0.0,SEARCH,SCAN,SCAN,103.0,108.3,,
2026-06-12T15:10:26.057,1781269826,nicole,REACQUIRING,0.0,SEARCH,SCAN,SCAN,106.0,106.5,,
2026-06-12T15:10:26.150,1781269826,nicole,REACQUIRING,0.0,SEARCH,SCAN,SCAN,109.0,104.7,,
2026-06-12T15:10:26.245,1781269826,nicole,REACQUIRING,0.0,SEARCH,SCAN,SCAN,112.0,102.9,,
2026-06-12T15:10:26.338,1781269826,nicole,REACQUIRING,0.0,SEARCH,SCAN,SCAN,115.0,101.1,,
2026-06-12T15:10:26.456,1781269826,nicole,REACQUIRING,0.0,SEARCH,SCAN,SCAN,118.0,99.3,,
2026-06-12T15:10:26.551,1781269826,nicole,REACQUIRING,0.0,SEARCH,SCAN,SCAN,121.0,97.5,,
2026-06-12T15:10:26.648,1781269826,nicole,REACQUIRING,0.0,SEARCH,SCAN,SCAN,124.0,95.7,,
2026-06-12T15:10:26.756,1781269826,nicole,REACQUIRING,0.0,SEARCH,SCAN,SCAN,127.0,93.9,,
2026-06-12T15:10:26.849,1781269826,nicole,REACQUIRING,0.0,SEARCH,SCAN,SCAN,130.0,93.5,,
2026-06-12T15:10:26.951,1781269826,nicole,REACQUIRING,0.0,SEARCH,SCAN,SCAN,133.0,95.3,,
2026-06-12T15:10:27.061,1781269827,nicole,REACQUIRING,0.0,SEARCH,SCAN,SCAN,136.0,97.1,,
2026-06-12T15:10:27.161,1781269827,nicole,REACQUIRING,0.0,SEARCH,SCAN,SCAN,139.0,98.9,,
2026-06-12T15:10:27.259,1781269827,nicole,REACQUIRING,0.0,SEARCH,SCAN,SCAN,142.0,100.7,,
2026-06-12T15:10:27.347,1781269827,nicole,REACQUIRING,0.0,SEARCH,SCAN,SCAN,145.0,102.5,,
2026-06-12T15:10:27.464,1781269827,nicole,REACQUIRING,0.0,SEARCH,SCAN,SCAN,148.0,104.3,,
2026-06-12T15:10:27.561,1781269827,nicole,REACQUIRING,0.0,SEARCH,SCAN,SCAN,151.0,106.1,,
2026-06-12T15:10:27.656,1781269827,nicole,REACQUIRING,0.0,SEARCH,SCAN,SCAN,154.0,107.9,,
2026-06-12T15:10:27.773,1781269827,nicole,REACQUIRING,0.0,SEARCH,SCAN,SCAN,157.0,109.7,,
2026-06-12T15:10:27.862,1781269827,nicole,REACQUIRING,0.0,SEARCH,SCAN,SCAN,160.0,111.5,,
2026-06-12T15:10:27.959,1781269827,nicole,REACQUIRING,0.0,SEARCH,SCAN,SCAN,163.0,113.3,,
2026-06-12T15:10:28.057,1781269828,nicole,REACQUIRING,0.0,SEARCH,SCAN,SCAN,166.0,115.1,,
2026-06-12T15:10:28.168,1781269828,nicole,REACQUIRING,0.0,SEARCH,SCAN,SCAN,169.0,116.9,,
2026-06-12T15:10:28.256,1781269828,nicole,REACQUIRING,0.0,SEARCH,SCAN,SCAN,172.0,118.7,,
2026-06-12T15:10:28.363,1781269828,nicole,REACQUIRING,0.0,SEARCH,SCAN,SCAN,175.0,120.5,,
2026-06-12T15:10:28.474,1781269828,nicole,REACQUIRING,0.0,SEARCH,SCAN,SCAN,178.0,122.3,,
2026-06-12T15:10:28.573,1781269828,nicole,REACQUIRING,0.0,SEARCH,SCAN,SCAN,180.0,124.1,,
2026-06-12T15:10:28.662,1781269828,nicole,REACQUIRING,0.0,SEARCH,SCAN,SCAN,180.0,125.9,,
2026-06-12T15:10:28.759,1781269828,nicole,REACQUIRING,0.0,SEARCH,SCAN,SCAN,180.0,127.7,,
2026-06-12T15:10:28.872,1781269828,nicole,REACQUIRING,0.0,SEARCH,SCAN,SCAN,177.0,129.5,,
2026-06-12T15:10:28.972,1781269828,nicole,REACQUIRING,0.0,SEARCH,SCAN,SCAN,174.0,131.3,,
2026-06-12T15:10:29.057,1781269829,nicole,REACQUIRING,0.0,SEARCH,SCAN,SCAN,171.0,133.1,,
2026-06-12T15:10:29.177,1781269829,nicole,REACQUIRING,0.0,SEARCH,SCAN,SCAN,168.0,133.5,,
2026-06-12T15:10:29.337,1781269829,nicole,TRACKING,0.5865,MOVE_LEFT_DOWN,LEFT,DOWN,156.0,129.8,370,485
2026-06-12T15:10:29.617,1781269829,nicole,TRACKING,0.6736,MOVE_LEFT_DOWN,LEFT,DOWN,144.1,126.1,452,469
2026-06-12T15:10:29.706,1781269829,nicole,TRACKING,0.6472,MOVE_LEFT_DOWN,LEFT,DOWN,135.7,122.6,455,458
2026-06-12T15:10:29.804,1781269829,nicole,TRACKING,0.7258,MOVE_LEFT_DOWN,LEFT,DOWN,131.1,119.0,425,442
2026-06-12T15:10:29.922,1781269829,nicole,TRACKING,0.7132,MOVE_LEFT_DOWN,LEFT,DOWN,128.1,116.8,417,447
2026-06-12T15:10:30.115,1781269830,nicole,TRACKING,0.5531,MOVE_LEFT_DOWN,LEFT,DOWN,124.8,115.0,449,443
2026-06-12T15:10:30.425,1781269830,nicole,TRACKING,0.5764,MOVE_DOWN,CENTERED,DOWN,118.0,114.5,552,454
2026-06-12T15:10:30.817,1781269830,nicole,TRACKING,0.5512,MOVE_DOWN,CENTERED,DOWN,113.7,113.6,544,445
2026-06-12T15:10:31.342,1781269831,nicole,TRACKING,0.572,MOVE_LEFT_DOWN,LEFT,DOWN,119.9,112.6,324,441
2026-06-12T15:10:31.423,1781269831,nicole,TRACKING,0.6921,MOVE_LEFT_DOWN,LEFT,DOWN,124.7,111.6,313,437
2026-06-12T15:10:31.779,1781269831,nicole,REACQUIRING,0.0,SEARCH,SCAN,SCAN,133.0,107.4,,
2026-06-12T15:10:31.874,1781269831,nicole,REACQUIRING,0.0,SEARCH,SCAN,SCAN,130.0,105.6,,
2026-06-12T15:10:31.985,1781269831,nicole,REACQUIRING,0.0,SEARCH,SCAN,SCAN,127.0,103.8,,
2026-06-12T15:10:32.083,1781269832,nicole,REACQUIRING,0.0,SEARCH,SCAN,SCAN,124.0,102.0,,
2026-06-12T15:10:32.184,1781269832,nicole,REACQUIRING,0.0,SEARCH,SCAN,SCAN,121.0,100.2,,
2026-06-12T15:10:32.294,1781269832,nicole,REACQUIRING,0.0,SEARCH,SCAN,SCAN,118.0,98.4,,
2026-06-12T15:10:32.387,1781269832,nicole,REACQUIRING,0.0,SEARCH,SCAN,SCAN,115.0,96.6,,
2026-06-12T15:10:32.490,1781269832,nicole,REACQUIRING,0.0,SEARCH,SCAN,SCAN,112.0,94.8,,
2026-06-12T15:10:32.585,1781269832,nicole,REACQUIRING,0.0,SEARCH,SCAN,SCAN,109.0,93.0,,
2026-06-12T15:10:32.697,1781269832,nicole,REACQUIRING,0.0,SEARCH,SCAN,SCAN,106.0,91.2,,
2026-06-12T15:10:32.792,1781269832,nicole,REACQUIRING,0.0,SEARCH,SCAN,SCAN,103.0,89.4,,
2026-06-12T15:10:32.890,1781269832,nicole,REACQUIRING,0.0,SEARCH,SCAN,SCAN,100.0,89.2,,
2026-06-12T15:10:32.999,1781269832,nicole,REACQUIRING,0.0,SEARCH,SCAN,SCAN,97.0,91.0,,
2026-06-12T15:10:33.095,1781269833,nicole,REACQUIRING,0.0,SEARCH,SCAN,SCAN,96.0,92.8,,
2026-06-12T15:10:33.189,1781269833,nicole,REACQUIRING,0.0,SEARCH,SCAN,SCAN,99.0,94.6,,
2026-06-12T15:10:33.288,1781269833,nicole,REACQUIRING,0.0,SEARCH,SCAN,SCAN,102.0,96.4,,
2026-06-12T15:10:33.396,1781269833,nicole,REACQUIRING,0.0,SEARCH,SCAN,SCAN,105.0,98.2,,
2026-06-12T15:10:33.495,1781269833,nicole,REACQUIRING,0.0,SEARCH,SCAN,SCAN,108.0,100.0,,
2026-06-12T15:10:33.594,1781269833,nicole,REACQUIRING,0.0,SEARCH,SCAN,SCAN,111.0,101.8,,
2026-06-12T15:10:33.704,1781269833,nicole,REACQUIRING,0.0,SEARCH,SCAN,SCAN,114.0,103.6,,
2026-06-12T15:10:33.800,1781269833,nicole,REACQUIRING,0.0,SEARCH,SCAN,SCAN,117.0,105.4,,
2026-06-12T15:10:33.896,1781269833,nicole,REACQUIRING,0.0,SEARCH,SCAN,SCAN,120.0,107.2,,
2026-06-12T15:10:34.006,1781269834,nicole,REACQUIRING,0.0,SEARCH,SCAN,SCAN,123.0,109.0,,
2026-06-12T15:10:34.108,1781269834,nicole,REACQUIRING,0.0,SEARCH,SCAN,SCAN,126.0,110.8,,
2026-06-12T15:10:34.198,1781269834,nicole,REACQUIRING,0.0,SEARCH,SCAN,SCAN,129.0,112.6,,
2026-06-12T15:10:34.294,1781269834,nicole,REACQUIRING,0.0,SEARCH,SCAN,SCAN,132.0,114.4,,
2026-06-12T15:10:34.412,1781269834,nicole,REACQUIRING,0.0,SEARCH,SCAN,SCAN,135.0,116.2,,
2026-06-12T15:10:34.503,1781269834,nicole,REACQUIRING,0.0,SEARCH,SCAN,SCAN,138.0,118.0,,
2026-06-12T15:10:34.602,1781269834,nicole,REACQUIRING,0.0,SEARCH,SCAN,SCAN,141.0,119.8,,
2026-06-12T15:10:34.712,1781269834,nicole,REACQUIRING,0.0,SEARCH,SCAN,SCAN,144.0,121.6,,
2026-06-12T15:10:34.807,1781269834,nicole,REACQUIRING,0.0,SEARCH,SCAN,SCAN,147.0,123.4,,
2026-06-12T15:10:34.902,1781269834,nicole,REACQUIRING,0.0,SEARCH,SCAN,SCAN,150.0,125.2,,
2026-06-12T15:10:34.992,1781269834,nicole,REACQUIRING,0.0,SEARCH,SCAN,SCAN,153.0,127.0,,
2026-06-12T15:10:35.110,1781269835,nicole,REACQUIRING,0.0,SEARCH,SCAN,SCAN,156.0,128.8,,
2026-06-12T15:10:35.211,1781269835,nicole,REACQUIRING,0.0,SEARCH,SCAN,SCAN,159.0,129.2,,
2026-06-12T15:10:35.308,1781269835,nicole,REACQUIRING,0.0,SEARCH,SCAN,SCAN,162.0,127.4,,
2026-06-12T15:10:35.418,1781269835,nicole,REACQUIRING,0.0,SEARCH,SCAN,SCAN,165.0,125.6,,
2026-06-12T15:10:35.514,1781269835,nicole,REACQUIRING,0.0,SEARCH,SCAN,SCAN,168.0,123.8,,
2026-06-12T15:10:35.609,1781269835,nicole,REACQUIRING,0.0,SEARCH,SCAN,SCAN,171.0,122.0,,
2026-06-12T15:10:35.703,1781269835,nicole,REACQUIRING,0.0,SEARCH,SCAN,SCAN,174.0,120.2,,
2026-06-12T15:10:35.904,1781269835,nicole,REACQUIRING,0.0,SEARCH,SCAN,SCAN,176.0,118.4,,
2026-06-12T15:10:35.986,1781269835,nicole,REACQUIRING,0.0,SEARCH,SCAN,SCAN,173.0,116.6,,
2026-06-12T15:10:36.048,1781269836,nicole,REACQUIRING,0.0,SEARCH,SCAN,SCAN,170.0,114.8,,
2026-06-12T15:10:36.182,1781269836,nicole,REACQUIRING,0.0,SEARCH,SCAN,SCAN,167.0,113.0,,
2026-06-12T15:10:36.255,1781269836,nicole,REACQUIRING,0.0,SEARCH,SCAN,SCAN,164.0,111.2,,
2026-06-12T15:10:36.346,1781269836,nicole,REACQUIRING,0.0,SEARCH,SCAN,SCAN,161.0,109.4,,
2026-06-12T15:10:36.444,1781269836,nicole,REACQUIRING,0.0,SEARCH,SCAN,SCAN,158.0,107.6,,
2026-06-12T15:10:36.555,1781269836,nicole,REACQUIRING,0.0,SEARCH,SCAN,SCAN,155.0,105.8,,
2026-06-12T15:10:36.653,1781269836,nicole,REACQUIRING,0.0,SEARCH,SCAN,SCAN,152.0,104.0,,
2026-06-12T15:10:36.748,1781269836,nicole,REACQUIRING,0.0,SEARCH,SCAN,SCAN,149.0,102.2,,
2026-06-12T15:10:36.860,1781269836,nicole,REACQUIRING,0.0,SEARCH,SCAN,SCAN,146.0,100.4,,
2026-06-12T15:10:36.957,1781269836,nicole,REACQUIRING,0.0,SEARCH,SCAN,SCAN,143.0,98.6,,
2026-06-12T15:10:37.074,1781269837,nicole,REACQUIRING,0.0,SEARCH,SCAN,SCAN,140.0,96.8,,
2026-06-12T15:10:37.148,1781269837,nicole,REACQUIRING,0.0,SEARCH,SCAN,SCAN,137.0,95.0,,
2026-06-12T15:10:37.271,1781269837,nicole,REACQUIRING,0.0,SEARCH,SCAN,SCAN,134.0,93.2,,
2026-06-12T15:10:37.358,1781269837,nicole,REACQUIRING,0.0,SEARCH,SCAN,SCAN,131.0,91.4,,
2026-06-12T15:10:37.453,1781269837,nicole,REACQUIRING,0.0,SEARCH,SCAN,SCAN,128.0,89.6,,
2026-06-12T15:10:37.565,1781269837,nicole,REACQUIRING,0.0,SEARCH,SCAN,SCAN,125.0,89.2,,
2026-06-12T15:10:37.660,1781269837,nicole,REACQUIRING,0.0,SEARCH,SCAN,SCAN,122.0,91.0,,
2026-06-12T15:10:37.756,1781269837,nicole,REACQUIRING,0.0,SEARCH,SCAN,SCAN,119.0,92.8,,
2026-06-12T15:10:37.876,1781269837,nicole,REACQUIRING,0.0,SEARCH,SCAN,SCAN,116.0,94.6,,
2026-06-12T15:10:37.965,1781269837,nicole,REACQUIRING,0.0,SEARCH,SCAN,SCAN,113.0,96.4,,
2026-06-12T15:10:38.062,1781269838,nicole,REACQUIRING,0.0,SEARCH,SCAN,SCAN,110.0,98.2,,
2026-06-12T15:10:38.154,1781269838,nicole,REACQUIRING,0.0,SEARCH,SCAN,SCAN,107.0,100.0,,
2026-06-12T15:10:38.285,1781269838,nicole,REACQUIRING,0.0,SEARCH,SCAN,SCAN,104.0,101.8,,
2026-06-12T15:10:38.366,1781269838,nicole,REACQUIRING,0.0,SEARCH,SCAN,SCAN,101.0,103.6,,
2026-06-12T15:10:38.461,1781269838,nicole,REACQUIRING,0.0,SEARCH,SCAN,SCAN,98.0,105.4,,
2026-06-12T15:10:38.610,1781269838,nicole,REACQUIRING,0.0,SEARCH,SCAN,SCAN,96.0,107.2,,
2026-06-12T15:10:38.707,1781269838,nicole,REACQUIRING,0.0,SEARCH,SCAN,SCAN,99.0,109.0,,
2026-06-12T15:10:38.781,1781269838,nicole,REACQUIRING,0.0,SEARCH,SCAN,SCAN,102.0,110.8,,
2026-06-12T15:10:38.872,1781269838,nicole,REACQUIRING,0.0,SEARCH,SCAN,SCAN,105.0,112.6,,
2026-06-12T15:10:38.975,1781269838,nicole,REACQUIRING,0.0,SEARCH,SCAN,SCAN,108.0,114.4,,
2026-06-12T15:10:39.070,1781269839,nicole,REACQUIRING,0.0,SEARCH,SCAN,SCAN,111.0,116.2,,
2026-06-12T15:10:39.176,1781269839,nicole,REACQUIRING,0.0,SEARCH,SCAN,SCAN,114.0,118.0,,
2026-06-12T15:10:39.278,1781269839,nicole,REACQUIRING,0.0,SEARCH,SCAN,SCAN,117.0,119.8,,
2026-06-12T15:10:39.375,1781269839,nicole,REACQUIRING,0.0,SEARCH,SCAN,SCAN,120.0,121.6,,
2026-06-12T15:10:39.473,1781269839,nicole,REACQUIRING,0.0,SEARCH,SCAN,SCAN,123.0,123.4,,
2026-06-12T15:10:39.567,1781269839,nicole,REACQUIRING,0.0,SEARCH,SCAN,SCAN,126.0,125.2,,
2026-06-12T15:10:39.676,1781269839,nicole,REACQUIRING,0.0,SEARCH,SCAN,SCAN,129.0,127.0,,
2026-06-12T15:10:39.772,1781269839,nicole,REACQUIRING,0.0,SEARCH,SCAN,SCAN,132.0,128.8,,
2026-06-12T15:10:39.869,1781269839,nicole,REACQUIRING,0.0,SEARCH,SCAN,SCAN,135.0,129.2,,
2026-06-12T15:10:39.983,1781269839,nicole,REACQUIRING,0.0,SEARCH,SCAN,SCAN,138.0,127.4,,
2026-06-12T15:10:40.077,1781269840,nicole,REACQUIRING,0.0,SEARCH,SCAN,SCAN,141.0,125.6,,
2026-06-12T15:10:40.173,1781269840,nicole,REACQUIRING,0.0,SEARCH,SCAN,SCAN,144.0,123.8,,
2026-06-12T15:10:40.269,1781269840,nicole,REACQUIRING,0.0,SEARCH,SCAN,SCAN,147.0,122.0,,
2026-06-12T15:10:40.379,1781269840,nicole,REACQUIRING,0.0,SEARCH,SCAN,SCAN,150.0,120.2,,
2026-06-12T15:10:40.481,1781269840,nicole,REACQUIRING,0.0,SEARCH,SCAN,SCAN,153.0,118.4,,
2026-06-12T15:10:40.573,1781269840,nicole,REACQUIRING,0.0,SEARCH,SCAN,SCAN,156.0,116.6,,
2026-06-12T15:10:40.693,1781269840,nicole,REACQUIRING,0.0,SEARCH,SCAN,SCAN,159.0,114.8,,
2026-06-12T15:10:40.790,1781269840,nicole,REACQUIRING,0.0,SEARCH,SCAN,SCAN,162.0,113.0,,
2026-06-12T15:10:40.888,1781269840,nicole,REACQUIRING,0.0,SEARCH,SCAN,SCAN,165.0,111.2,,
2026-06-12T15:10:40.972,1781269840,nicole,REACQUIRING,0.0,SEARCH,SCAN,SCAN,168.0,109.4,,
2026-06-12T15:10:41.084,1781269841,nicole,REACQUIRING,0.0,SEARCH,SCAN,SCAN,171.0,107.6,,
2026-06-12T15:10:41.180,1781269841,nicole,REACQUIRING,0.0,SEARCH,SCAN,SCAN,174.0,105.8,,
2026-06-12T15:10:41.279,1781269841,nicole,REACQUIRING,0.0,SEARCH,SCAN,SCAN,176.0,104.0,,
2026-06-12T15:10:41.390,1781269841,nicole,REACQUIRING,0.0,SEARCH,SCAN,SCAN,173.0,102.2,,
2026-06-12T15:10:41.493,1781269841,nicole,REACQUIRING,0.0,SEARCH,SCAN,SCAN,170.0,100.4,,
2026-06-12T15:10:41.585,1781269841,nicole,REACQUIRING,0.0,SEARCH,SCAN,SCAN,167.0,98.6,,
2026-06-12T15:10:41.698,1781269841,nicole,REACQUIRING,0.0,SEARCH,SCAN,SCAN,164.0,96.8,,
2026-06-12T15:10:41.793,1781269841,nicole,REACQUIRING,0.0,SEARCH,SCAN,SCAN,161.0,95.0,,
2026-06-12T15:10:41.920,1781269841,nicole,REACQUIRING,0.0,SEARCH,SCAN,SCAN,158.0,93.2,,
2026-06-12T15:10:41.987,1781269841,nicole,REACQUIRING,0.0,SEARCH,SCAN,SCAN,155.0,91.4,,
2026-06-12T15:10:42.093,1781269842,nicole,REACQUIRING,0.0,SEARCH,SCAN,SCAN,152.0,89.6,,
2026-06-12T15:10:42.208,1781269842,nicole,REACQUIRING,0.0,SEARCH,SCAN,SCAN,149.0,89.2,,
2026-06-12T15:10:42.299,1781269842,nicole,REACQUIRING,0.0,SEARCH,SCAN,SCAN,146.0,91.0,,
2026-06-12T15:10:42.403,1781269842,nicole,REACQUIRING,0.0,SEARCH,SCAN,SCAN,143.0,92.8,,
2026-06-12T15:10:42.494,1781269842,nicole,REACQUIRING,0.0,SEARCH,SCAN,SCAN,140.0,94.6,,
2026-06-12T15:10:42.588,1781269842,nicole,REACQUIRING,0.0,SEARCH,SCAN,SCAN,137.0,96.4,,
2026-06-12T15:10:42.718,1781269842,nicole,REACQUIRING,0.0,SEARCH,SCAN,SCAN,134.0,98.2,,
2026-06-12T15:10:42.804,1781269842,nicole,REACQUIRING,0.0,SEARCH,SCAN,SCAN,131.0,100.0,,
2026-06-12T15:10:42.893,1781269842,nicole,REACQUIRING,0.0,SEARCH,SCAN,SCAN,128.0,101.8,,
2026-06-12T15:10:42.995,1781269842,nicole,REACQUIRING,0.0,SEARCH,SCAN,SCAN,125.0,103.6,,
2026-06-12T15:10:43.099,1781269843,nicole,REACQUIRING,0.0,SEARCH,SCAN,SCAN,122.0,105.4,,
2026-06-12T15:10:43.226,1781269843,nicole,REACQUIRING,0.0,SEARCH,SCAN,SCAN,119.0,107.2,,
2026-06-12T15:10:43.326,1781269843,nicole,TRACKING,0.6031,CENTERED,CENTERED,CENTERED,112.8,107.0,580,426
2026-06-12T15:10:43.397,1781269843,nicole,TRACKING,0.5791,CENTERED,CENTERED,CENTERED,108.5,107.1,580,429
2026-06-12T15:10:43.503,1781269843,nicole,TRACKING,0.5597,CENTERED,CENTERED,CENTERED,105.4,106.9,583,426
2026-06-12T15:10:43.597,1781269843,nicole,TRACKING,0.5719,CENTERED,CENTERED,CENTERED,102.9,107.0,590,429
2026-06-12T15:10:43.694,1781269843,nicole,TRACKING,0.5615,CENTERED,CENTERED,CENTERED,101.0,107.2,592,430
2026-06-12T15:10:43.805,1781269843,nicole,TRACKING,0.5942,CENTERED,CENTERED,CENTERED,99.7,107.3,594,430
2026-06-12T15:10:43.901,1781269843,nicole,TRACKING,0.5538,CENTERED,CENTERED,CENTERED,98.4,107.3,600,429
2026-06-12T15:10:44.306,1781269844,nicole,TRACKING,0.5506,CENTERED,CENTERED,CENTERED,97.0,107.4,614,431
2026-06-12T15:10:44.508,1781269844,nicole,TRACKING,0.5699,MOVE_DOWN,CENTERED,DOWN,96.0,107.7,613,433
2026-06-12T15:10:44.605,1781269844,nicole,TRACKING,0.5525,CENTERED,CENTERED,CENTERED,95.5,107.6,610,430
2026-06-12T15:10:44.709,1781269844,nicole,TRACKING,0.6138,CENTERED,CENTERED,CENTERED,95.0,107.6,612,430
2026-06-12T15:10:44.806,1781269844,nicole,TRACKING,0.6617,CENTERED,CENTERED,CENTERED,94.5,106.7,616,418
2026-06-12T15:10:44.910,1781269844,nicole,TRACKING,0.7075,CENTERED,CENTERED,CENTERED,94.0,105.7,621,414
2026-06-12T15:10:45.007,1781269845,nicole,TRACKING,0.608,CENTERED,CENTERED,CENTERED,93.1,105.4,632,419
2026-06-12T15:10:45.101,1781269845,nicole,TRACKING,0.7337,CENTERED,CENTERED,CENTERED,91.9,104.8,647,414
2026-06-12T15:10:45.211,1781269845,nicole,TRACKING,0.7651,CENTERED,CENTERED,CENTERED,90.9,104.0,651,408
2026-06-12T15:10:45.308,1781269845,nicole,TRACKING,0.7601,CENTERED,CENTERED,CENTERED,89.8,103.2,660,406
2026-06-12T15:10:45.404,1781269845,nicole,TRACKING,0.726,CENTERED,CENTERED,CENTERED,88.4,102.8,673,407
2026-06-12T15:10:45.517,1781269845,nicole,TRACKING,0.6272,CENTERED,CENTERED,CENTERED,87.0,103.0,685,414
2026-06-12T15:10:45.614,1781269845,nicole,TRACKING,0.5608,CENTERED,CENTERED,CENTERED,85.5,103.2,698,415
2026-06-12T15:10:45.708,1781269845,nicole,TRACKING,0.5537,CENTERED,CENTERED,CENTERED,83.7,103.7,713,419
2026-06-12T15:10:46.273,1781269846,nicole,REACQUIRING,0.0,SEARCH,SCAN,SCAN,76.7,106.6,,
2026-06-12T15:10:46.369,1781269846,nicole,REACQUIRING,0.0,SEARCH,SCAN,SCAN,73.7,108.4,,
2026-06-12T15:10:46.509,1781269846,nicole,REACQUIRING,0.0,SEARCH,SCAN,SCAN,70.7,110.2,,
2026-06-12T15:10:46.624,1781269846,nicole,REACQUIRING,0.0,SEARCH,SCAN,SCAN,67.7,112.0,,
2026-06-12T15:10:46.718,1781269846,nicole,REACQUIRING,0.0,SEARCH,SCAN,SCAN,64.7,113.8,,
2026-06-12T15:10:46.815,1781269846,nicole,REACQUIRING,0.0,SEARCH,SCAN,SCAN,61.7,115.6,,
2026-06-12T15:10:46.926,1781269846,nicole,REACQUIRING,0.0,SEARCH,SCAN,SCAN,58.7,117.4,,
2026-06-12T15:10:47.019,1781269847,nicole,REACQUIRING,0.0,SEARCH,SCAN,SCAN,55.7,119.2,,
2026-06-12T15:10:47.120,1781269847,nicole,REACQUIRING,0.0,SEARCH,SCAN,SCAN,52.7,121.0,,
2026-06-12T15:10:47.219,1781269847,nicole,REACQUIRING,0.0,SEARCH,SCAN,SCAN,49.7,122.8,,
2026-06-12T15:10:47.324,1781269847,nicole,REACQUIRING,0.0,SEARCH,SCAN,SCAN,46.7,124.6,,
2026-06-12T15:10:47.421,1781269847,nicole,REACQUIRING,0.0,SEARCH,SCAN,SCAN,43.7,124.8,,
2026-06-12T15:10:47.481,1781269847,nicole,REACQUIRING,0.0,SEARCH,SCAN,SCAN,40.7,123.0,,
2026-06-12T15:10:47.593,1781269847,nicole,REACQUIRING,0.0,SEARCH,SCAN,SCAN,39.7,121.2,,
2026-06-12T15:10:47.730,1781269847,nicole,REACQUIRING,0.0,SEARCH,SCAN,SCAN,42.7,119.4,,
2026-06-12T15:10:47.820,1781269847,nicole,REACQUIRING,0.0,SEARCH,SCAN,SCAN,45.7,117.6,,
2026-06-12T15:10:47.915,1781269847,nicole,REACQUIRING,0.0,SEARCH,SCAN,SCAN,48.7,115.8,,
2026-06-12T15:10:48.060,1781269848,nicole,REACQUIRING,0.0,SEARCH,SCAN,SCAN,51.7,114.0,,
2026-06-12T15:10:48.146,1781269848,nicole,TRACKING,0.5691,MOVE_RIGHT,RIGHT,CENTERED,51.6,109.7,915,399
2026-06-12T15:10:48.222,1781269848,nicole,TRACKING,0.5573,MOVE_RIGHT,RIGHT,CENTERED,51.6,106.1,913,391
2026-06-12T15:10:48.428,1781269848,nicole,TRACKING,0.5611,MOVE_RIGHT,RIGHT,CENTERED,52.0,104.1,903,398
2026-06-12T15:10:48.525,1781269848,nicole,TRACKING,0.576,MOVE_RIGHT,RIGHT,CENTERED,52.5,102.9,899,400
2026-06-12T15:10:48.621,1781269848,nicole,TRACKING,0.589,MOVE_RIGHT,RIGHT,CENTERED,53.0,101.9,894,399
2026-06-12T15:10:48.738,1781269848,nicole,TRACKING,0.5959,MOVE_RIGHT,RIGHT,CENTERED,53.7,101.2,888,398
2026-06-12T15:10:48.855,1781269848,nicole,TRACKING,0.5681,MOVE_RIGHT,RIGHT,CENTERED,54.2,100.5,885,395
2026-06-12T15:10:49.632,1781269849,nicole,REACQUIRING,0.0,SEARCH,SCAN,SCAN,58.5,97.0,,
2026-06-12T15:10:49.760,1781269849,nicole,REACQUIRING,0.0,SEARCH,SCAN,SCAN,61.5,95.2,,
2026-06-12T15:10:49.844,1781269849,nicole,REACQUIRING,0.0,SEARCH,SCAN,SCAN,64.5,93.4,,
2026-06-12T15:10:49.938,1781269849,nicole,REACQUIRING,0.0,SEARCH,SCAN,SCAN,67.5,91.6,,
2026-06-12T15:10:50.045,1781269850,nicole,REACQUIRING,0.0,SEARCH,SCAN,SCAN,70.5,89.8,,
2026-06-12T15:10:50.138,1781269850,nicole,REACQUIRING,0.0,SEARCH,SCAN,SCAN,73.5,88.0,,
2026-06-12T15:10:50.239,1781269850,nicole,REACQUIRING,0.0,SEARCH,SCAN,SCAN,76.5,86.2,,
2026-06-12T15:10:50.332,1781269850,nicole,REACQUIRING,0.0,SEARCH,SCAN,SCAN,79.5,84.4,,
2026-06-12T15:10:50.448,1781269850,nicole,REACQUIRING,0.0,SEARCH,SCAN,SCAN,82.5,82.6,,
2026-06-12T15:10:50.541,1781269850,nicole,REACQUIRING,0.0,SEARCH,SCAN,SCAN,85.5,80.8,,
2026-06-12T15:10:50.599,1781269850,nicole,REACQUIRING,0.0,SEARCH,SCAN,SCAN,88.5,79.0,,
2026-06-12T15:10:50.714,1781269850,nicole,REACQUIRING,0.0,SEARCH,SCAN,SCAN,91.5,78.8,,
2026-06-12T15:10:50.806,1781269850,nicole,REACQUIRING,0.0,SEARCH,SCAN,SCAN,94.5,80.6,,
2026-06-12T15:10:50.904,1781269850,nicole,REACQUIRING,0.0,SEARCH,SCAN,SCAN,95.5,82.4,,
2026-06-12T15:10:51.041,1781269851,nicole,REACQUIRING,0.0,SEARCH,SCAN,SCAN,92.5,84.2,,
2026-06-12T15:10:51.115,1781269851,nicole,REACQUIRING,0.0,SEARCH,SCAN,SCAN,89.5,86.0,,
2026-06-12T15:10:51.208,1781269851,nicole,REACQUIRING,0.0,SEARCH,SCAN,SCAN,86.5,87.8,,
2026-06-12T15:10:51.303,1781269851,nicole,REACQUIRING,0.0,SEARCH,SCAN,SCAN,83.5,89.6,,
2026-06-12T15:10:51.415,1781269851,nicole,REACQUIRING,0.0,SEARCH,SCAN,SCAN,80.5,91.4,,
2026-06-12T15:10:51.512,1781269851,nicole,REACQUIRING,0.0,SEARCH,SCAN,SCAN,77.5,93.2,,
2026-06-12T15:10:51.606,1781269851,nicole,REACQUIRING,0.0,SEARCH,SCAN,SCAN,74.5,95.0,,
2026-06-12T15:10:51.775,1781269851,nicole,REACQUIRING,0.0,SEARCH,SCAN,SCAN,71.5,96.8,,
2026-06-12T15:10:51.817,1781269851,nicole,REACQUIRING,0.0,SEARCH,SCAN,SCAN,68.5,98.6,,
2026-06-12T15:10:51.910,1781269851,nicole,REACQUIRING,0.0,SEARCH,SCAN,SCAN,65.5,100.4,,
2026-06-12T15:10:52.008,1781269852,nicole,REACQUIRING,0.0,SEARCH,SCAN,SCAN,62.5,102.2,,
2026-06-12T15:10:52.121,1781269852,nicole,REACQUIRING,0.0,SEARCH,SCAN,SCAN,59.5,104.0,,
2026-06-12T15:10:52.218,1781269852,nicole,REACQUIRING,0.0,SEARCH,SCAN,SCAN,56.5,105.8,,
2026-06-12T15:10:52.311,1781269852,nicole,REACQUIRING,0.0,SEARCH,SCAN,SCAN,53.5,107.6,,
2026-06-12T15:10:52.415,1781269852,nicole,REACQUIRING,0.0,SEARCH,SCAN,SCAN,50.5,109.4,,
2026-06-12T15:10:52.525,1781269852,nicole,REACQUIRING,0.0,SEARCH,SCAN,SCAN,47.5,111.2,,
2026-06-12T15:10:52.626,1781269852,nicole,REACQUIRING,0.0,SEARCH,SCAN,SCAN,44.5,113.0,,
2026-06-12T15:10:52.720,1781269852,nicole,REACQUIRING,0.0,SEARCH,SCAN,SCAN,41.5,114.8,,
2026-06-12T15:10:52.833,1781269852,nicole,REACQUIRING,0.0,SEARCH,SCAN,SCAN,38.5,116.6,,
2026-06-12T15:10:52.932,1781269852,nicole,REACQUIRING,0.0,SEARCH,SCAN,SCAN,35.5,118.4,,
2026-06-12T15:10:53.085,1781269853,nicole,TRACKING,0.5571,MOVE_RIGHT,RIGHT,CENTERED,44.8,110.8,808,373
2026-06-12T15:10:53.358,1781269853,nicole,TRACKING,0.7085,CENTERED,CENTERED,CENTERED,57.3,104.6,665,361
2026-06-12T15:10:53.452,1781269853,nicole,TRACKING,0.8599,CENTERED,CENTERED,CENTERED,66.8,101.8,647,381
2026-06-12T15:10:53.566,1781269853,nicole,TRACKING,0.5785,CENTERED,CENTERED,CENTERED,73.3,101.4,652,402
2026-06-12T15:10:53.761,1781269853,nicole,TRACKING,0.5829,MOVE_LEFT,LEFT,CENTERED,84.1,98.8,501,370
2026-06-12T15:10:53.873,1781269853,nicole,TRACKING,0.5696,MOVE_LEFT,LEFT,CENTERED,93.9,96.1,450,360
2026-06-12T15:10:53.968,1781269853,nicole,TRACKING,0.8374,MOVE_LEFT,LEFT,CENTERED,102.2,94.3,417,360
2026-06-12T15:10:54.062,1781269854,nicole,TRACKING,0.8222,MOVE_LEFT,LEFT,CENTERED,108.4,93.0,406,360
2026-06-12T15:10:54.157,1781269854,nicole,TRACKING,0.8092,MOVE_LEFT,LEFT,CENTERED,113.2,92.1,395,360
2026-06-12T15:10:54.270,1781269854,nicole,TRACKING,0.8463,MOVE_LEFT,LEFT,CENTERED,116.4,91.5,400,360
2026-06-12T15:10:54.365,1781269854,nicole,TRACKING,0.8279,MOVE_LEFT,LEFT,CENTERED,118.5,91.0,403,360
2026-06-12T15:10:54.463,1781269854,nicole,TRACKING,0.8281,MOVE_LEFT,LEFT,CENTERED,120.0,90.7,400,360
2026-06-12T15:10:54.580,1781269854,nicole,TRACKING,0.8161,MOVE_LEFT,LEFT,CENTERED,121.1,90.5,401,360
2026-06-12T15:10:54.669,1781269854,nicole,TRACKING,0.7467,MOVE_LEFT,LEFT,CENTERED,122.2,90.4,393,360
2026-06-12T15:10:54.764,1781269854,nicole,TRACKING,0.6213,MOVE_LEFT,LEFT,CENTERED,122.5,90.2,405,360
2026-06-12T15:10:55.431,1781269855,nicole,REACQUIRING,0.0,SEARCH,SCAN,SCAN,120.0,91.8,,
2026-06-12T15:10:55.526,1781269855,nicole,REACQUIRING,0.0,SEARCH,SCAN,SCAN,117.0,93.6,,
2026-06-12T15:10:55.639,1781269855,nicole,REACQUIRING,0.0,SEARCH,SCAN,SCAN,114.0,95.4,,
2026-06-12T15:10:55.733,1781269855,nicole,REACQUIRING,0.0,SEARCH,SCAN,SCAN,111.0,97.2,,
2026-06-12T15:10:55.842,1781269855,nicole,REACQUIRING,0.0,SEARCH,SCAN,SCAN,108.0,99.0,,
2026-06-12T15:10:55.946,1781269855,nicole,REACQUIRING,0.0,SEARCH,SCAN,SCAN,105.0,100.8,,
2026-06-12T15:10:56.038,1781269856,nicole,REACQUIRING,0.0,SEARCH,SCAN,SCAN,102.0,102.6,,
2026-06-12T15:10:56.142,1781269856,nicole,REACQUIRING,0.0,SEARCH,SCAN,SCAN,99.0,104.4,,
2026-06-12T15:10:56.235,1781269856,nicole,REACQUIRING,0.0,SEARCH,SCAN,SCAN,96.0,106.2,,
2026-06-12T15:10:56.344,1781269856,nicole,REACQUIRING,0.0,SEARCH,SCAN,SCAN,93.0,108.0,,
2026-06-12T15:10:56.450,1781269856,nicole,REACQUIRING,0.0,SEARCH,SCAN,SCAN,90.0,109.8,,
2026-06-12T15:10:56.543,1781269856,nicole,REACQUIRING,0.0,SEARCH,SCAN,SCAN,87.0,110.0,,
2026-06-12T15:10:56.657,1781269856,nicole,REACQUIRING,0.0,SEARCH,SCAN,SCAN,84.0,108.2,,
2026-06-12T15:10:56.748,1781269856,nicole,REACQUIRING,0.0,SEARCH,SCAN,SCAN,83.0,106.4,,
2026-06-12T15:10:56.842,1781269856,nicole,REACQUIRING,0.0,SEARCH,SCAN,SCAN,86.0,104.6,,
2026-06-12T15:10:56.960,1781269856,nicole,REACQUIRING,0.0,SEARCH,SCAN,SCAN,89.0,102.8,,
2026-06-12T15:10:57.044,1781269857,nicole,REACQUIRING,0.0,SEARCH,SCAN,SCAN,92.0,101.0,,
2026-06-12T15:10:57.147,1781269857,nicole,REACQUIRING,0.0,SEARCH,SCAN,SCAN,95.0,99.2,,
2026-06-12T15:10:57.242,1781269857,nicole,REACQUIRING,0.0,SEARCH,SCAN,SCAN,98.0,97.4,,
2026-06-12T15:10:57.350,1781269857,nicole,REACQUIRING,0.0,SEARCH,SCAN,SCAN,101.0,95.6,,
2026-06-12T15:10:57.455,1781269857,nicole,REACQUIRING,0.0,SEARCH,SCAN,SCAN,104.0,93.8,,
2026-06-12T15:10:57.612,1781269857,nicole,REACQUIRING,0.0,SEARCH,SCAN,SCAN,107.0,92.0,,
2026-06-12T15:10:57.724,1781269857,nicole,REACQUIRING,0.0,SEARCH,SCAN,SCAN,110.0,90.2,,
2026-06-12T15:10:57.795,1781269857,nicole,REACQUIRING,0.0,SEARCH,SCAN,SCAN,113.0,88.4,,
2026-06-12T15:10:57.910,1781269857,nicole,REACQUIRING,0.0,SEARCH,SCAN,SCAN,116.0,86.6,,
2026-06-12T15:10:57.943,1781269857,nicole,REACQUIRING,0.0,SEARCH,SCAN,SCAN,119.0,84.8,,
2026-06-12T15:10:58.098,1781269858,nicole,REACQUIRING,0.0,SEARCH,SCAN,SCAN,122.0,83.0,,
2026-06-12T15:10:58.189,1781269858,nicole,REACQUIRING,0.0,SEARCH,SCAN,SCAN,125.0,81.2,,
2026-06-12T15:10:58.288,1781269858,nicole,TRACKING,0.5894,MOVE_LEFT,LEFT,CENTERED,128.6,85.9,306,388
2026-06-12T15:10:58.493,1781269858,nicole,TRACKING,0.6983,MOVE_LEFT,LEFT,CENTERED,133.1,89.3,260,389
2026-06-12T15:10:59.294,1781269859,nicole,REACQUIRING,0.0,SEARCH,SCAN,SCAN,146.4,95.5,,
2026-06-12T15:10:59.351,1781269859,nicole,REACQUIRING,0.0,SEARCH,SCAN,SCAN,149.4,93.7,,
2026-06-12T15:10:59.457,1781269859,nicole,REACQUIRING,0.0,SEARCH,SCAN,SCAN,152.4,91.8,,
2026-06-12T15:10:59.603,1781269859,nicole,REACQUIRING,0.0,SEARCH,SCAN,SCAN,155.4,90.0,,
2026-06-12T15:10:59.734,1781269859,nicole,REACQUIRING,0.0,SEARCH,SCAN,SCAN,158.4,88.2,,
2026-06-12T15:10:59.807,1781269859,nicole,REACQUIRING,0.0,SEARCH,SCAN,SCAN,161.4,86.5,,
2026-06-12T15:10:59.856,1781269859,nicole,REACQUIRING,0.0,SEARCH,SCAN,SCAN,164.4,84.7,,
2026-06-12T15:10:59.953,1781269859,nicole,REACQUIRING,0.0,SEARCH,SCAN,SCAN,167.4,82.8,,
2026-06-12T15:11:00.048,1781269860,nicole,REACQUIRING,0.0,SEARCH,SCAN,SCAN,170.4,81.0,,
2026-06-12T15:11:00.161,1781269860,nicole,REACQUIRING,0.0,SEARCH,SCAN,SCAN,173.4,79.2,,
2026-06-12T15:11:00.262,1781269860,nicole,REACQUIRING,0.0,SEARCH,SCAN,SCAN,176.4,77.4,,
2026-06-12T15:11:00.353,1781269860,nicole,REACQUIRING,0.0,SEARCH,SCAN,SCAN,179.4,77.2,,
2026-06-12T15:11:00.473,1781269860,nicole,REACQUIRING,0.0,SEARCH,SCAN,SCAN,180.0,79.0,,
2026-06-12T15:11:00.568,1781269860,nicole,REACQUIRING,0.0,SEARCH,SCAN,SCAN,180.0,80.8,,
2026-06-12T15:11:00.666,1781269860,nicole,REACQUIRING,0.0,SEARCH,SCAN,SCAN,180.0,82.7,,
2026-06-12T15:11:00.758,1781269860,nicole,REACQUIRING,0.0,SEARCH,SCAN,SCAN,177.4,84.5,,
2026-06-12T15:11:00.872,1781269860,nicole,REACQUIRING,0.0,SEARCH,SCAN,SCAN,174.4,86.2,,
2026-06-12T15:11:00.967,1781269860,nicole,REACQUIRING,0.0,SEARCH,SCAN,SCAN,171.4,88.1,,
2026-06-12T15:11:01.061,1781269861,nicole,REACQUIRING,0.0,SEARCH,SCAN,SCAN,168.4,89.9,,
2026-06-12T15:11:01.177,1781269861,nicole,REACQUIRING,0.0,SEARCH,SCAN,SCAN,165.4,91.7,,
2026-06-12T15:11:01.276,1781269861,nicole,REACQUIRING,0.0,SEARCH,SCAN,SCAN,162.4,93.5,,
2026-06-12T15:11:01.362,1781269861,nicole,REACQUIRING,0.0,SEARCH,SCAN,SCAN,159.4,95.2,,
2026-06-12T15:11:01.475,1781269861,nicole,REACQUIRING,0.0,SEARCH,SCAN,SCAN,156.4,97.0,,
2026-06-12T15:11:01.573,1781269861,nicole,REACQUIRING,0.0,SEARCH,SCAN,SCAN,153.4,98.9,,
2026-06-12T15:11:01.674,1781269861,nicole,REACQUIRING,0.0,SEARCH,SCAN,SCAN,150.4,100.7,,
2026-06-12T15:11:01.773,1781269861,nicole,REACQUIRING,0.0,SEARCH,SCAN,SCAN,147.4,102.5,,
2026-06-12T15:11:01.884,1781269861,nicole,REACQUIRING,0.0,SEARCH,SCAN,SCAN,144.4,104.2,,
2026-06-12T15:11:01.975,1781269861,nicole,REACQUIRING,0.0,SEARCH,SCAN,SCAN,141.4,106.0,,
2026-06-12T15:11:02.074,1781269862,nicole,REACQUIRING,0.0,SEARCH,SCAN,SCAN,138.4,107.8,,
2026-06-12T15:11:02.185,1781269862,nicole,REACQUIRING,0.0,SEARCH,SCAN,SCAN,135.4,109.7,,
2026-06-12T15:11:02.273,1781269862,nicole,REACQUIRING,0.0,SEARCH,SCAN,SCAN,132.4,111.5,,
2026-06-12T15:11:02.377,1781269862,nicole,REACQUIRING,0.0,SEARCH,SCAN,SCAN,129.4,113.2,,
2026-06-12T15:11:02.472,1781269862,nicole,REACQUIRING,0.0,SEARCH,SCAN,SCAN,126.4,115.1,,
2026-06-12T15:11:02.581,1781269862,nicole,REACQUIRING,0.0,SEARCH,SCAN,SCAN,123.4,116.9,,
2026-06-12T15:11:02.681,1781269862,nicole,REACQUIRING,0.0,SEARCH,SCAN,SCAN,120.4,117.2,,
2026-06-12T15:11:02.774,1781269862,nicole,REACQUIRING,0.0,SEARCH,SCAN,SCAN,117.4,115.5,,
2026-06-12T15:11:02.893,1781269862,nicole,REACQUIRING,0.0,SEARCH,SCAN,SCAN,114.4,113.7,,
2026-06-12T15:11:02.985,1781269862,nicole,REACQUIRING,0.0,SEARCH,SCAN,SCAN,111.4,111.8,,
2026-06-12T15:11:03.084,1781269863,nicole,REACQUIRING,0.0,SEARCH,SCAN,SCAN,108.4,110.0,,
2026-06-12T15:11:03.175,1781269863,nicole,REACQUIRING,0.0,SEARCH,SCAN,SCAN,105.4,108.2,,
2026-06-12T15:11:03.280,1781269863,nicole,REACQUIRING,0.0,SEARCH,SCAN,SCAN,103.4,106.4,,
2026-06-12T15:11:03.381,1781269863,nicole,REACQUIRING,0.0,SEARCH,SCAN,SCAN,106.4,104.6,,
2026-06-12T15:11:03.482,1781269863,nicole,REACQUIRING,0.0,SEARCH,SCAN,SCAN,109.4,102.8,,
2026-06-12T15:11:03.592,1781269863,nicole,REACQUIRING,0.0,SEARCH,SCAN,SCAN,112.4,101.0,,
2026-06-12T15:11:03.687,1781269863,nicole,REACQUIRING,0.0,SEARCH,SCAN,SCAN,115.4,99.2,,
2026-06-12T15:11:03.785,1781269863,nicole,REACQUIRING,0.0,SEARCH,SCAN,SCAN,118.4,97.5,,
2026-06-12T15:11:03.880,1781269863,nicole,REACQUIRING,0.0,SEARCH,SCAN,SCAN,121.4,95.6,,
2026-06-12T15:11:03.995,1781269863,nicole,REACQUIRING,0.0,SEARCH,SCAN,SCAN,124.4,93.8,,
2026-06-12T15:11:04.082,1781269864,nicole,REACQUIRING,0.0,SEARCH,SCAN,SCAN,127.4,92.0,,
2026-06-12T15:11:04.186,1781269864,nicole,REACQUIRING,0.0,SEARCH,SCAN,SCAN,130.4,90.2,,
2026-06-12T15:11:04.292,1781269864,nicole,REACQUIRING,0.0,SEARCH,SCAN,SCAN,133.4,88.5,,
2026-06-12T15:11:04.390,1781269864,nicole,REACQUIRING,0.0,SEARCH,SCAN,SCAN,136.4,86.7,,
2026-06-12T15:11:04.486,1781269864,nicole,REACQUIRING,0.0,SEARCH,SCAN,SCAN,139.4,84.8,,
2026-06-12T15:11:04.588,1781269864,nicole,REACQUIRING,0.0,SEARCH,SCAN,SCAN,142.4,83.0,,
2026-06-12T15:11:04.689,1781269864,nicole,REACQUIRING,0.0,SEARCH,SCAN,SCAN,145.4,81.2,,
2026-06-12T15:11:04.792,1781269864,nicole,REACQUIRING,0.0,SEARCH,SCAN,SCAN,148.4,79.4,,
2026-06-12T15:11:04.888,1781269864,nicole,REACQUIRING,0.0,SEARCH,SCAN,SCAN,151.4,77.6,,
2026-06-12T15:11:04.996,1781269864,nicole,REACQUIRING,0.0,SEARCH,SCAN,SCAN,154.4,77.2,,
2026-06-12T15:11:05.094,1781269865,nicole,REACQUIRING,0.0,SEARCH,SCAN,SCAN,157.4,79.0,,
2026-06-12T15:11:05.192,1781269865,nicole,REACQUIRING,0.0,SEARCH,SCAN,SCAN,160.4,80.8,,
2026-06-12T15:11:05.306,1781269865,nicole,REACQUIRING,0.0,SEARCH,SCAN,SCAN,163.4,82.7,,
2026-06-12T15:11:05.397,1781269865,nicole,REACQUIRING,0.0,SEARCH,SCAN,SCAN,166.4,84.5,,
2026-06-12T15:11:05.502,1781269865,nicole,REACQUIRING,0.0,SEARCH,SCAN,SCAN,169.4,86.2,,
2026-06-12T15:11:05.597,1781269865,nicole,REACQUIRING,0.0,SEARCH,SCAN,SCAN,172.4,88.1,,
2026-06-12T15:11:05.707,1781269865,nicole,REACQUIRING,0.0,SEARCH,SCAN,SCAN,175.4,89.9,,
2026-06-12T15:11:05.797,1781269865,nicole,REACQUIRING,0.0,SEARCH,SCAN,SCAN,178.4,91.7,,
2026-06-12T15:11:05.901,1781269865,nicole,REACQUIRING,0.0,SEARCH,SCAN,SCAN,180.0,93.5,,
2026-06-12T15:11:06.008,1781269866,nicole,REACQUIRING,0.0,SEARCH,SCAN,SCAN,180.0,95.2,,
2026-06-12T15:11:06.108,1781269866,nicole,REACQUIRING,0.0,SEARCH,SCAN,SCAN,180.0,97.0,,
2026-06-12T15:11:06.205,1781269866,nicole,REACQUIRING,0.0,SEARCH,SCAN,SCAN,177.4,98.9,,
2026-06-12T15:11:06.300,1781269866,nicole,REACQUIRING,0.0,SEARCH,SCAN,SCAN,174.4,100.7,,
2026-06-12T15:11:06.407,1781269866,nicole,REACQUIRING,0.0,SEARCH,SCAN,SCAN,171.4,102.5,,
2026-06-12T15:11:06.502,1781269866,nicole,REACQUIRING,0.0,SEARCH,SCAN,SCAN,168.4,104.2,,
2026-06-12T15:11:06.601,1781269866,nicole,REACQUIRING,0.0,SEARCH,SCAN,SCAN,165.4,106.0,,
2026-06-12T15:11:06.718,1781269866,nicole,REACQUIRING,0.0,SEARCH,SCAN,SCAN,162.4,107.8,,
2026-06-12T15:11:06.802,1781269866,nicole,REACQUIRING,0.0,SEARCH,SCAN,SCAN,159.4,109.7,,
2026-06-12T15:11:06.901,1781269866,nicole,REACQUIRING,0.0,SEARCH,SCAN,SCAN,156.4,111.5,,
2026-06-12T15:11:07.000,1781269867,nicole,REACQUIRING,0.0,SEARCH,SCAN,SCAN,153.4,113.2,,
2026-06-12T15:11:07.115,1781269867,nicole,REACQUIRING,0.0,SEARCH,SCAN,SCAN,150.4,115.1,,
2026-06-12T15:11:07.210,1781269867,nicole,REACQUIRING,0.0,SEARCH,SCAN,SCAN,147.4,116.9,,
2026-06-12T15:11:07.301,1781269867,nicole,REACQUIRING,0.0,SEARCH,SCAN,SCAN,144.4,117.2,,
2026-06-12T15:11:07.412,1781269867,nicole,REACQUIRING,0.0,SEARCH,SCAN,SCAN,141.4,115.5,,
2026-06-12T15:11:07.507,1781269867,nicole,REACQUIRING,0.0,SEARCH,SCAN,SCAN,138.4,113.7,,
2026-06-12T15:11:07.606,1781269867,nicole,REACQUIRING,0.0,SEARCH,SCAN,SCAN,135.4,111.8,,
2026-06-12T15:11:07.704,1781269867,nicole,REACQUIRING,0.0,SEARCH,SCAN,SCAN,132.4,110.0,,
2026-06-12T15:11:07.821,1781269867,nicole,REACQUIRING,0.0,SEARCH,SCAN,SCAN,129.4,108.2,,
2026-06-12T15:11:07.914,1781269867,nicole,REACQUIRING,0.0,SEARCH,SCAN,SCAN,126.4,106.4,,
2026-06-12T15:11:08.002,1781269868,nicole,REACQUIRING,0.0,SEARCH,SCAN,SCAN,123.4,104.6,,
2026-06-12T15:11:08.115,1781269868,nicole,REACQUIRING,0.0,SEARCH,SCAN,SCAN,120.4,102.8,,
2026-06-12T15:11:08.208,1781269868,nicole,REACQUIRING,0.0,SEARCH,SCAN,SCAN,117.4,101.0,,
2026-06-12T15:11:08.309,1781269868,nicole,REACQUIRING,0.0,SEARCH,SCAN,SCAN,114.4,99.2,,
2026-06-12T15:11:08.409,1781269868,nicole,REACQUIRING,0.0,SEARCH,SCAN,SCAN,111.4,97.5,,
2026-06-12T15:11:08.518,1781269868,nicole,REACQUIRING,0.0,SEARCH,SCAN,SCAN,108.4,95.6,,
2026-06-12T15:11:08.621,1781269868,nicole,REACQUIRING,0.0,SEARCH,SCAN,SCAN,105.4,93.8,,
2026-06-12T15:11:08.716,1781269868,nicole,REACQUIRING,0.0,SEARCH,SCAN,SCAN,103.4,92.0,,
2026-06-12T15:11:08.816,1781269868,nicole,REACQUIRING,0.0,SEARCH,SCAN,SCAN,106.4,90.2,,
2026-06-12T15:11:08.922,1781269868,nicole,REACQUIRING,0.0,SEARCH,SCAN,SCAN,109.4,88.5,,
2026-06-12T15:11:09.016,1781269869,nicole,REACQUIRING,0.0,SEARCH,SCAN,SCAN,112.4,86.7,,
2026-06-12T15:11:09.110,1781269869,nicole,REACQUIRING,0.0,SEARCH,SCAN,SCAN,115.4,84.8,,
2026-06-12T15:11:09.227,1781269869,nicole,REACQUIRING,0.0,SEARCH,SCAN,SCAN,118.4,83.0,,
2026-06-12T15:11:09.326,1781269869,nicole,REACQUIRING,0.0,SEARCH,SCAN,SCAN,121.4,81.2,,
2026-06-12T15:11:09.420,1781269869,nicole,REACQUIRING,0.0,SEARCH,SCAN,SCAN,124.4,79.4,,
2026-06-12T15:11:09.522,1781269869,nicole,REACQUIRING,0.0,SEARCH,SCAN,SCAN,127.4,77.6,,
2026-06-12T15:11:09.625,1781269869,nicole,REACQUIRING,0.0,SEARCH,SCAN,SCAN,130.4,77.2,,
2026-06-12T15:11:09.720,1781269869,nicole,REACQUIRING,0.0,SEARCH,SCAN,SCAN,133.4,79.0,,
2026-06-12T15:11:09.830,1781269869,nicole,REACQUIRING,0.0,SEARCH,SCAN,SCAN,136.4,80.8,,
2026-06-12T15:11:09.932,1781269869,nicole,REACQUIRING,0.0,SEARCH,SCAN,SCAN,139.4,82.7,,
2026-06-12T15:11:10.019,1781269870,nicole,REACQUIRING,0.0,SEARCH,SCAN,SCAN,142.4,84.5,,
2026-06-12T15:11:10.116,1781269870,nicole,REACQUIRING,0.0,SEARCH,SCAN,SCAN,145.4,86.2,,
2026-06-12T15:11:10.229,1781269870,nicole,REACQUIRING,0.0,SEARCH,SCAN,SCAN,148.4,88.1,,
2026-06-12T15:11:10.329,1781269870,nicole,REACQUIRING,0.0,SEARCH,SCAN,SCAN,151.4,89.9,,
2026-06-12T15:11:10.422,1781269870,nicole,REACQUIRING,0.0,SEARCH,SCAN,SCAN,154.4,91.7,,
2026-06-12T15:11:10.536,1781269870,nicole,REACQUIRING,0.0,SEARCH,SCAN,SCAN,157.4,93.5,,
2026-06-12T15:11:10.630,1781269870,nicole,REACQUIRING,0.0,SEARCH,SCAN,SCAN,160.4,95.2,,
2026-06-12T15:11:10.730,1781269870,nicole,REACQUIRING,0.0,SEARCH,SCAN,SCAN,163.4,97.0,,
2026-06-12T15:11:10.825,1781269870,nicole,REACQUIRING,0.0,SEARCH,SCAN,SCAN,166.4,98.9,,
2026-06-12T15:11:10.940,1781269870,nicole,REACQUIRING,0.0,SEARCH,SCAN,SCAN,169.4,100.7,,
2026-06-12T15:11:11.024,1781269871,nicole,REACQUIRING,0.0,SEARCH,SCAN,SCAN,172.4,102.5,,
2026-06-12T15:11:11.127,1781269871,nicole,REACQUIRING,0.0,SEARCH,SCAN,SCAN,175.4,104.2,,
2026-06-12T15:11:11.240,1781269871,nicole,REACQUIRING,0.0,SEARCH,SCAN,SCAN,178.4,106.0,,
2026-06-12T15:11:11.332,1781269871,nicole,REACQUIRING,0.0,SEARCH,SCAN,SCAN,180.0,107.8,,
2026-06-12T15:11:11.436,1781269871,nicole,REACQUIRING,0.0,SEARCH,SCAN,SCAN,180.0,109.7,,
2026-06-12T15:11:11.527,1781269871,nicole,REACQUIRING,0.0,SEARCH,SCAN,SCAN,180.0,111.5,,
2026-06-12T15:11:11.640,1781269871,nicole,REACQUIRING,0.0,SEARCH,SCAN,SCAN,177.4,113.2,,
2026-06-12T15:11:11.737,1781269871,nicole,REACQUIRING,0.0,SEARCH,SCAN,SCAN,174.4,115.1,,
2026-06-12T15:11:11.835,1781269871,nicole,REACQUIRING,0.0,SEARCH,SCAN,SCAN,171.4,116.9,,
2026-06-12T15:11:11.944,1781269871,nicole,REACQUIRING,0.0,SEARCH,SCAN,SCAN,168.4,117.2,,
2026-06-12T15:11:12.033,1781269872,nicole,REACQUIRING,0.0,SEARCH,SCAN,SCAN,165.4,115.5,,
2026-06-12T15:11:12.133,1781269872,nicole,REACQUIRING,0.0,SEARCH,SCAN,SCAN,162.4,113.7,,
2026-06-12T15:11:12.226,1781269872,nicole,REACQUIRING,0.0,SEARCH,SCAN,SCAN,159.4,111.8,,
2026-06-12T15:11:12.346,1781269872,nicole,REACQUIRING,0.0,SEARCH,SCAN,SCAN,156.4,110.0,,
2026-06-12T15:11:12.437,1781269872,nicole,REACQUIRING,0.0,SEARCH,SCAN,SCAN,153.4,108.2,,
2026-06-12T15:11:12.536,1781269872,nicole,REACQUIRING,0.0,SEARCH,SCAN,SCAN,150.4,106.4,,
2026-06-12T15:11:12.641,1781269872,nicole,REACQUIRING,0.0,SEARCH,SCAN,SCAN,147.4,104.6,,
2026-06-12T15:11:12.738,1781269872,nicole,REACQUIRING,0.0,SEARCH,SCAN,SCAN,144.4,102.8,,
2026-06-12T15:11:12.841,1781269872,nicole,REACQUIRING,0.0,SEARCH,SCAN,SCAN,141.4,101.0,,
2026-06-12T15:11:12.939,1781269872,nicole,REACQUIRING,0.0,SEARCH,SCAN,SCAN,138.4,99.2,,
2026-06-12T15:11:13.051,1781269873,nicole,REACQUIRING,0.0,SEARCH,SCAN,SCAN,135.4,97.5,,
2026-06-12T15:11:13.142,1781269873,nicole,REACQUIRING,0.0,SEARCH,SCAN,SCAN,132.4,95.6,,
2026-06-12T15:11:13.243,1781269873,nicole,REACQUIRING,0.0,SEARCH,SCAN,SCAN,129.4,93.8,,
2026-06-12T15:11:13.355,1781269873,nicole,REACQUIRING,0.0,SEARCH,SCAN,SCAN,126.4,92.0,,
2026-06-12T15:11:13.447,1781269873,nicole,REACQUIRING,0.0,SEARCH,SCAN,SCAN,123.4,90.2,,
2026-06-12T15:11:13.542,1781269873,nicole,REACQUIRING,0.0,SEARCH,SCAN,SCAN,120.4,88.5,,
2026-06-12T15:11:13.653,1781269873,nicole,REACQUIRING,0.0,SEARCH,SCAN,SCAN,117.4,86.7,,
2026-06-12T15:11:13.746,1781269873,nicole,REACQUIRING,0.0,SEARCH,SCAN,SCAN,114.4,84.8,,
2026-06-12T15:11:13.846,1781269873,nicole,REACQUIRING,0.0,SEARCH,SCAN,SCAN,111.4,83.0,,
2026-06-12T15:11:13.945,1781269873,nicole,REACQUIRING,0.0,SEARCH,SCAN,SCAN,108.4,81.2,,
2026-06-12T15:11:14.049,1781269874,nicole,REACQUIRING,0.0,SEARCH,SCAN,SCAN,105.4,79.4,,
2026-06-12T15:11:14.152,1781269874,nicole,REACQUIRING,0.0,SEARCH,SCAN,SCAN,103.4,77.6,,
2026-06-12T15:11:14.247,1781269874,nicole,REACQUIRING,0.0,SEARCH,SCAN,SCAN,106.4,77.2,,
2026-06-12T15:11:14.361,1781269874,nicole,REACQUIRING,0.0,SEARCH,SCAN,SCAN,109.4,79.0,,
2026-06-12T15:11:14.454,1781269874,nicole,REACQUIRING,0.0,SEARCH,SCAN,SCAN,112.4,80.8,,
2026-06-12T15:11:14.556,1781269874,nicole,REACQUIRING,0.0,SEARCH,SCAN,SCAN,115.4,82.7,,
2026-06-12T15:11:14.652,1781269874,nicole,REACQUIRING,0.0,SEARCH,SCAN,SCAN,118.4,84.5,,
2026-06-12T15:11:14.761,1781269874,nicole,REACQUIRING,0.0,SEARCH,SCAN,SCAN,121.4,86.2,,
2026-06-12T15:11:14.859,1781269874,nicole,REACQUIRING,0.0,SEARCH,SCAN,SCAN,124.4,88.1,,
2026-06-12T15:11:14.951,1781269874,nicole,REACQUIRING,0.0,SEARCH,SCAN,SCAN,127.4,89.9,,
2026-06-12T15:11:15.067,1781269875,nicole,REACQUIRING,0.0,SEARCH,SCAN,SCAN,130.4,91.7,,
2026-06-12T15:11:15.153,1781269875,nicole,REACQUIRING,0.0,SEARCH,SCAN,SCAN,133.4,93.5,,
2026-06-12T15:11:15.253,1781269875,nicole,REACQUIRING,0.0,SEARCH,SCAN,SCAN,136.4,95.2,,
2026-06-12T15:11:15.358,1781269875,nicole,REACQUIRING,0.0,SEARCH,SCAN,SCAN,139.4,97.0,,
2026-06-12T15:11:15.467,1781269875,nicole,REACQUIRING,0.0,SEARCH,SCAN,SCAN,142.4,98.9,,
2026-06-12T15:11:15.557,1781269875,nicole,REACQUIRING,0.0,SEARCH,SCAN,SCAN,145.4,100.7,,
2026-06-12T15:11:15.653,1781269875,nicole,REACQUIRING,0.0,SEARCH,SCAN,SCAN,148.4,102.5,,
2026-06-12T15:11:15.766,1781269875,nicole,REACQUIRING,0.0,SEARCH,SCAN,SCAN,151.4,104.2,,
2026-06-12T15:11:15.868,1781269875,nicole,REACQUIRING,0.0,SEARCH,SCAN,SCAN,154.4,106.0,,
2026-06-12T15:11:15.958,1781269875,nicole,REACQUIRING,0.0,SEARCH,SCAN,SCAN,157.4,107.8,,
2026-06-12T15:11:16.051,1781269876,nicole,REACQUIRING,0.0,SEARCH,SCAN,SCAN,160.4,109.7,,
2026-06-12T15:11:16.168,1781269876,nicole,REACQUIRING,0.0,SEARCH,SCAN,SCAN,163.4,111.5,,
2026-06-12T15:11:16.258,1781269876,nicole,REACQUIRING,0.0,SEARCH,SCAN,SCAN,166.4,113.2,,
2026-06-12T15:11:16.361,1781269876,nicole,REACQUIRING,0.0,SEARCH,SCAN,SCAN,169.4,115.1,,
2026-06-12T15:11:16.477,1781269876,nicole,REACQUIRING,0.0,SEARCH,SCAN,SCAN,172.4,116.9,,
2026-06-12T15:11:16.566,1781269876,nicole,REACQUIRING,0.0,SEARCH,SCAN,SCAN,175.4,117.2,,
2026-06-12T15:11:16.664,1781269876,nicole,REACQUIRING,0.0,SEARCH,SCAN,SCAN,178.4,115.5,,
2026-06-12T15:11:16.764,1781269876,nicole,REACQUIRING,0.0,SEARCH,SCAN,SCAN,180.0,113.7,,
2026-06-12T15:11:16.875,1781269876,nicole,REACQUIRING,0.0,SEARCH,SCAN,SCAN,180.0,111.8,,
2026-06-12T15:11:16.969,1781269876,nicole,REACQUIRING,0.0,SEARCH,SCAN,SCAN,180.0,110.0,,
2026-06-12T15:11:17.063,1781269877,nicole,REACQUIRING,0.0,SEARCH,SCAN,SCAN,177.4,108.2,,
2026-06-12T15:11:17.181,1781269877,nicole,REACQUIRING,0.0,SEARCH,SCAN,SCAN,174.4,106.4,,
2026-06-12T15:11:17.271,1781269877,nicole,REACQUIRING,0.0,SEARCH,SCAN,SCAN,171.4,104.6,,
2026-06-12T15:11:17.369,1781269877,nicole,REACQUIRING,0.0,SEARCH,SCAN,SCAN,168.4,102.8,,
2026-06-12T15:11:17.464,1781269877,nicole,REACQUIRING,0.0,SEARCH,SCAN,SCAN,165.4,101.0,,
2026-06-12T15:11:17.567,1781269877,nicole,REACQUIRING,0.0,SEARCH,SCAN,SCAN,162.4,99.2,,
2026-06-12T15:11:17.664,1781269877,nicole,REACQUIRING,0.0,SEARCH,SCAN,SCAN,159.4,97.5,,
2026-06-12T15:11:17.765,1781269877,nicole,REACQUIRING,0.0,SEARCH,SCAN,SCAN,156.4,95.6,,
2026-06-12T15:11:17.875,1781269877,nicole,REACQUIRING,0.0,SEARCH,SCAN,SCAN,153.4,93.8,,
2026-06-12T15:11:17.974,1781269877,nicole,REACQUIRING,0.0,SEARCH,SCAN,SCAN,150.4,92.0,,
2026-06-12T15:11:18.075,1781269878,nicole,REACQUIRING,0.0,SEARCH,SCAN,SCAN,147.4,90.2,,
2026-06-12T15:11:18.180,1781269878,nicole,REACQUIRING,0.0,SEARCH,SCAN,SCAN,144.4,88.5,,
2026-06-12T15:11:18.277,1781269878,nicole,REACQUIRING,0.0,SEARCH,SCAN,SCAN,141.4,86.7,,
2026-06-12T15:11:18.373,1781269878,nicole,REACQUIRING,0.0,SEARCH,SCAN,SCAN,138.4,84.8,,
2026-06-12T15:11:18.473,1781269878,nicole,REACQUIRING,0.0,SEARCH,SCAN,SCAN,135.4,83.0,,
2026-06-12T15:11:18.585,1781269878,nicole,REACQUIRING,0.0,SEARCH,SCAN,SCAN,132.4,81.2,,
2026-06-12T15:11:18.673,1781269878,nicole,REACQUIRING,0.0,SEARCH,SCAN,SCAN,129.4,79.4,,
2026-06-12T15:11:18.778,1781269878,nicole,REACQUIRING,0.0,SEARCH,SCAN,SCAN,126.4,77.6,,
2026-06-12T15:11:18.891,1781269878,nicole,REACQUIRING,0.0,SEARCH,SCAN,SCAN,123.4,77.2,,
2026-06-12T15:11:18.985,1781269878,nicole,REACQUIRING,0.0,SEARCH,SCAN,SCAN,120.4,79.0,,
2026-06-12T15:11:19.082,1781269879,nicole,REACQUIRING,0.0,SEARCH,SCAN,SCAN,117.4,80.8,,
2026-06-12T15:11:19.170,1781269879,nicole,REACQUIRING,0.0,SEARCH,SCAN,SCAN,114.4,82.7,,
2026-06-12T15:11:19.290,1781269879,nicole,REACQUIRING,0.0,SEARCH,SCAN,SCAN,111.4,84.5,,
2026-06-12T15:11:19.376,1781269879,nicole,REACQUIRING,0.0,SEARCH,SCAN,SCAN,108.4,86.2,,
2026-06-12T15:11:19.475,1781269879,nicole,REACQUIRING,0.0,SEARCH,SCAN,SCAN,105.4,88.1,,
2026-06-12T15:11:19.591,1781269879,nicole,REACQUIRING,0.0,SEARCH,SCAN,SCAN,103.4,89.9,,
2026-06-12T15:11:19.683,1781269879,nicole,REACQUIRING,0.0,SEARCH,SCAN,SCAN,106.4,91.7,,
2026-06-12T15:11:19.786,1781269879,nicole,REACQUIRING,0.0,SEARCH,SCAN,SCAN,109.4,93.5,,
2026-06-12T15:11:19.882,1781269879,nicole,REACQUIRING,0.0,SEARCH,SCAN,SCAN,112.4,95.2,,
2026-06-12T15:11:19.992,1781269879,nicole,REACQUIRING,0.0,SEARCH,SCAN,SCAN,115.4,97.0,,
2026-06-12T15:11:20.087,1781269880,nicole,REACQUIRING,0.0,SEARCH,SCAN,SCAN,118.4,98.9,,
2026-06-12T15:11:20.187,1781269880,nicole,REACQUIRING,0.0,SEARCH,SCAN,SCAN,121.4,100.7,,
2026-06-12T15:11:20.296,1781269880,nicole,REACQUIRING,0.0,SEARCH,SCAN,SCAN,124.4,102.5,,
2026-06-12T15:11:20.389,1781269880,nicole,REACQUIRING,0.0,SEARCH,SCAN,SCAN,127.4,104.2,,
2026-06-12T15:11:20.489,1781269880,nicole,REACQUIRING,0.0,SEARCH,SCAN,SCAN,130.4,106.0,,
2026-06-12T15:11:20.588,1781269880,nicole,REACQUIRING,0.0,SEARCH,SCAN,SCAN,133.4,107.8,,
2026-06-12T15:11:20.695,1781269880,nicole,REACQUIRING,0.0,SEARCH,SCAN,SCAN,136.4,109.7,,
2026-06-12T15:11:20.791,1781269880,nicole,REACQUIRING,0.0,SEARCH,SCAN,SCAN,139.4,111.5,,
2026-06-12T15:11:20.891,1781269880,nicole,REACQUIRING,0.0,SEARCH,SCAN,SCAN,142.4,113.2,,
2026-06-12T15:11:20.997,1781269880,nicole,REACQUIRING,0.0,SEARCH,SCAN,SCAN,145.4,115.1,,
2026-06-12T15:11:21.096,1781269881,nicole,REACQUIRING,0.0,SEARCH,SCAN,SCAN,148.4,116.9,,
2026-06-12T15:11:21.186,1781269881,nicole,REACQUIRING,0.0,SEARCH,SCAN,SCAN,151.4,117.2,,
2026-06-12T15:11:21.287,1781269881,nicole,REACQUIRING,0.0,SEARCH,SCAN,SCAN,154.4,115.5,,
2026-06-12T15:11:21.402,1781269881,nicole,REACQUIRING,0.0,SEARCH,SCAN,SCAN,157.4,113.7,,
2026-06-12T15:11:21.499,1781269881,nicole,REACQUIRING,0.0,SEARCH,SCAN,SCAN,160.4,111.8,,
2026-06-12T15:11:21.585,1781269881,nicole,REACQUIRING,0.0,SEARCH,SCAN,SCAN,163.4,110.0,,
2026-06-12T15:11:21.701,1781269881,nicole,REACQUIRING,0.0,SEARCH,SCAN,SCAN,166.4,108.2,,
2026-06-12T15:11:21.800,1781269881,nicole,REACQUIRING,0.0,SEARCH,SCAN,SCAN,169.4,106.4,,
2026-06-12T15:11:21.893,1781269881,nicole,REACQUIRING,0.0,SEARCH,SCAN,SCAN,172.4,104.6,,
2026-06-12T15:11:21.993,1781269881,nicole,REACQUIRING,0.0,SEARCH,SCAN,SCAN,175.4,102.8,,
2026-06-12T15:11:22.109,1781269882,nicole,REACQUIRING,0.0,SEARCH,SCAN,SCAN,178.4,101.0,,
2026-06-12T15:11:22.199,1781269882,nicole,REACQUIRING,0.0,SEARCH,SCAN,SCAN,180.0,99.2,,
2026-06-12T15:11:22.297,1781269882,nicole,REACQUIRING,0.0,SEARCH,SCAN,SCAN,180.0,97.5,,
2026-06-12T15:11:22.409,1781269882,nicole,REACQUIRING,0.0,SEARCH,SCAN,SCAN,180.0,95.6,,
2026-06-12T15:11:22.510,1781269882,nicole,REACQUIRING,0.0,SEARCH,SCAN,SCAN,177.4,93.8,,
2026-06-12T15:11:22.668,1781269882,nicole,REACQUIRING,0.0,SEARCH,SCAN,SCAN,174.4,92.0,,
2026-06-12T15:11:22.752,1781269882,nicole,REACQUIRING,0.0,SEARCH,SCAN,SCAN,171.4,90.2,,
2026-06-12T15:11:22.848,1781269882,nicole,REACQUIRING,0.0,SEARCH,SCAN,SCAN,168.4,88.5,,
2026-06-12T15:11:22.897,1781269882,nicole,REACQUIRING,0.0,SEARCH,SCAN,SCAN,165.4,86.7,,
2026-06-12T15:11:22.993,1781269882,nicole,REACQUIRING,0.0,SEARCH,SCAN,SCAN,162.4,84.8,,
2026-06-12T15:11:23.105,1781269883,nicole,REACQUIRING,0.0,SEARCH,SCAN,SCAN,159.4,83.0,,
2026-06-12T15:11:23.201,1781269883,nicole,REACQUIRING,0.0,SEARCH,SCAN,SCAN,156.4,81.2,,
2026-06-12T15:11:23.297,1781269883,nicole,REACQUIRING,0.0,SEARCH,SCAN,SCAN,153.4,79.4,,
2026-06-12T15:11:23.410,1781269883,nicole,REACQUIRING,0.0,SEARCH,SCAN,SCAN,150.4,77.6,,
2026-06-12T15:11:23.512,1781269883,nicole,REACQUIRING,0.0,SEARCH,SCAN,SCAN,147.4,77.2,,
2026-06-12T15:11:23.667,1781269883,nicole,REACQUIRING,0.0,SEARCH,SCAN,SCAN,144.4,79.0,,
2026-06-12T15:11:23.702,1781269883,nicole,REACQUIRING,0.0,SEARCH,SCAN,SCAN,141.4,80.8,,
2026-06-12T15:11:23.854,1781269883,nicole,REACQUIRING,0.0,SEARCH,SCAN,SCAN,138.4,82.7,,
2026-06-12T15:11:23.951,1781269883,nicole,REACQUIRING,0.0,SEARCH,SCAN,SCAN,135.4,84.5,,
2026-06-12T15:11:24.045,1781269884,nicole,REACQUIRING,0.0,SEARCH,SCAN,SCAN,132.4,86.2,,
2026-06-12T15:11:24.194,1781269884,nicole,REACQUIRING,0.0,SEARCH,SCAN,SCAN,129.4,88.1,,
2026-06-12T15:11:24.257,1781269884,nicole,REACQUIRING,0.0,SEARCH,SCAN,SCAN,126.4,89.9,,
2026-06-12T15:11:24.350,1781269884,nicole,REACQUIRING,0.0,SEARCH,SCAN,SCAN,123.4,91.7,,
2026-06-12T15:11:24.443,1781269884,nicole,REACQUIRING,0.0,SEARCH,SCAN,SCAN,120.4,93.5,,
2026-06-12T15:11:24.556,1781269884,nicole,REACQUIRING,0.0,SEARCH,SCAN,SCAN,117.4,95.2,,
2026-06-12T15:11:24.653,1781269884,nicole,REACQUIRING,0.0,SEARCH,SCAN,SCAN,114.4,97.0,,
2026-06-12T15:11:24.751,1781269884,nicole,REACQUIRING,0.0,SEARCH,SCAN,SCAN,111.4,98.9,,
2026-06-12T15:11:24.861,1781269884,nicole,REACQUIRING,0.0,SEARCH,SCAN,SCAN,108.4,100.7,,
2026-06-12T15:11:24.956,1781269884,nicole,REACQUIRING,0.0,SEARCH,SCAN,SCAN,105.4,102.5,,
2026-06-12T15:11:25.052,1781269885,nicole,REACQUIRING,0.0,SEARCH,SCAN,SCAN,103.4,104.2,,
2026-06-12T15:11:25.149,1781269885,nicole,REACQUIRING,0.0,SEARCH,SCAN,SCAN,106.4,106.0,,
2026-06-12T15:11:25.261,1781269885,nicole,REACQUIRING,0.0,SEARCH,SCAN,SCAN,109.4,107.8,,
2026-06-12T15:11:25.356,1781269885,nicole,REACQUIRING,0.0,SEARCH,SCAN,SCAN,112.4,109.7,,
2026-06-12T15:11:25.452,1781269885,nicole,REACQUIRING,0.0,SEARCH,SCAN,SCAN,115.4,111.5,,
2026-06-12T15:11:25.564,1781269885,nicole,REACQUIRING,0.0,SEARCH,SCAN,SCAN,118.4,113.2,,
2026-06-12T15:11:25.661,1781269885,nicole,REACQUIRING,0.0,SEARCH,SCAN,SCAN,121.4,115.1,,
2026-06-12T15:11:25.756,1781269885,nicole,REACQUIRING,0.0,SEARCH,SCAN,SCAN,124.4,116.9,,
2026-06-12T15:11:25.853,1781269885,nicole,REACQUIRING,0.0,SEARCH,SCAN,SCAN,127.4,117.2,,
2026-06-12T15:11:25.969,1781269885,nicole,REACQUIRING,0.0,SEARCH,SCAN,SCAN,130.4,115.5,,
2026-06-12T15:11:26.061,1781269886,nicole,REACQUIRING,0.0,SEARCH,SCAN,SCAN,133.4,113.7,,
2026-06-12T15:11:26.159,1781269886,nicole,REACQUIRING,0.0,SEARCH,SCAN,SCAN,136.4,111.8,,
2026-06-12T15:11:26.267,1781269886,nicole,REACQUIRING,0.0,SEARCH,SCAN,SCAN,139.4,110.0,,
2026-06-12T15:11:26.365,1781269886,nicole,REACQUIRING,0.0,SEARCH,SCAN,SCAN,142.4,108.2,,
2026-06-12T15:11:26.465,1781269886,nicole,REACQUIRING,0.0,SEARCH,SCAN,SCAN,145.4,106.4,,
2026-06-12T15:11:26.574,1781269886,nicole,REACQUIRING,0.0,SEARCH,SCAN,SCAN,148.4,104.6,,
2026-06-12T15:11:26.668,1781269886,nicole,REACQUIRING,0.0,SEARCH,SCAN,SCAN,151.4,102.8,,
2026-06-12T15:11:26.762,1781269886,nicole,REACQUIRING,0.0,SEARCH,SCAN,SCAN,154.4,101.0,,
2026-06-12T15:11:26.862,1781269886,nicole,REACQUIRING,0.0,SEARCH,SCAN,SCAN,157.4,99.2,,
2026-06-12T15:11:26.974,1781269886,nicole,REACQUIRING,0.0,SEARCH,SCAN,SCAN,160.4,97.5,,
2026-06-12T15:11:27.102,1781269887,nicole,REACQUIRING,0.0,SEARCH,SCAN,SCAN,163.4,95.6,,
2026-06-12T15:11:27.167,1781269887,nicole,REACQUIRING,0.0,SEARCH,SCAN,SCAN,166.4,93.8,,
2026-06-12T15:11:27.234,1781269887,nicole,REACQUIRING,0.0,SEARCH,SCAN,SCAN,169.4,92.0,,
2026-06-12T15:11:27.330,1781269887,nicole,REACQUIRING,0.0,SEARCH,SCAN,SCAN,172.4,90.2,,
2026-06-12T15:11:27.425,1781269887,nicole,REACQUIRING,0.0,SEARCH,SCAN,SCAN,175.4,88.5,,
2026-06-12T15:11:27.520,1781269887,nicole,REACQUIRING,0.0,SEARCH,SCAN,SCAN,178.4,86.7,,
2026-06-12T15:11:27.632,1781269887,nicole,REACQUIRING,0.0,SEARCH,SCAN,SCAN,180.0,84.8,,
2026-06-12T15:11:27.730,1781269887,nicole,REACQUIRING,0.0,SEARCH,SCAN,SCAN,180.0,83.0,,
2026-06-12T15:11:27.833,1781269887,nicole,REACQUIRING,0.0,SEARCH,SCAN,SCAN,180.0,81.2,,
2026-06-12T15:11:27.950,1781269887,nicole,REACQUIRING,0.0,SEARCH,SCAN,SCAN,177.4,79.4,,
2026-06-12T15:11:28.033,1781269888,nicole,REACQUIRING,0.0,SEARCH,SCAN,SCAN,174.4,77.6,,
2026-06-12T15:11:28.206,1781269888,nicole,REACQUIRING,0.0,SEARCH,SCAN,SCAN,171.4,77.2,,
2026-06-12T15:11:28.271,1781269888,nicole,REACQUIRING,0.0,SEARCH,SCAN,SCAN,168.4,79.0,,
2026-06-12T15:11:28.391,1781269888,nicole,REACQUIRING,0.0,SEARCH,SCAN,SCAN,165.4,80.8,,
2026-06-12T15:11:28.439,1781269888,nicole,REACQUIRING,0.0,SEARCH,SCAN,SCAN,162.4,82.7,,
2026-06-12T15:11:28.534,1781269888,nicole,REACQUIRING,0.0,SEARCH,SCAN,SCAN,159.4,84.5,,
2026-06-12T15:11:28.688,1781269888,nicole,REACQUIRING,0.0,SEARCH,SCAN,SCAN,156.4,86.2,,
2026-06-12T15:11:28.781,1781269888,nicole,REACQUIRING,0.0,SEARCH,SCAN,SCAN,153.4,88.1,,
2026-06-12T15:11:28.833,1781269888,nicole,REACQUIRING,0.0,SEARCH,SCAN,SCAN,150.4,89.9,,
2026-06-12T15:11:28.929,1781269888,nicole,REACQUIRING,0.0,SEARCH,SCAN,SCAN,147.4,91.7,,
2026-06-12T15:11:29.041,1781269889,nicole,REACQUIRING,0.0,SEARCH,SCAN,SCAN,144.4,93.5,,
2026-06-12T15:11:29.137,1781269889,nicole,REACQUIRING,0.0,SEARCH,SCAN,SCAN,141.4,95.2,,
2026-06-12T15:11:29.232,1781269889,nicole,REACQUIRING,0.0,SEARCH,SCAN,SCAN,138.4,97.0,,
2026-06-12T15:11:29.344,1781269889,nicole,REACQUIRING,0.0,SEARCH,SCAN,SCAN,135.4,98.9,,
2026-06-12T15:11:29.451,1781269889,nicole,REACQUIRING,0.0,SEARCH,SCAN,SCAN,132.4,100.7,,
2026-06-12T15:11:29.546,1781269889,nicole,REACQUIRING,0.0,SEARCH,SCAN,SCAN,129.4,102.5,,
2026-06-12T15:11:29.641,1781269889,nicole,REACQUIRING,0.0,SEARCH,SCAN,SCAN,126.4,104.2,,
2026-06-12T15:11:29.749,1781269889,nicole,REACQUIRING,0.0,SEARCH,SCAN,SCAN,123.4,106.0,,
2026-06-12T15:11:29.907,1781269889,nicole,REACQUIRING,0.0,SEARCH,SCAN,SCAN,120.4,107.8,,
2026-06-12T15:11:29.983,1781269889,nicole,REACQUIRING,0.0,SEARCH,SCAN,SCAN,117.4,109.7,,
2026-06-12T15:11:30.094,1781269890,nicole,REACQUIRING,0.0,SEARCH,SCAN,SCAN,114.4,111.5,,
2026-06-12T15:11:30.226,1781269890,nicole,REACQUIRING,0.0,SEARCH,SCAN,SCAN,111.4,113.2,,
2026-06-12T15:11:30.303,1781269890,nicole,REACQUIRING,0.0,SEARCH,SCAN,SCAN,108.4,115.1,,
2026-06-12T15:11:30.337,1781269890,nicole,REACQUIRING,0.0,SEARCH,SCAN,SCAN,105.4,116.9,,
2026-06-12T15:11:30.450,1781269890,nicole,REACQUIRING,0.0,SEARCH,SCAN,SCAN,103.4,117.2,,
2026-06-12T15:11:30.546,1781269890,nicole,REACQUIRING,0.0,SEARCH,SCAN,SCAN,106.4,115.5,,
2026-06-12T15:11:30.641,1781269890,nicole,REACQUIRING,0.0,SEARCH,SCAN,SCAN,109.4,113.7,,
2026-06-12T15:11:30.752,1781269890,nicole,REACQUIRING,0.0,SEARCH,SCAN,SCAN,112.4,111.8,,
2026-06-12T15:11:30.848,1781269890,nicole,REACQUIRING,0.0,SEARCH,SCAN,SCAN,115.4,110.0,,
2026-06-12T15:11:30.952,1781269890,nicole,REACQUIRING,0.0,SEARCH,SCAN,SCAN,118.4,108.2,,
2026-06-12T15:11:31.057,1781269891,nicole,REACQUIRING,0.0,SEARCH,SCAN,SCAN,121.4,106.4,,
2026-06-12T15:11:31.159,1781269891,nicole,REACQUIRING,0.0,SEARCH,SCAN,SCAN,124.4,104.6,,
2026-06-12T15:11:31.254,1781269891,nicole,REACQUIRING,0.0,SEARCH,SCAN,SCAN,127.4,102.8,,
2026-06-12T15:11:31.354,1781269891,nicole,REACQUIRING,0.0,SEARCH,SCAN,SCAN,130.4,101.0,,
2026-06-12T15:11:31.466,1781269891,nicole,REACQUIRING,0.0,SEARCH,SCAN,SCAN,133.4,99.2,,
2026-06-12T15:11:31.559,1781269891,nicole,REACQUIRING,0.0,SEARCH,SCAN,SCAN,136.4,97.5,,
2026-06-12T15:11:31.651,1781269891,nicole,REACQUIRING,0.0,SEARCH,SCAN,SCAN,139.4,95.6,,
2026-06-12T15:11:31.765,1781269891,nicole,REACQUIRING,0.0,SEARCH,SCAN,SCAN,142.4,93.8,,
2026-06-12T15:11:31.926,1781269891,nicole,REACQUIRING,0.0,SEARCH,SCAN,SCAN,145.4,92.0,,
2026-06-12T15:11:32.001,1781269892,nicole,REACQUIRING,0.0,SEARCH,SCAN,SCAN,148.4,90.2,,
2026-06-12T15:11:32.092,1781269892,nicole,REACQUIRING,0.0,SEARCH,SCAN,SCAN,151.4,88.5,,
2026-06-12T15:11:32.232,1781269892,nicole,REACQUIRING,0.0,SEARCH,SCAN,SCAN,154.4,86.7,,
2026-06-12T15:11:32.305,1781269892,nicole,REACQUIRING,0.0,SEARCH,SCAN,SCAN,157.4,84.8,,
2026-06-12T15:11:32.399,1781269892,nicole,REACQUIRING,0.0,SEARCH,SCAN,SCAN,160.4,83.0,,
2026-06-12T15:11:32.509,1781269892,nicole,REACQUIRING,0.0,SEARCH,SCAN,SCAN,163.4,81.2,,
2026-06-12T15:11:32.608,1781269892,nicole,REACQUIRING,0.0,SEARCH,SCAN,SCAN,166.4,79.4,,
2026-06-12T15:11:32.702,1781269892,nicole,REACQUIRING,0.0,SEARCH,SCAN,SCAN,169.4,77.6,,
2026-06-12T15:11:32.796,1781269892,nicole,REACQUIRING,0.0,SEARCH,SCAN,SCAN,172.4,77.2,,
2026-06-12T15:11:32.909,1781269892,nicole,REACQUIRING,0.0,SEARCH,SCAN,SCAN,175.4,79.0,,
2026-06-12T15:11:33.007,1781269893,nicole,REACQUIRING,0.0,SEARCH,SCAN,SCAN,178.4,80.8,,
2026-06-12T15:11:33.126,1781269893,nicole,REACQUIRING,0.0,SEARCH,SCAN,SCAN,180.0,82.7,,
2026-06-12T15:11:33.211,1781269893,nicole,REACQUIRING,0.0,SEARCH,SCAN,SCAN,180.0,84.5,,
2026-06-12T15:11:33.312,1781269893,nicole,REACQUIRING,0.0,SEARCH,SCAN,SCAN,180.0,86.2,,
2026-06-12T15:11:33.421,1781269893,nicole,REACQUIRING,0.0,SEARCH,SCAN,SCAN,177.4,88.1,,
2026-06-12T15:11:33.502,1781269893,nicole,REACQUIRING,0.0,SEARCH,SCAN,SCAN,174.4,89.9,,
2026-06-12T15:11:33.614,1781269893,nicole,REACQUIRING,0.0,SEARCH,SCAN,SCAN,171.4,91.7,,
2026-06-12T15:11:33.708,1781269893,nicole,REACQUIRING,0.0,SEARCH,SCAN,SCAN,168.4,93.5,,
2026-06-12T15:11:33.807,1781269893,nicole,REACQUIRING,0.0,SEARCH,SCAN,SCAN,165.4,95.2,,
2026-06-12T15:11:33.945,1781269893,nicole,REACQUIRING,0.0,SEARCH,SCAN,SCAN,162.4,97.0,,
2026-06-12T15:11:34.014,1781269894,nicole,REACQUIRING,0.0,SEARCH,SCAN,SCAN,159.4,98.9,,
2026-06-12T15:11:34.122,1781269894,nicole,REACQUIRING,0.0,SEARCH,SCAN,SCAN,156.4,100.7,,
2026-06-12T15:11:34.204,1781269894,nicole,REACQUIRING,0.0,SEARCH,SCAN,SCAN,153.4,102.5,,
2026-06-12T15:11:34.318,1781269894,nicole,REACQUIRING,0.0,SEARCH,SCAN,SCAN,150.4,104.2,,
2026-06-12T15:11:34.437,1781269894,nicole,REACQUIRING,0.0,SEARCH,SCAN,SCAN,147.4,106.0,,
2026-06-12T15:11:34.514,1781269894,nicole,REACQUIRING,0.0,SEARCH,SCAN,SCAN,144.4,107.8,,
2026-06-12T15:11:34.653,1781269894,nicole,REACQUIRING,0.0,SEARCH,SCAN,SCAN,141.4,109.7,,
2026-06-12T15:11:34.720,1781269894,nicole,REACQUIRING,0.0,SEARCH,SCAN,SCAN,138.4,111.5,,
2026-06-12T15:11:34.827,1781269894,nicole,REACQUIRING,0.0,SEARCH,SCAN,SCAN,135.4,113.2,,
2026-06-12T15:11:34.908,1781269894,nicole,REACQUIRING,0.0,SEARCH,SCAN,SCAN,132.4,115.1,,
2026-06-12T15:11:35.031,1781269895,nicole,REACQUIRING,0.0,SEARCH,SCAN,SCAN,129.4,116.9,,
2026-06-12T15:11:35.115,1781269895,nicole,REACQUIRING,0.0,SEARCH,SCAN,SCAN,126.4,117.2,,
2026-06-12T15:11:35.213,1781269895,nicole,REACQUIRING,0.0,SEARCH,SCAN,SCAN,123.4,115.5,,
2026-06-12T15:11:35.326,1781269895,nicole,REACQUIRING,0.0,SEARCH,SCAN,SCAN,120.4,113.7,,
2026-06-12T15:11:35.419,1781269895,nicole,REACQUIRING,0.0,SEARCH,SCAN,SCAN,117.4,111.8,,
2026-06-12T15:11:35.534,1781269895,nicole,REACQUIRING,0.0,SEARCH,SCAN,SCAN,114.4,110.0,,
2026-06-12T15:11:35.634,1781269895,nicole,REACQUIRING,0.0,SEARCH,SCAN,SCAN,111.4,108.2,,
2026-06-12T15:11:35.726,1781269895,nicole,REACQUIRING,0.0,SEARCH,SCAN,SCAN,108.4,106.4,,
2026-06-12T15:11:35.832,1781269895,nicole,REACQUIRING,0.0,SEARCH,SCAN,SCAN,105.4,104.6,,
2026-06-12T15:11:35.936,1781269895,nicole,REACQUIRING,0.0,SEARCH,SCAN,SCAN,103.4,102.8,,
2026-06-12T15:11:36.028,1781269896,nicole,REACQUIRING,0.0,SEARCH,SCAN,SCAN,106.4,101.0,,
2026-06-12T15:11:36.126,1781269896,nicole,REACQUIRING,0.0,SEARCH,SCAN,SCAN,109.4,99.2,,
2026-06-12T15:11:36.228,1781269896,nicole,REACQUIRING,0.0,SEARCH,SCAN,SCAN,112.4,97.5,,
2026-06-12T15:11:36.295,1781269896,nicole,REACQUIRING,0.0,SEARCH,SCAN,SCAN,115.4,95.6,,
2026-06-12T15:11:36.385,1781269896,nicole,REACQUIRING,0.0,SEARCH,SCAN,SCAN,118.4,93.8,,
2026-06-12T15:11:36.481,1781269896,nicole,REACQUIRING,0.0,SEARCH,SCAN,SCAN,121.4,92.0,,
2026-06-12T15:11:36.577,1781269896,nicole,REACQUIRING,0.0,SEARCH,SCAN,SCAN,124.4,90.2,,
2026-06-12T15:11:36.689,1781269896,nicole,REACQUIRING,0.0,SEARCH,SCAN,SCAN,127.4,88.5,,
2026-06-12T15:11:36.785,1781269896,nicole,REACQUIRING,0.0,SEARCH,SCAN,SCAN,130.4,86.7,,
2026-06-12T15:11:36.888,1781269896,nicole,REACQUIRING,0.0,SEARCH,SCAN,SCAN,133.4,84.8,,
2026-06-12T15:11:37.002,1781269897,nicole,REACQUIRING,0.0,SEARCH,SCAN,SCAN,136.4,83.0,,
2026-06-12T15:11:37.096,1781269897,nicole,REACQUIRING,0.0,SEARCH,SCAN,SCAN,139.4,81.2,,
2026-06-12T15:11:37.191,1781269897,nicole,REACQUIRING,0.0,SEARCH,SCAN,SCAN,142.4,79.4,,
2026-06-12T15:11:37.285,1781269897,nicole,REACQUIRING,0.0,SEARCH,SCAN,SCAN,145.4,77.6,,
2026-06-12T15:11:37.403,1781269897,nicole,REACQUIRING,0.0,SEARCH,SCAN,SCAN,148.4,77.2,,
2026-06-12T15:11:37.494,1781269897,nicole,REACQUIRING,0.0,SEARCH,SCAN,SCAN,151.4,79.0,,
2026-06-12T15:11:37.592,1781269897,nicole,REACQUIRING,0.0,SEARCH,SCAN,SCAN,154.4,80.8,,
2026-06-12T15:11:37.703,1781269897,nicole,REACQUIRING,0.0,SEARCH,SCAN,SCAN,157.4,82.7,,
2026-06-12T15:11:37.795,1781269897,nicole,REACQUIRING,0.0,SEARCH,SCAN,SCAN,160.4,84.5,,
2026-06-12T15:11:37.897,1781269897,nicole,REACQUIRING,0.0,SEARCH,SCAN,SCAN,163.4,86.2,,
2026-06-12T15:11:37.990,1781269897,nicole,REACQUIRING,0.0,SEARCH,SCAN,SCAN,166.4,88.1,,
2026-06-12T15:11:38.105,1781269898,nicole,REACQUIRING,0.0,SEARCH,SCAN,SCAN,169.4,89.9,,
2026-06-12T15:11:38.198,1781269898,nicole,REACQUIRING,0.0,SEARCH,SCAN,SCAN,172.4,91.7,,
2026-06-12T15:11:38.298,1781269898,nicole,REACQUIRING,0.0,SEARCH,SCAN,SCAN,175.4,93.5,,
2026-06-12T15:11:38.412,1781269898,nicole,REACQUIRING,0.0,SEARCH,SCAN,SCAN,178.4,95.2,,
2026-06-12T15:11:38.499,1781269898,nicole,REACQUIRING,0.0,SEARCH,SCAN,SCAN,180.0,97.0,,
2026-06-12T15:11:38.601,1781269898,nicole,REACQUIRING,0.0,SEARCH,SCAN,SCAN,180.0,98.9,,
2026-06-12T15:11:38.696,1781269898,nicole,REACQUIRING,0.0,SEARCH,SCAN,SCAN,180.0,100.7,,
2026-06-12T15:11:38.811,1781269898,nicole,REACQUIRING,0.0,SEARCH,SCAN,SCAN,177.4,102.5,,
2026-06-12T15:11:38.904,1781269898,nicole,REACQUIRING,0.0,SEARCH,SCAN,SCAN,174.4,104.2,,
2026-06-12T15:11:39.004,1781269899,nicole,REACQUIRING,0.0,SEARCH,SCAN,SCAN,171.4,106.0,,
2026-06-12T15:11:39.113,1781269899,nicole,REACQUIRING,0.0,SEARCH,SCAN,SCAN,168.4,107.8,,
2026-06-12T15:11:39.209,1781269899,nicole,REACQUIRING,0.0,SEARCH,SCAN,SCAN,165.4,109.7,,
2026-06-12T15:11:39.305,1781269899,nicole,REACQUIRING,0.0,SEARCH,SCAN,SCAN,162.4,111.5,,
2026-06-12T15:11:39.398,1781269899,nicole,REACQUIRING,0.0,SEARCH,SCAN,SCAN,159.4,113.2,,
2026-06-12T15:11:39.512,1781269899,nicole,REACQUIRING,0.0,SEARCH,SCAN,SCAN,156.4,115.1,,
2026-06-12T15:11:39.608,1781269899,nicole,REACQUIRING,0.0,SEARCH,SCAN,SCAN,153.4,116.9,,
2026-06-12T15:11:39.699,1781269899,nicole,REACQUIRING,0.0,SEARCH,SCAN,SCAN,150.4,117.2,,
2026-06-12T15:11:39.812,1781269899,nicole,REACQUIRING,0.0,SEARCH,SCAN,SCAN,147.4,115.5,,
2026-06-12T15:11:39.911,1781269899,nicole,REACQUIRING,0.0,SEARCH,SCAN,SCAN,144.4,113.7,,
2026-06-12T15:11:40.008,1781269900,nicole,REACQUIRING,0.0,SEARCH,SCAN,SCAN,141.4,111.8,,
2026-06-12T15:11:40.099,1781269900,nicole,REACQUIRING,0.0,SEARCH,SCAN,SCAN,138.4,110.0,,
2026-06-12T15:11:40.212,1781269900,nicole,REACQUIRING,0.0,SEARCH,SCAN,SCAN,135.4,108.2,,
2026-06-12T15:11:40.309,1781269900,nicole,REACQUIRING,0.0,SEARCH,SCAN,SCAN,132.4,106.4,,
2026-06-12T15:11:40.400,1781269900,nicole,REACQUIRING,0.0,SEARCH,SCAN,SCAN,129.4,104.6,,
2026-06-12T15:11:40.517,1781269900,nicole,REACQUIRING,0.0,SEARCH,SCAN,SCAN,126.4,102.8,,
2026-06-12T15:11:40.617,1781269900,nicole,REACQUIRING,0.0,SEARCH,SCAN,SCAN,123.4,101.0,,
2026-06-12T15:11:40.710,1781269900,nicole,REACQUIRING,0.0,SEARCH,SCAN,SCAN,120.4,99.2,,
2026-06-12T15:11:40.821,1781269900,nicole,REACQUIRING,0.0,SEARCH,SCAN,SCAN,117.4,97.5,,
2026-06-12T15:11:40.920,1781269900,nicole,REACQUIRING,0.0,SEARCH,SCAN,SCAN,114.4,95.6,,
2026-06-12T15:11:41.020,1781269901,nicole,REACQUIRING,0.0,SEARCH,SCAN,SCAN,111.4,93.8,,
2026-06-12T15:11:41.114,1781269901,nicole,REACQUIRING,0.0,SEARCH,SCAN,SCAN,108.4,92.0,,
2026-06-12T15:11:41.228,1781269901,nicole,REACQUIRING,0.0,SEARCH,SCAN,SCAN,105.4,90.2,,
2026-06-12T15:11:41.322,1781269901,nicole,REACQUIRING,0.0,SEARCH,SCAN,SCAN,103.4,88.5,,
2026-06-12T15:11:41.418,1781269901,nicole,REACQUIRING,0.0,SEARCH,SCAN,SCAN,106.4,86.7,,
2026-06-12T15:11:41.527,1781269901,nicole,REACQUIRING,0.0,SEARCH,SCAN,SCAN,109.4,84.8,,
2026-06-12T15:11:41.623,1781269901,nicole,REACQUIRING,0.0,SEARCH,SCAN,SCAN,112.4,83.0,,
2026-06-12T15:11:41.719,1781269901,nicole,REACQUIRING,0.0,SEARCH,SCAN,SCAN,115.4,81.2,,
2026-06-12T15:11:41.814,1781269901,nicole,REACQUIRING,0.0,SEARCH,SCAN,SCAN,118.4,79.4,,
2026-06-12T15:11:41.928,1781269901,nicole,REACQUIRING,0.0,SEARCH,SCAN,SCAN,121.4,77.6,,
2026-06-12T15:11:42.029,1781269902,nicole,REACQUIRING,0.0,SEARCH,SCAN,SCAN,124.4,77.2,,
2026-06-12T15:11:42.121,1781269902,nicole,REACQUIRING,0.0,SEARCH,SCAN,SCAN,127.4,79.0,,
2026-06-12T15:11:42.231,1781269902,nicole,REACQUIRING,0.0,SEARCH,SCAN,SCAN,130.4,80.8,,
2026-06-12T15:11:42.323,1781269902,nicole,REACQUIRING,0.0,SEARCH,SCAN,SCAN,133.4,82.7,,
2026-06-12T15:11:42.425,1781269902,nicole,REACQUIRING,0.0,SEARCH,SCAN,SCAN,136.4,84.5,,
2026-06-12T15:11:42.521,1781269902,nicole,REACQUIRING,0.0,SEARCH,SCAN,SCAN,139.4,86.2,,
2026-06-12T15:11:42.628,1781269902,nicole,REACQUIRING,0.0,SEARCH,SCAN,SCAN,142.4,88.1,,
2026-06-12T15:11:42.729,1781269902,nicole,REACQUIRING,0.0,SEARCH,SCAN,SCAN,145.4,89.9,,
2026-06-12T15:11:42.822,1781269902,nicole,REACQUIRING,0.0,SEARCH,SCAN,SCAN,148.4,91.7,,
2026-06-12T15:11:42.939,1781269902,nicole,REACQUIRING,0.0,SEARCH,SCAN,SCAN,151.4,93.5,,
2026-06-12T15:11:43.029,1781269903,nicole,REACQUIRING,0.0,SEARCH,SCAN,SCAN,154.4,95.2,,
2026-06-12T15:11:43.129,1781269903,nicole,REACQUIRING,0.0,SEARCH,SCAN,SCAN,157.4,97.0,,
2026-06-12T15:11:43.228,1781269903,nicole,REACQUIRING,0.0,SEARCH,SCAN,SCAN,160.4,98.9,,
2026-06-12T15:11:43.338,1781269903,nicole,REACQUIRING,0.0,SEARCH,SCAN,SCAN,163.4,100.7,,
2026-06-12T15:11:43.434,1781269903,nicole,REACQUIRING,0.0,SEARCH,SCAN,SCAN,166.4,102.5,,
2026-06-12T15:11:43.530,1781269903,nicole,REACQUIRING,0.0,SEARCH,SCAN,SCAN,169.4,104.2,,
2026-06-12T15:11:43.636,1781269903,nicole,REACQUIRING,0.0,SEARCH,SCAN,SCAN,172.4,106.0,,
2026-06-12T15:11:43.734,1781269903,nicole,REACQUIRING,0.0,SEARCH,SCAN,SCAN,175.4,107.8,,
2026-06-12T15:11:43.832,1781269903,nicole,REACQUIRING,0.0,SEARCH,SCAN,SCAN,178.4,109.7,,
2026-06-12T15:11:43.925,1781269903,nicole,REACQUIRING,0.0,SEARCH,SCAN,SCAN,180.0,111.5,,
2026-06-12T15:11:44.037,1781269904,nicole,REACQUIRING,0.0,SEARCH,SCAN,SCAN,180.0,113.2,,
2026-06-12T15:11:44.137,1781269904,nicole,REACQUIRING,0.0,SEARCH,SCAN,SCAN,180.0,115.1,,
2026-06-12T15:11:44.224,1781269904,nicole,REACQUIRING,0.0,SEARCH,SCAN,SCAN,177.4,116.9,,
2026-06-12T15:11:44.341,1781269904,nicole,REACQUIRING,0.0,SEARCH,SCAN,SCAN,174.4,117.2,,
2026-06-12T15:11:44.442,1781269904,nicole,REACQUIRING,0.0,SEARCH,SCAN,SCAN,171.4,115.5,,
2026-06-12T15:11:44.534,1781269904,nicole,REACQUIRING,0.0,SEARCH,SCAN,SCAN,168.4,113.7,,
2026-06-12T15:11:44.650,1781269904,nicole,REACQUIRING,0.0,SEARCH,SCAN,SCAN,165.4,111.8,,
2026-06-12T15:11:44.744,1781269904,nicole,REACQUIRING,0.0,SEARCH,SCAN,SCAN,162.4,110.0,,
2026-06-12T15:11:44.840,1781269904,nicole,REACQUIRING,0.0,SEARCH,SCAN,SCAN,159.4,108.2,,
2026-06-12T15:11:44.935,1781269904,nicole,REACQUIRING,0.0,SEARCH,SCAN,SCAN,156.4,106.4,,
2026-06-12T15:11:45.045,1781269905,nicole,REACQUIRING,0.0,SEARCH,SCAN,SCAN,153.4,104.6,,
2026-06-12T15:11:45.144,1781269905,nicole,REACQUIRING,0.0,SEARCH,SCAN,SCAN,150.4,102.8,,
2026-06-12T15:11:45.232,1781269905,nicole,REACQUIRING,0.0,SEARCH,SCAN,SCAN,147.4,101.0,,
2026-06-12T15:11:45.352,1781269905,nicole,REACQUIRING,0.0,SEARCH,SCAN,SCAN,144.4,99.2,,
2026-06-12T15:11:45.453,1781269905,nicole,REACQUIRING,0.0,SEARCH,SCAN,SCAN,141.4,97.5,,
2026-06-12T15:11:45.541,1781269905,nicole,REACQUIRING,0.0,SEARCH,SCAN,SCAN,138.4,95.6,,
2026-06-12T15:11:45.637,1781269905,nicole,REACQUIRING,0.0,SEARCH,SCAN,SCAN,135.4,93.8,,
2026-06-12T15:11:45.749,1781269905,nicole,REACQUIRING,0.0,SEARCH,SCAN,SCAN,132.4,92.0,,
2026-06-12T15:11:45.851,1781269905,nicole,REACQUIRING,0.0,SEARCH,SCAN,SCAN,129.4,90.2,,
2026-06-12T15:11:45.943,1781269905,nicole,REACQUIRING,0.0,SEARCH,SCAN,SCAN,126.4,88.5,,
2026-06-12T15:11:46.059,1781269906,nicole,REACQUIRING,0.0,SEARCH,SCAN,SCAN,123.4,86.7,,
2026-06-12T15:11:46.155,1781269906,nicole,REACQUIRING,0.0,SEARCH,SCAN,SCAN,120.4,84.8,,
2026-06-12T15:11:46.250,1781269906,nicole,REACQUIRING,0.0,SEARCH,SCAN,SCAN,117.4,83.0,,
2026-06-12T15:11:46.347,1781269906,nicole,REACQUIRING,0.0,SEARCH,SCAN,SCAN,114.4,81.2,,
2026-06-12T15:11:46.459,1781269906,nicole,REACQUIRING,0.0,SEARCH,SCAN,SCAN,111.4,79.4,,
2026-06-12T15:11:46.556,1781269906,nicole,REACQUIRING,0.0,SEARCH,SCAN,SCAN,108.4,77.6,,
2026-06-12T15:11:46.652,1781269906,nicole,REACQUIRING,0.0,SEARCH,SCAN,SCAN,105.4,77.2,,
2026-06-12T15:11:46.761,1781269906,nicole,REACQUIRING,0.0,SEARCH,SCAN,SCAN,103.4,79.0,,
2026-06-12T15:11:46.857,1781269906,nicole,REACQUIRING,0.0,SEARCH,SCAN,SCAN,106.4,80.8,,
2026-06-12T15:11:46.952,1781269906,nicole,REACQUIRING,0.0,SEARCH,SCAN,SCAN,109.4,82.7,,
2026-06-12T15:11:47.050,1781269907,nicole,REACQUIRING,0.0,SEARCH,SCAN,SCAN,112.4,84.5,,
2026-06-12T15:11:47.158,1781269907,nicole,REACQUIRING,0.0,SEARCH,SCAN,SCAN,115.4,86.2,,
2026-06-12T15:11:47.256,1781269907,nicole,REACQUIRING,0.0,SEARCH,SCAN,SCAN,118.4,88.1,,
2026-06-12T15:11:47.352,1781269907,nicole,REACQUIRING,0.0,SEARCH,SCAN,SCAN,121.4,89.9,,
2026-06-12T15:11:47.465,1781269907,nicole,REACQUIRING,0.0,SEARCH,SCAN,SCAN,124.4,91.7,,
2026-06-12T15:11:47.561,1781269907,nicole,REACQUIRING,0.0,SEARCH,SCAN,SCAN,127.4,93.5,,
2026-06-12T15:11:47.651,1781269907,nicole,REACQUIRING,0.0,SEARCH,SCAN,SCAN,130.4,95.2,,
2026-06-12T15:11:47.775,1781269907,nicole,REACQUIRING,0.0,SEARCH,SCAN,SCAN,133.4,97.0,,
2026-06-12T15:11:47.866,1781269907,nicole,REACQUIRING,0.0,SEARCH,SCAN,SCAN,136.4,98.9,,
2026-06-12T15:11:47.957,1781269907,nicole,REACQUIRING,0.0,SEARCH,SCAN,SCAN,139.4,100.7,,
2026-06-12T15:11:48.059,1781269908,nicole,REACQUIRING,0.0,SEARCH,SCAN,SCAN,142.4,102.5,,
2026-06-12T15:11:48.165,1781269908,nicole,REACQUIRING,0.0,SEARCH,SCAN,SCAN,145.4,104.2,,
2026-06-12T15:11:48.267,1781269908,nicole,REACQUIRING,0.0,SEARCH,SCAN,SCAN,148.4,106.0,,
2026-06-12T15:11:48.360,1781269908,nicole,REACQUIRING,0.0,SEARCH,SCAN,SCAN,151.4,107.8,,
2026-06-12T15:11:48.470,1781269908,nicole,REACQUIRING,0.0,SEARCH,SCAN,SCAN,154.4,109.7,,
2026-06-12T15:11:48.568,1781269908,nicole,REACQUIRING,0.0,SEARCH,SCAN,SCAN,157.4,111.5,,
2026-06-12T15:11:48.665,1781269908,nicole,REACQUIRING,0.0,SEARCH,SCAN,SCAN,160.4,113.2,,
2026-06-12T15:11:48.753,1781269908,nicole,REACQUIRING,0.0,SEARCH,SCAN,SCAN,163.4,115.1,,
2026-06-12T15:11:48.871,1781269908,nicole,REACQUIRING,0.0,SEARCH,SCAN,SCAN,166.4,116.9,,
2026-06-12T15:11:48.966,1781269908,nicole,REACQUIRING,0.0,SEARCH,SCAN,SCAN,169.4,117.2,,
2026-06-12T15:11:49.057,1781269909,nicole,REACQUIRING,0.0,SEARCH,SCAN,SCAN,172.4,115.5,,
2026-06-12T15:11:49.174,1781269909,nicole,REACQUIRING,0.0,SEARCH,SCAN,SCAN,175.4,113.7,,
2026-06-12T15:11:49.269,1781269909,nicole,REACQUIRING,0.0,SEARCH,SCAN,SCAN,178.4,111.8,,
2026-06-12T15:11:49.366,1781269909,nicole,REACQUIRING,0.0,SEARCH,SCAN,SCAN,180.0,110.0,,
2026-06-12T15:11:49.461,1781269909,nicole,REACQUIRING,0.0,SEARCH,SCAN,SCAN,180.0,108.2,,
2026-06-12T15:11:49.578,1781269909,nicole,REACQUIRING,0.0,SEARCH,SCAN,SCAN,180.0,106.4,,
2026-06-12T15:11:49.674,1781269909,nicole,REACQUIRING,0.0,SEARCH,SCAN,SCAN,177.4,104.6,,
2026-06-12T15:11:49.763,1781269909,nicole,REACQUIRING,0.0,SEARCH,SCAN,SCAN,174.4,102.8,,
2026-06-12T15:11:49.881,1781269909,nicole,REACQUIRING,0.0,SEARCH,SCAN,SCAN,171.4,101.0,,
2026-06-12T15:11:49.968,1781269909,nicole,REACQUIRING,0.0,SEARCH,SCAN,SCAN,168.4,99.2,,
2026-06-12T15:11:50.071,1781269910,nicole,REACQUIRING,0.0,SEARCH,SCAN,SCAN,165.4,97.5,,
2026-06-12T15:11:50.166,1781269910,nicole,REACQUIRING,0.0,SEARCH,SCAN,SCAN,162.4,95.6,,
2026-06-12T15:11:50.281,1781269910,nicole,REACQUIRING,0.0,SEARCH,SCAN,SCAN,159.4,93.8,,
2026-06-12T15:11:50.373,1781269910,nicole,REACQUIRING,0.0,SEARCH,SCAN,SCAN,156.4,92.0,,
2026-06-12T15:11:50.470,1781269910,nicole,REACQUIRING,0.0,SEARCH,SCAN,SCAN,153.4,90.2,,
2026-06-12T15:11:50.584,1781269910,nicole,REACQUIRING,0.0,SEARCH,SCAN,SCAN,150.4,88.5,,
2026-06-12T15:11:50.677,1781269910,nicole,REACQUIRING,0.0,SEARCH,SCAN,SCAN,147.4,86.7,,
2026-06-12T15:11:50.774,1781269910,nicole,REACQUIRING,0.0,SEARCH,SCAN,SCAN,144.4,84.8,,
2026-06-12T15:11:50.872,1781269910,nicole,REACQUIRING,0.0,SEARCH,SCAN,SCAN,141.4,83.0,,
2026-06-12T15:11:50.981,1781269910,nicole,REACQUIRING,0.0,SEARCH,SCAN,SCAN,138.4,81.2,,
2026-06-12T15:11:51.072,1781269911,nicole,REACQUIRING,0.0,SEARCH,SCAN,SCAN,135.4,79.4,,
2026-06-12T15:11:51.173,1781269911,nicole,REACQUIRING,0.0,SEARCH,SCAN,SCAN,132.4,77.6,,
2026-06-12T15:11:51.286,1781269911,nicole,REACQUIRING,0.0,SEARCH,SCAN,SCAN,129.4,77.2,,
2026-06-12T15:11:51.382,1781269911,nicole,REACQUIRING,0.0,SEARCH,SCAN,SCAN,126.4,79.0,,
2026-06-12T15:11:51.477,1781269911,nicole,REACQUIRING,0.0,SEARCH,SCAN,SCAN,123.4,80.8,,
2026-06-12T15:11:51.589,1781269911,nicole,REACQUIRING,0.0,SEARCH,SCAN,SCAN,120.4,82.7,,
2026-06-12T15:11:51.692,1781269911,nicole,REACQUIRING,0.0,SEARCH,SCAN,SCAN,117.4,84.5,,
2026-06-12T15:11:51.784,1781269911,nicole,REACQUIRING,0.0,SEARCH,SCAN,SCAN,114.4,86.2,,
2026-06-12T15:11:51.879,1781269911,nicole,REACQUIRING,0.0,SEARCH,SCAN,SCAN,111.4,88.1,,
2026-06-12T15:11:51.994,1781269911,nicole,REACQUIRING,0.0,SEARCH,SCAN,SCAN,108.4,89.9,,
2026-06-12T15:11:52.081,1781269912,nicole,REACQUIRING,0.0,SEARCH,SCAN,SCAN,105.4,91.7,,
2026-06-12T15:11:52.185,1781269912,nicole,REACQUIRING,0.0,SEARCH,SCAN,SCAN,103.4,93.5,,
2026-06-12T15:11:52.297,1781269912,nicole,REACQUIRING,0.0,SEARCH,SCAN,SCAN,106.4,95.2,,
2026-06-12T15:11:52.392,1781269912,nicole,REACQUIRING,0.0,SEARCH,SCAN,SCAN,109.4,97.0,,
2026-06-12T15:11:52.492,1781269912,nicole,REACQUIRING,0.0,SEARCH,SCAN,SCAN,112.4,98.9,,
2026-06-12T15:11:52.586,1781269912,nicole,REACQUIRING,0.0,SEARCH,SCAN,SCAN,115.4,100.7,,
2026-06-12T15:11:52.698,1781269912,nicole,REACQUIRING,0.0,SEARCH,SCAN,SCAN,118.4,102.5,,
2026-06-12T15:11:52.785,1781269912,nicole,REACQUIRING,0.0,SEARCH,SCAN,SCAN,121.4,104.2,,
2026-06-12T15:11:52.885,1781269912,nicole,REACQUIRING,0.0,SEARCH,SCAN,SCAN,124.4,106.0,,
2026-06-12T15:11:53.001,1781269913,nicole,REACQUIRING,0.0,SEARCH,SCAN,SCAN,127.4,107.8,,
2026-06-12T15:11:53.096,1781269913,nicole,REACQUIRING,0.0,SEARCH,SCAN,SCAN,130.4,109.7,,
2026-06-12T15:11:53.189,1781269913,nicole,REACQUIRING,0.0,SEARCH,SCAN,SCAN,133.4,111.5,,
2026-06-12T15:11:53.290,1781269913,nicole,REACQUIRING,0.0,SEARCH,SCAN,SCAN,136.4,113.2,,
2026-06-12T15:11:53.403,1781269913,nicole,REACQUIRING,0.0,SEARCH,SCAN,SCAN,139.4,115.1,,
2026-06-12T15:11:53.497,1781269913,nicole,REACQUIRING,0.0,SEARCH,SCAN,SCAN,142.4,116.9,,
2026-06-12T15:11:53.590,1781269913,nicole,REACQUIRING,0.0,SEARCH,SCAN,SCAN,145.4,117.2,,
2026-06-12T15:11:53.706,1781269913,nicole,REACQUIRING,0.0,SEARCH,SCAN,SCAN,148.4,115.5,,
2026-06-12T15:11:53.802,1781269913,nicole,REACQUIRING,0.0,SEARCH,SCAN,SCAN,151.4,113.7,,
2026-06-12T15:11:53.899,1781269913,nicole,REACQUIRING,0.0,SEARCH,SCAN,SCAN,154.4,111.8,,
2026-06-12T15:11:53.984,1781269913,nicole,REACQUIRING,0.0,SEARCH,SCAN,SCAN,157.4,110.0,,
2026-06-12T15:11:54.105,1781269914,nicole,REACQUIRING,0.0,SEARCH,SCAN,SCAN,160.4,108.2,,
2026-06-12T15:11:54.204,1781269914,nicole,REACQUIRING,0.0,SEARCH,SCAN,SCAN,163.4,106.4,,
2026-06-12T15:11:54.294,1781269914,nicole,REACQUIRING,0.0,SEARCH,SCAN,SCAN,166.4,104.6,,
2026-06-12T15:11:54.412,1781269914,nicole,REACQUIRING,0.0,SEARCH,SCAN,SCAN,169.4,102.8,,
2026-06-12T15:11:54.499,1781269914,nicole,REACQUIRING,0.0,SEARCH,SCAN,SCAN,172.4,101.0,,
2026-06-12T15:11:54.596,1781269914,nicole,REACQUIRING,0.0,SEARCH,SCAN,SCAN,175.4,99.2,,
2026-06-12T15:11:54.713,1781269914,nicole,REACQUIRING,0.0,SEARCH,SCAN,SCAN,178.4,97.5,,
2026-06-12T15:11:54.807,1781269914,nicole,REACQUIRING,0.0,SEARCH,SCAN,SCAN,180.0,95.6,,
2026-06-12T15:11:54.902,1781269914,nicole,REACQUIRING,0.0,SEARCH,SCAN,SCAN,180.0,93.8,,
2026-06-12T15:11:54.998,1781269914,nicole,REACQUIRING,0.0,SEARCH,SCAN,SCAN,180.0,92.0,,
2026-06-12T15:11:55.110,1781269915,nicole,REACQUIRING,0.0,SEARCH,SCAN,SCAN,177.4,90.2,,
2026-06-12T15:11:55.209,1781269915,nicole,REACQUIRING,0.0,SEARCH,SCAN,SCAN,174.4,88.5,,
2026-06-12T15:11:55.299,1781269915,nicole,REACQUIRING,0.0,SEARCH,SCAN,SCAN,171.4,86.7,,
2026-06-12T15:11:55.414,1781269915,nicole,REACQUIRING,0.0,SEARCH,SCAN,SCAN,168.4,84.8,,
2026-06-12T15:11:55.510,1781269915,nicole,REACQUIRING,0.0,SEARCH,SCAN,SCAN,165.4,83.0,,
2026-06-12T15:11:55.610,1781269915,nicole,REACQUIRING,0.0,SEARCH,SCAN,SCAN,162.4,81.2,,
2026-06-12T15:11:55.782,1781269915,nicole,REACQUIRING,0.0,SEARCH,SCAN,SCAN,159.4,79.4,,
2026-06-12T15:11:55.809,1781269915,nicole,REACQUIRING,0.0,SEARCH,SCAN,SCAN,156.4,77.6,,
2026-06-12T15:11:55.905,1781269915,nicole,REACQUIRING,0.0,SEARCH,SCAN,SCAN,153.4,77.2,,
2026-06-12T15:11:56.001,1781269916,nicole,REACQUIRING,0.0,SEARCH,SCAN,SCAN,150.4,79.0,,
2026-06-12T15:11:56.112,1781269916,nicole,REACQUIRING,0.0,SEARCH,SCAN,SCAN,147.4,80.8,,
2026-06-12T15:11:56.209,1781269916,nicole,REACQUIRING,0.0,SEARCH,SCAN,SCAN,144.4,82.7,,
2026-06-12T15:11:56.305,1781269916,nicole,REACQUIRING,0.0,SEARCH,SCAN,SCAN,141.4,84.5,,
2026-06-12T15:11:56.408,1781269916,nicole,REACQUIRING,0.0,SEARCH,SCAN,SCAN,138.4,86.2,,
2026-06-12T15:11:56.522,1781269916,nicole,REACQUIRING,0.0,SEARCH,SCAN,SCAN,135.4,88.1,,
2026-06-12T15:11:56.617,1781269916,nicole,REACQUIRING,0.0,SEARCH,SCAN,SCAN,132.4,89.9,,
2026-06-12T15:11:56.712,1781269916,nicole,REACQUIRING,0.0,SEARCH,SCAN,SCAN,129.4,91.7,,
2026-06-12T15:11:56.828,1781269916,nicole,REACQUIRING,0.0,SEARCH,SCAN,SCAN,126.4,93.5,,
2026-06-12T15:11:56.921,1781269916,nicole,REACQUIRING,0.0,SEARCH,SCAN,SCAN,123.4,95.2,,
2026-06-12T15:11:57.016,1781269917,nicole,REACQUIRING,0.0,SEARCH,SCAN,SCAN,120.4,97.0,,
2026-06-12T15:11:57.108,1781269917,nicole,REACQUIRING,0.0,SEARCH,SCAN,SCAN,117.4,98.9,,
2026-06-12T15:11:57.225,1781269917,nicole,REACQUIRING,0.0,SEARCH,SCAN,SCAN,114.4,100.7,,
2026-06-12T15:11:57.324,1781269917,nicole,REACQUIRING,0.0,SEARCH,SCAN,SCAN,111.4,102.5,,
2026-06-12T15:11:57.417,1781269917,nicole,REACQUIRING,0.0,SEARCH,SCAN,SCAN,108.4,104.2,,
2026-06-12T15:11:57.527,1781269917,nicole,REACQUIRING,0.0,SEARCH,SCAN,SCAN,105.4,106.0,,
2026-06-12T15:11:57.622,1781269917,nicole,REACQUIRING,0.0,SEARCH,SCAN,SCAN,103.4,107.8,,
2026-06-12T15:11:57.721,1781269917,nicole,REACQUIRING,0.0,SEARCH,SCAN,SCAN,106.4,109.7,,
2026-06-12T15:11:57.825,1781269917,nicole,REACQUIRING,0.0,SEARCH,SCAN,SCAN,109.4,111.5,,
2026-06-12T15:11:57.926,1781269917,nicole,REACQUIRING,0.0,SEARCH,SCAN,SCAN,112.4,113.2,,
2026-06-12T15:11:58.025,1781269918,nicole,REACQUIRING,0.0,SEARCH,SCAN,SCAN,115.4,115.1,,
2026-06-12T15:11:58.120,1781269918,nicole,REACQUIRING,0.0,SEARCH,SCAN,SCAN,118.4,116.9,,
2026-06-12T15:11:58.234,1781269918,nicole,REACQUIRING,0.0,SEARCH,SCAN,SCAN,121.4,117.2,,
2026-06-12T15:11:58.323,1781269918,nicole,REACQUIRING,0.0,SEARCH,SCAN,SCAN,124.4,115.5,,
2026-06-12T15:11:58.425,1781269918,nicole,REACQUIRING,0.0,SEARCH,SCAN,SCAN,127.4,113.7,,
2026-06-12T15:11:58.539,1781269918,nicole,REACQUIRING,0.0,SEARCH,SCAN,SCAN,130.4,111.8,,
2026-06-12T15:11:58.633,1781269918,nicole,REACQUIRING,0.0,SEARCH,SCAN,SCAN,133.4,110.0,,
2026-06-12T15:11:58.793,1781269918,nicole,REACQUIRING,0.0,SEARCH,SCAN,SCAN,136.4,108.2,,
2026-06-12T15:11:58.861,1781269918,nicole,REACQUIRING,0.0,SEARCH,SCAN,SCAN,139.4,106.4,,
2026-06-12T15:11:58.933,1781269918,nicole,REACQUIRING,0.0,SEARCH,SCAN,SCAN,142.4,104.6,,
2026-06-12T15:11:59.071,1781269919,nicole,REACQUIRING,0.0,SEARCH,SCAN,SCAN,145.4,102.8,,
2026-06-12T15:11:59.126,1781269919,nicole,REACQUIRING,0.0,SEARCH,SCAN,SCAN,148.4,101.0,,
2026-06-12T15:11:59.292,1781269919,nicole,REACQUIRING,0.0,SEARCH,SCAN,SCAN,151.4,99.2,,
2026-06-12T15:11:59.377,1781269919,nicole,REACQUIRING,0.0,SEARCH,SCAN,SCAN,154.4,97.5,,
2026-06-12T15:11:59.469,1781269919,nicole,REACQUIRING,0.0,SEARCH,SCAN,SCAN,157.4,95.6,,
2026-06-12T15:11:59.591,1781269919,nicole,REACQUIRING,0.0,SEARCH,SCAN,SCAN,160.4,93.8,,
2026-06-12T15:11:59.677,1781269919,nicole,REACQUIRING,0.0,SEARCH,SCAN,SCAN,163.4,92.0,,
2026-06-12T15:11:59.782,1781269919,nicole,REACQUIRING,0.0,SEARCH,SCAN,SCAN,166.4,90.2,,
2026-06-12T15:11:59.869,1781269919,nicole,REACQUIRING,0.0,SEARCH,SCAN,SCAN,169.4,88.5,,
2026-06-12T15:11:59.987,1781269919,nicole,REACQUIRING,0.0,SEARCH,SCAN,SCAN,172.4,86.7,,
2026-06-12T15:12:00.078,1781269920,nicole,REACQUIRING,0.0,SEARCH,SCAN,SCAN,175.4,84.8,,
2026-06-12T15:12:00.191,1781269920,nicole,REACQUIRING,0.0,SEARCH,SCAN,SCAN,178.4,83.0,,
2026-06-12T15:12:00.269,1781269920,nicole,REACQUIRING,0.0,SEARCH,SCAN,SCAN,180.0,81.2,,
2026-06-12T15:12:00.409,1781269920,nicole,REACQUIRING,0.0,SEARCH,SCAN,SCAN,180.0,79.4,,
2026-06-12T15:12:00.515,1781269920,nicole,REACQUIRING,0.0,SEARCH,SCAN,SCAN,180.0,77.6,,
2026-06-12T15:12:00.574,1781269920,nicole,REACQUIRING,0.0,SEARCH,SCAN,SCAN,177.4,77.2,,
2026-06-12T15:12:00.713,1781269920,nicole,REACQUIRING,0.0,SEARCH,SCAN,SCAN,174.4,79.0,,
2026-06-12T15:12:00.781,1781269920,nicole,REACQUIRING,0.0,SEARCH,SCAN,SCAN,171.4,80.8,,
2026-06-12T15:12:00.886,1781269920,nicole,REACQUIRING,0.0,SEARCH,SCAN,SCAN,168.4,82.7,,
2026-06-12T15:12:00.973,1781269920,nicole,REACQUIRING,0.0,SEARCH,SCAN,SCAN,165.4,84.5,,
2026-06-12T15:12:01.087,1781269921,nicole,REACQUIRING,0.0,SEARCH,SCAN,SCAN,162.4,86.2,,
2026-06-12T15:12:01.209,1781269921,nicole,REACQUIRING,0.0,SEARCH,SCAN,SCAN,159.4,88.1,,
2026-06-12T15:12:01.287,1781269921,nicole,REACQUIRING,0.0,SEARCH,SCAN,SCAN,156.4,89.9,,
2026-06-12T15:12:01.427,1781269921,nicole,REACQUIRING,0.0,SEARCH,SCAN,SCAN,153.4,91.7,,
2026-06-12T15:12:01.486,1781269921,nicole,REACQUIRING,0.0,SEARCH,SCAN,SCAN,150.4,93.5,,
2026-06-12T15:12:01.582,1781269921,nicole,REACQUIRING,0.0,SEARCH,SCAN,SCAN,147.4,95.2,,
2026-06-12T15:12:01.694,1781269921,nicole,REACQUIRING,0.0,SEARCH,SCAN,SCAN,144.4,97.0,,
2026-06-12T15:12:01.790,1781269921,nicole,REACQUIRING,0.0,SEARCH,SCAN,SCAN,141.4,98.9,,
2026-06-12T15:12:01.886,1781269921,nicole,REACQUIRING,0.0,SEARCH,SCAN,SCAN,138.4,100.7,,
2026-06-12T15:12:02.018,1781269922,nicole,REACQUIRING,0.0,SEARCH,SCAN,SCAN,135.4,102.5,,
2026-06-12T15:12:02.112,1781269922,nicole,REACQUIRING,0.0,SEARCH,SCAN,SCAN,132.4,104.2,,
2026-06-12T15:12:02.231,1781269922,nicole,REACQUIRING,0.0,SEARCH,SCAN,SCAN,129.4,106.0,,
2026-06-12T15:12:02.326,1781269922,nicole,REACQUIRING,0.0,SEARCH,SCAN,SCAN,126.4,107.8,,
2026-06-12T15:12:02.399,1781269922,nicole,REACQUIRING,0.0,SEARCH,SCAN,SCAN,123.4,109.7,,
2026-06-12T15:12:02.513,1781269922,nicole,REACQUIRING,0.0,SEARCH,SCAN,SCAN,120.4,111.5,,
2026-06-12T15:12:02.593,1781269922,nicole,REACQUIRING,0.0,SEARCH,SCAN,SCAN,117.4,113.2,,
2026-06-12T15:12:02.685,1781269922,nicole,REACQUIRING,0.0,SEARCH,SCAN,SCAN,114.4,115.1,,
2026-06-12T15:12:02.834,1781269922,nicole,REACQUIRING,0.0,SEARCH,SCAN,SCAN,111.4,116.9,,
2026-06-12T15:12:02.894,1781269922,nicole,REACQUIRING,0.0,SEARCH,SCAN,SCAN,108.4,117.2,,
2026-06-12T15:12:02.996,1781269922,nicole,REACQUIRING,0.0,SEARCH,SCAN,SCAN,105.4,115.5,,
2026-06-12T15:12:03.115,1781269923,nicole,REACQUIRING,0.0,SEARCH,SCAN,SCAN,103.4,113.7,,
2026-06-12T15:12:03.206,1781269923,nicole,REACQUIRING,0.0,SEARCH,SCAN,SCAN,106.4,111.8,,
2026-06-12T15:12:03.293,1781269923,nicole,REACQUIRING,0.0,SEARCH,SCAN,SCAN,109.4,110.0,,
2026-06-12T15:12:03.387,1781269923,nicole,REACQUIRING,0.0,SEARCH,SCAN,SCAN,112.4,108.2,,
2026-06-12T15:12:03.503,1781269923,nicole,REACQUIRING,0.0,SEARCH,SCAN,SCAN,115.4,106.4,,
2026-06-12T15:12:03.605,1781269923,nicole,REACQUIRING,0.0,SEARCH,SCAN,SCAN,118.4,104.6,,
2026-06-12T15:12:03.710,1781269923,nicole,REACQUIRING,0.0,SEARCH,SCAN,SCAN,121.4,102.8,,
2026-06-12T15:12:03.805,1781269923,nicole,REACQUIRING,0.0,SEARCH,SCAN,SCAN,124.4,101.0,,
2026-06-12T15:12:03.905,1781269923,nicole,REACQUIRING,0.0,SEARCH,SCAN,SCAN,127.4,99.2,,
2026-06-12T15:12:04.002,1781269924,nicole,REACQUIRING,0.0,SEARCH,SCAN,SCAN,130.4,97.5,,
2026-06-12T15:12:04.127,1781269924,nicole,REACQUIRING,0.0,SEARCH,SCAN,SCAN,133.4,95.6,,
2026-06-12T15:12:04.209,1781269924,nicole,REACQUIRING,0.0,SEARCH,SCAN,SCAN,136.4,93.8,,
2026-06-12T15:12:04.315,1781269924,nicole,REACQUIRING,0.0,SEARCH,SCAN,SCAN,139.4,92.0,,
2026-06-12T15:12:04.403,1781269924,nicole,REACQUIRING,0.0,SEARCH,SCAN,SCAN,142.4,90.2,,
2026-06-12T15:12:04.538,1781269924,nicole,REACQUIRING,0.0,SEARCH,SCAN,SCAN,145.4,88.5,,
2026-06-12T15:12:04.613,1781269924,nicole,REACQUIRING,0.0,SEARCH,SCAN,SCAN,148.4,86.7,,
2026-06-12T15:12:04.717,1781269924,nicole,REACQUIRING,0.0,SEARCH,SCAN,SCAN,151.4,84.8,,
2026-06-12T15:12:04.844,1781269924,nicole,REACQUIRING,0.0,SEARCH,SCAN,SCAN,154.4,83.0,,
2026-06-12T15:12:04.945,1781269924,nicole,REACQUIRING,0.0,SEARCH,SCAN,SCAN,157.4,81.2,,
2026-06-12T15:12:05.013,1781269925,nicole,REACQUIRING,0.0,SEARCH,SCAN,SCAN,160.4,79.4,,
2026-06-12T15:12:05.116,1781269925,nicole,REACQUIRING,0.0,SEARCH,SCAN,SCAN,163.4,77.6,,
2026-06-12T15:12:05.216,1781269925,nicole,REACQUIRING,0.0,SEARCH,SCAN,SCAN,166.4,77.2,,
2026-06-12T15:12:05.312,1781269925,nicole,REACQUIRING,0.0,SEARCH,SCAN,SCAN,169.4,79.0,,
2026-06-12T15:12:05.411,1781269925,nicole,REACQUIRING,0.0,SEARCH,SCAN,SCAN,172.4,80.8,,
2026-06-12T15:12:05.519,1781269925,nicole,REACQUIRING,0.0,SEARCH,SCAN,SCAN,175.4,82.7,,
2026-06-12T15:12:05.614,1781269925,nicole,REACQUIRING,0.0,SEARCH,SCAN,SCAN,178.4,84.5,,
2026-06-12T15:12:05.709,1781269925,nicole,REACQUIRING,0.0,SEARCH,SCAN,SCAN,180.0,86.2,,
2026-06-12T15:12:05.821,1781269925,nicole,REACQUIRING,0.0,SEARCH,SCAN,SCAN,180.0,88.1,,
2026-06-12T15:12:05.917,1781269925,nicole,REACQUIRING,0.0,SEARCH,SCAN,SCAN,180.0,89.9,,
2026-06-12T15:12:06.013,1781269926,nicole,REACQUIRING,0.0,SEARCH,SCAN,SCAN,177.4,91.7,,
2026-06-12T15:12:06.108,1781269926,nicole,REACQUIRING,0.0,SEARCH,SCAN,SCAN,174.4,93.5,,
2026-06-12T15:12:06.222,1781269926,nicole,REACQUIRING,0.0,SEARCH,SCAN,SCAN,171.4,95.2,,
2026-06-12T15:12:06.330,1781269926,nicole,REACQUIRING,0.0,SEARCH,SCAN,SCAN,168.4,97.0,,
2026-06-12T15:12:06.414,1781269926,nicole,REACQUIRING,0.0,SEARCH,SCAN,SCAN,165.4,98.9,,
2026-06-12T15:12:06.509,1781269926,nicole,REACQUIRING,0.0,SEARCH,SCAN,SCAN,162.4,100.7,,
2026-06-12T15:12:06.622,1781269926,nicole,REACQUIRING,0.0,SEARCH,SCAN,SCAN,159.4,102.5,,
2026-06-12T15:12:06.716,1781269926,nicole,REACQUIRING,0.0,SEARCH,SCAN,SCAN,156.4,104.2,,
2026-06-12T15:12:06.814,1781269926,nicole,REACQUIRING,0.0,SEARCH,SCAN,SCAN,153.4,106.0,,
2026-06-12T15:12:06.928,1781269926,nicole,REACQUIRING,0.0,SEARCH,SCAN,SCAN,150.4,107.8,,
2026-06-12T15:12:07.021,1781269927,nicole,REACQUIRING,0.0,SEARCH,SCAN,SCAN,147.4,109.7,,
2026-06-12T15:12:07.148,1781269927,nicole,REACQUIRING,0.0,SEARCH,SCAN,SCAN,144.4,111.5,,
2026-06-12T15:12:07.219,1781269927,nicole,REACQUIRING,0.0,SEARCH,SCAN,SCAN,141.4,113.2,,
2026-06-12T15:12:07.325,1781269927,nicole,REACQUIRING,0.0,SEARCH,SCAN,SCAN,138.4,115.1,,
2026-06-12T15:12:07.420,1781269927,nicole,REACQUIRING,0.0,SEARCH,SCAN,SCAN,135.4,116.9,,
2026-06-12T15:12:07.518,1781269927,nicole,REACQUIRING,0.0,SEARCH,SCAN,SCAN,132.4,117.2,,
2026-06-12T15:12:07.591,1781269927,nicole,REACQUIRING,0.0,SEARCH,SCAN,SCAN,129.4,115.5,,
2026-06-12T15:12:07.680,1781269927,nicole,REACQUIRING,0.0,SEARCH,SCAN,SCAN,126.4,113.7,,
2026-06-12T15:12:07.777,1781269927,nicole,REACQUIRING,0.0,SEARCH,SCAN,SCAN,123.4,111.8,,
2026-06-12T15:12:07.888,1781269927,nicole,REACQUIRING,0.0,SEARCH,SCAN,SCAN,120.4,110.0,,
2026-06-12T15:12:07.984,1781269927,nicole,REACQUIRING,0.0,SEARCH,SCAN,SCAN,117.4,108.2,,
2026-06-12T15:12:08.081,1781269928,nicole,REACQUIRING,0.0,SEARCH,SCAN,SCAN,114.4,106.4,,
2026-06-12T15:12:08.181,1781269928,nicole,REACQUIRING,0.0,SEARCH,SCAN,SCAN,111.4,104.6,,
2026-06-12T15:12:08.296,1781269928,nicole,REACQUIRING,0.0,SEARCH,SCAN,SCAN,108.4,102.8,,
2026-06-12T15:12:08.395,1781269928,nicole,REACQUIRING,0.0,SEARCH,SCAN,SCAN,105.4,101.0,,
2026-06-12T15:12:08.486,1781269928,nicole,REACQUIRING,0.0,SEARCH,SCAN,SCAN,103.4,99.2,,
2026-06-12T15:12:08.600,1781269928,nicole,REACQUIRING,0.0,SEARCH,SCAN,SCAN,106.4,97.5,,
2026-06-12T15:12:08.700,1781269928,nicole,REACQUIRING,0.0,SEARCH,SCAN,SCAN,109.4,95.6,,
2026-06-12T15:12:08.794,1781269928,nicole,REACQUIRING,0.0,SEARCH,SCAN,SCAN,112.4,93.8,,
2026-06-12T15:12:08.884,1781269928,nicole,REACQUIRING,0.0,SEARCH,SCAN,SCAN,115.4,92.0,,
2026-06-12T15:12:09.005,1781269929,nicole,REACQUIRING,0.0,SEARCH,SCAN,SCAN,118.4,90.2,,
2026-06-12T15:12:09.097,1781269929,nicole,REACQUIRING,0.0,SEARCH,SCAN,SCAN,121.4,88.5,,
2026-06-12T15:12:09.192,1781269929,nicole,REACQUIRING,0.0,SEARCH,SCAN,SCAN,124.4,86.7,,
2026-06-12T15:12:09.305,1781269929,nicole,REACQUIRING,0.0,SEARCH,SCAN,SCAN,127.4,84.8,,
2026-06-12T15:12:09.406,1781269929,nicole,REACQUIRING,0.0,SEARCH,SCAN,SCAN,130.4,83.0,,
2026-06-12T15:12:09.504,1781269929,nicole,REACQUIRING,0.0,SEARCH,SCAN,SCAN,133.4,81.2,,
2026-06-12T15:12:09.604,1781269929,nicole,REACQUIRING,0.0,SEARCH,SCAN,SCAN,136.4,79.4,,
2026-06-12T15:12:09.714,1781269929,nicole,REACQUIRING,0.0,SEARCH,SCAN,SCAN,139.4,77.6,,
2026-06-12T15:12:09.806,1781269929,nicole,REACQUIRING,0.0,SEARCH,SCAN,SCAN,142.4,77.2,,
2026-06-12T15:12:09.900,1781269929,nicole,REACQUIRING,0.0,SEARCH,SCAN,SCAN,145.4,79.0,,
2026-06-12T15:12:10.012,1781269930,nicole,REACQUIRING,0.0,SEARCH,SCAN,SCAN,148.4,80.8,,
2026-06-12T15:12:10.101,1781269930,nicole,REACQUIRING,0.0,SEARCH,SCAN,SCAN,151.4,82.7,,
2026-06-12T15:12:10.214,1781269930,nicole,REACQUIRING,0.0,SEARCH,SCAN,SCAN,154.4,84.5,,
2026-06-12T15:12:10.311,1781269930,nicole,REACQUIRING,0.0,SEARCH,SCAN,SCAN,157.4,86.2,,
2026-06-12T15:12:10.424,1781269930,nicole,REACQUIRING,0.0,SEARCH,SCAN,SCAN,160.4,88.1,,
2026-06-12T15:12:10.511,1781269930,nicole,REACQUIRING,0.0,SEARCH,SCAN,SCAN,163.4,89.9,,
2026-06-12T15:12:10.610,1781269930,nicole,REACQUIRING,0.0,SEARCH,SCAN,SCAN,166.4,91.7,,
2026-06-12T15:12:10.715,1781269930,nicole,REACQUIRING,0.0,SEARCH,SCAN,SCAN,169.4,93.5,,
2026-06-12T15:12:10.811,1781269930,nicole,REACQUIRING,0.0,SEARCH,SCAN,SCAN,172.4,95.2,,
2026-06-12T15:12:10.903,1781269930,nicole,REACQUIRING,0.0,SEARCH,SCAN,SCAN,175.4,97.0,,
2026-06-12T15:12:11.000,1781269931,nicole,REACQUIRING,0.0,SEARCH,SCAN,SCAN,178.4,98.9,,
2026-06-12T15:12:11.111,1781269931,nicole,REACQUIRING,0.0,SEARCH,SCAN,SCAN,180.0,100.7,,
2026-06-12T15:12:11.206,1781269931,nicole,REACQUIRING,0.0,SEARCH,SCAN,SCAN,180.0,102.5,,
2026-06-12T15:12:11.297,1781269931,nicole,REACQUIRING,0.0,SEARCH,SCAN,SCAN,180.0,104.2,,
2026-06-12T15:12:11.417,1781269931,nicole,REACQUIRING,0.0,SEARCH,SCAN,SCAN,177.4,106.0,,
2026-06-12T15:12:11.514,1781269931,nicole,REACQUIRING,0.0,SEARCH,SCAN,SCAN,174.4,107.8,,
2026-06-12T15:12:11.613,1781269931,nicole,REACQUIRING,0.0,SEARCH,SCAN,SCAN,171.4,109.7,,
2026-06-12T15:12:11.733,1781269931,nicole,REACQUIRING,0.0,SEARCH,SCAN,SCAN,168.4,111.5,,
2026-06-12T15:12:11.811,1781269931,nicole,REACQUIRING,0.0,SEARCH,SCAN,SCAN,165.4,113.2,,
2026-06-12T15:12:11.909,1781269931,nicole,REACQUIRING,0.0,SEARCH,SCAN,SCAN,162.4,115.1,,
2026-06-12T15:12:12.010,1781269932,nicole,REACQUIRING,0.0,SEARCH,SCAN,SCAN,159.4,116.9,,
2026-06-12T15:12:12.117,1781269932,nicole,REACQUIRING,0.0,SEARCH,SCAN,SCAN,156.4,117.2,,
2026-06-12T15:12:12.219,1781269932,nicole,REACQUIRING,0.0,SEARCH,SCAN,SCAN,153.4,115.5,,
2026-06-12T15:12:12.317,1781269932,nicole,REACQUIRING,0.0,SEARCH,SCAN,SCAN,150.4,113.7,,
2026-06-12T15:12:12.427,1781269932,nicole,REACQUIRING,0.0,SEARCH,SCAN,SCAN,147.4,111.8,,
2026-06-12T15:12:12.525,1781269932,nicole,REACQUIRING,0.0,SEARCH,SCAN,SCAN,144.4,110.0,,
2026-06-12T15:12:12.623,1781269932,nicole,REACQUIRING,0.0,SEARCH,SCAN,SCAN,141.4,108.2,,
2026-06-12T15:12:12.720,1781269932,nicole,REACQUIRING,0.0,SEARCH,SCAN,SCAN,138.4,106.4,,
2026-06-12T15:12:12.832,1781269932,nicole,REACQUIRING,0.0,SEARCH,SCAN,SCAN,135.4,104.6,,
2026-06-12T15:12:12.929,1781269932,nicole,REACQUIRING,0.0,SEARCH,SCAN,SCAN,132.4,102.8,,
2026-06-12T15:12:13.056,1781269933,nicole,REACQUIRING,0.0,SEARCH,SCAN,SCAN,129.4,101.0,,
