timestamp_iso,unix_ts,speaker_id,lock_state,confidence,status,pan_command,tilt_command,pan_angle,tilt_angle,face_x,face_y
2026-06-12T17:21:30.197,1781277690,nicole,SEARCHING,0.0,SEARCH,SCAN,SCAN,100.0,90.0,,
2026-06-12T17:21:30.497,1781277690,nicole,SEARCHING,0.0,SEARCH,SCAN,SCAN,110.0,90.0,,
2026-06-12T17:21:30.801,1781277690,nicole,SEARCHING,0.0,SEARCH,SCAN,SCAN,120.0,90.0,,
2026-06-12T17:21:31.109,1781277691,nicole,SEARCHING,0.0,SEARCH,SCAN,SCAN,130.0,90.0,,
2026-06-12T17:21:31.409,1781277691,nicole,SEARCHING,0.0,SEARCH,SCAN,SCAN,140.0,90.0,,
2026-06-12T17:21:31.716,1781277691,nicole,SEARCHING,0.0,SEARCH,SCAN,SCAN,150.0,90.0,,
2026-06-12T17:21:32.020,1781277692,nicole,SEARCHING,0.0,SEARCH,SCAN,SCAN,155.0,90.0,,
2026-06-12T17:21:32.281,1781277692,nicole,SEARCHING,0.0,SEARCH,SCAN,SCAN,145.0,90.0,,
2026-06-12T17:21:32.659,1781277692,nicole,SEARCHING,0.0,SEARCH,SCAN,SCAN,135.0,90.0,,
2026-06-12T17:21:33.004,1781277693,nicole,SEARCHING,0.0,SEARCH,SCAN,SCAN,125.0,90.0,,
2026-06-12T17:21:33.307,1781277693,nicole,SEARCHING,0.0,SEARCH,SCAN,SCAN,115.0,90.0,,
2026-06-12T17:21:33.595,1781277693,nicole,SEARCHING,0.0,SEARCH,SCAN,SCAN,105.0,90.0,,
2026-06-12T17:21:33.915,1781277693,nicole,SEARCHING,0.0,SEARCH,SCAN,SCAN,95.0,90.0,,
2026-06-12T17:21:34.219,1781277694,nicole,SEARCHING,0.0,SEARCH,SCAN,SCAN,85.0,90.0,,
2026-06-12T17:21:34.523,1781277694,nicole,SEARCHING,0.0,SEARCH,SCAN,SCAN,75.0,90.0,,
2026-06-12T17:21:34.834,1781277694,nicole,SEARCHING,0.0,SEARCH,SCAN,SCAN,65.0,90.0,,
2026-06-12T17:21:35.139,1781277695,nicole,SEARCHING,0.0,SEARCH,SCAN,SCAN,55.0,90.0,,
2026-06-12T17:21:35.428,1781277695,nicole,SEARCHING,0.0,SEARCH,SCAN,SCAN,45.0,90.0,,
2026-06-12T17:21:35.727,1781277695,nicole,SEARCHING,0.0,SEARCH,SCAN,SCAN,35.0,90.0,,
2026-06-12T17:21:36.017,1781277696,nicole,SEARCHING,0.0,SEARCH,SCAN,SCAN,25.0,90.0,,
2026-06-12T17:21:36.374,1781277696,nicole,SEARCHING,0.0,SEARCH,SCAN,SCAN,35.0,90.0,,
2026-06-12T17:21:36.647,1781277696,nicole,SEARCHING,0.0,SEARCH,SCAN,SCAN,45.0,90.0,,
2026-06-12T17:21:37.023,1781277697,nicole,SEARCHING,0.0,SEARCH,SCAN,SCAN,55.0,90.0,,
2026-06-12T17:21:37.324,1781277697,nicole,SEARCHING,0.0,SEARCH,SCAN,SCAN,65.0,90.0,,
2026-06-12T17:21:37.643,1781277697,nicole,SEARCHING,0.0,SEARCH,SCAN,SCAN,75.0,90.0,,
2026-06-12T17:21:37.951,1781277697,nicole,SEARCHING,0.0,SEARCH,SCAN,SCAN,85.0,90.0,,
2026-06-12T17:21:38.337,1781277698,nicole,SEARCHING,0.0,SEARCH,SCAN,SCAN,95.0,90.0,,
2026-06-12T17:21:38.623,1781277698,nicole,SEARCHING,0.0,SEARCH,SCAN,SCAN,105.0,90.0,,
2026-06-12T17:21:38.933,1781277698,nicole,SEARCHING,0.0,SEARCH,SCAN,SCAN,115.0,90.0,,
2026-06-12T17:21:39.243,1781277699,nicole,SEARCHING,0.0,SEARCH,SCAN,SCAN,125.0,90.0,,
2026-06-12T17:21:39.537,1781277699,nicole,SEARCHING,0.0,SEARCH,SCAN,SCAN,135.0,90.0,,
2026-06-12T17:21:39.928,1781277699,nicole,SEARCHING,0.0,SEARCH,SCAN,SCAN,145.0,90.0,,
2026-06-12T17:21:40.239,1781277700,nicole,SEARCHING,0.0,SEARCH,SCAN,SCAN,155.0,90.0,,
2026-06-12T17:21:40.550,1781277700,nicole,SEARCHING,0.0,SEARCH,SCAN,SCAN,145.0,90.0,,
2026-06-12T17:21:40.646,1781277700,nicole,TRACKING,0.7827,CENTERED,CENTERED,CENTERED,145.0,87.9,611,327
2026-06-12T17:21:40.734,1781277700,nicole,TRACKING,0.7788,CENTERED,CENTERED,CENTERED,145.0,86.5,615,328
2026-06-12T17:21:40.839,1781277700,nicole,TRACKING,0.8448,CENTERED,CENTERED,CENTERED,145.0,85.8,639,335
2026-06-12T17:21:40.944,1781277700,nicole,TRACKING,0.858,CENTERED,CENTERED,CENTERED,145.0,85.3,641,335
2026-06-12T17:21:41.261,1781277701,nicole,REACQUIRING,0.0,SEARCH,SCAN,SCAN,100.0,90.0,,
2026-06-12T17:21:41.563,1781277701,nicole,REACQUIRING,0.0,SEARCH,SCAN,SCAN,110.0,90.0,,
2026-06-12T17:21:41.874,1781277701,nicole,REACQUIRING,0.0,SEARCH,SCAN,SCAN,120.0,90.0,,
2026-06-12T17:21:42.179,1781277702,nicole,REACQUIRING,0.0,SEARCH,SCAN,SCAN,130.0,90.0,,
2026-06-12T17:21:42.480,1781277702,nicole,REACQUIRING,0.0,SEARCH,SCAN,SCAN,140.0,90.0,,
2026-06-12T17:21:42.859,1781277702,nicole,REACQUIRING,0.0,SEARCH,SCAN,SCAN,150.0,90.0,,
2026-06-12T17:21:43.111,1781277703,nicole,REACQUIRING,0.0,SEARCH,SCAN,SCAN,155.0,90.0,,
2026-06-12T17:21:43.458,1781277703,nicole,REACQUIRING,0.0,SEARCH,SCAN,SCAN,145.0,90.0,,
2026-06-12T17:21:43.771,1781277703,nicole,REACQUIRING,0.0,SEARCH,SCAN,SCAN,135.0,90.0,,
2026-06-12T17:21:44.075,1781277704,nicole,REACQUIRING,0.0,SEARCH,SCAN,SCAN,125.0,90.0,,
2026-06-12T17:21:44.380,1781277704,nicole,REACQUIRING,0.0,SEARCH,SCAN,SCAN,115.0,90.0,,
2026-06-12T17:21:44.683,1781277704,nicole,REACQUIRING,0.0,SEARCH,SCAN,SCAN,105.0,90.0,,
2026-06-12T17:21:44.988,1781277704,nicole,REACQUIRING,0.0,SEARCH,SCAN,SCAN,95.0,90.0,,
2026-06-12T17:21:45.292,1781277705,nicole,REACQUIRING,0.0,SEARCH,SCAN,SCAN,85.0,90.0,,
2026-06-12T17:21:45.594,1781277705,nicole,REACQUIRING,0.0,SEARCH,SCAN,SCAN,75.0,90.0,,
2026-06-12T17:21:45.888,1781277705,nicole,REACQUIRING,0.0,SEARCH,SCAN,SCAN,65.0,90.0,,
2026-06-12T17:21:46.233,1781277706,nicole,REACQUIRING,0.0,SEARCH,SCAN,SCAN,55.0,90.0,,
2026-06-12T17:21:46.497,1781277706,nicole,REACQUIRING,0.0,SEARCH,SCAN,SCAN,45.0,90.0,,
2026-06-12T17:21:46.775,1781277706,nicole,REACQUIRING,0.0,SEARCH,SCAN,SCAN,35.0,90.0,,
2026-06-12T17:21:47.092,1781277707,nicole,REACQUIRING,0.0,SEARCH,SCAN,SCAN,25.0,90.0,,
2026-06-12T17:21:47.403,1781277707,nicole,REACQUIRING,0.0,SEARCH,SCAN,SCAN,35.0,90.0,,
2026-06-12T17:21:47.712,1781277707,nicole,REACQUIRING,0.0,SEARCH,SCAN,SCAN,45.0,90.0,,
2026-06-12T17:21:48.017,1781277708,nicole,REACQUIRING,0.0,SEARCH,SCAN,SCAN,55.0,90.0,,
2026-06-12T17:21:48.308,1781277708,nicole,REACQUIRING,0.0,SEARCH,SCAN,SCAN,65.0,90.0,,
2026-06-12T17:21:48.613,1781277708,nicole,REACQUIRING,0.0,SEARCH,SCAN,SCAN,75.0,90.0,,
2026-06-12T17:21:48.993,1781277708,nicole,REACQUIRING,0.0,SEARCH,SCAN,SCAN,85.0,90.0,,
2026-06-12T17:21:49.308,1781277709,nicole,REACQUIRING,0.0,SEARCH,SCAN,SCAN,95.0,90.0,,
2026-06-12T17:21:49.615,1781277709,nicole,REACQUIRING,0.0,SEARCH,SCAN,SCAN,105.0,90.0,,
2026-06-12T17:21:49.924,1781277709,nicole,REACQUIRING,0.0,SEARCH,SCAN,SCAN,115.0,90.0,,
2026-06-12T17:21:50.226,1781277710,nicole,REACQUIRING,0.0,SEARCH,SCAN,SCAN,125.0,90.0,,
2026-06-12T17:21:50.527,1781277710,nicole,REACQUIRING,0.0,SEARCH,SCAN,SCAN,135.0,90.0,,
2026-06-12T17:21:50.834,1781277710,nicole,REACQUIRING,0.0,SEARCH,SCAN,SCAN,145.0,90.0,,
2026-06-12T17:21:51.134,1781277711,nicole,REACQUIRING,0.0,SEARCH,SCAN,SCAN,155.0,90.0,,
2026-06-12T17:21:51.425,1781277711,nicole,REACQUIRING,0.0,SEARCH,SCAN,SCAN,145.0,90.0,,
2026-06-12T17:21:51.729,1781277711,nicole,REACQUIRING,0.0,SEARCH,SCAN,SCAN,135.0,90.0,,
2026-06-12T17:21:52.034,1781277712,nicole,REACQUIRING,0.0,SEARCH,SCAN,SCAN,125.0,90.0,,
2026-06-12T17:21:52.332,1781277712,nicole,REACQUIRING,0.0,SEARCH,SCAN,SCAN,115.0,90.0,,
2026-06-12T17:21:52.643,1781277712,nicole,REACQUIRING,0.0,SEARCH,SCAN,SCAN,105.0,90.0,,
2026-06-12T17:21:52.953,1781277712,nicole,REACQUIRING,0.0,SEARCH,SCAN,SCAN,95.0,90.0,,
2026-06-12T17:21:53.252,1781277713,nicole,REACQUIRING,0.0,SEARCH,SCAN,SCAN,85.0,90.0,,
2026-06-12T17:21:53.540,1781277713,nicole,REACQUIRING,0.0,SEARCH,SCAN,SCAN,75.0,90.0,,
2026-06-12T17:21:53.848,1781277713,nicole,REACQUIRING,0.0,SEARCH,SCAN,SCAN,65.0,90.0,,
2026-06-12T17:21:54.149,1781277714,nicole,REACQUIRING,0.0,SEARCH,SCAN,SCAN,55.0,90.0,,
2026-06-12T17:21:54.514,1781277714,nicole,REACQUIRING,0.0,SEARCH,SCAN,SCAN,45.0,90.0,,
2026-06-12T17:21:54.833,1781277714,nicole,REACQUIRING,0.0,SEARCH,SCAN,SCAN,35.0,90.0,,
2026-06-12T17:21:55.132,1781277715,nicole,REACQUIRING,0.0,SEARCH,SCAN,SCAN,25.0,90.0,,
2026-06-12T17:21:55.456,1781277715,nicole,REACQUIRING,0.0,SEARCH,SCAN,SCAN,35.0,90.0,,
2026-06-12T17:21:55.764,1781277715,nicole,REACQUIRING,0.0,SEARCH,SCAN,SCAN,45.0,90.0,,
2026-06-12T17:21:56.061,1781277716,nicole,REACQUIRING,0.0,SEARCH,SCAN,SCAN,55.0,90.0,,
2026-06-12T17:21:56.369,1781277716,nicole,REACQUIRING,0.0,SEARCH,SCAN,SCAN,65.0,90.0,,
2026-06-12T17:21:56.663,1781277716,nicole,REACQUIRING,0.0,SEARCH,SCAN,SCAN,75.0,90.0,,
2026-06-12T17:21:56.933,1781277716,nicole,REACQUIRING,0.0,SEARCH,SCAN,SCAN,85.0,90.0,,
2026-06-12T17:21:57.259,1781277717,nicole,REACQUIRING,0.0,SEARCH,SCAN,SCAN,95.0,90.0,,
2026-06-12T17:21:57.541,1781277717,nicole,REACQUIRING,0.0,SEARCH,SCAN,SCAN,105.0,90.0,,
2026-06-12T17:21:57.867,1781277717,nicole,REACQUIRING,0.0,SEARCH,SCAN,SCAN,115.0,90.0,,
2026-06-12T17:21:58.137,1781277718,nicole,REACQUIRING,0.0,SEARCH,SCAN,SCAN,125.0,90.0,,
2026-06-12T17:21:58.476,1781277718,nicole,REACQUIRING,0.0,SEARCH,SCAN,SCAN,135.0,90.0,,
2026-06-12T17:21:58.783,1781277718,nicole,REACQUIRING,0.0,SEARCH,SCAN,SCAN,145.0,90.0,,
2026-06-12T17:21:59.072,1781277719,nicole,REACQUIRING,0.0,SEARCH,SCAN,SCAN,155.0,90.0,,
2026-06-12T17:21:59.475,1781277719,nicole,REACQUIRING,0.0,SEARCH,SCAN,SCAN,145.0,90.0,,
2026-06-12T17:21:59.895,1781277719,nicole,REACQUIRING,0.0,SEARCH,SCAN,SCAN,135.0,90.0,,
2026-06-12T17:22:00.185,1781277720,nicole,REACQUIRING,0.0,SEARCH,SCAN,SCAN,125.0,90.0,,
2026-06-12T17:22:00.484,1781277720,nicole,REACQUIRING,0.0,SEARCH,SCAN,SCAN,115.0,90.0,,
2026-06-12T17:22:00.786,1781277720,nicole,REACQUIRING,0.0,SEARCH,SCAN,SCAN,105.0,90.0,,
2026-06-12T17:22:01.090,1781277721,nicole,REACQUIRING,0.0,SEARCH,SCAN,SCAN,95.0,90.0,,
2026-06-12T17:22:01.399,1781277721,nicole,REACQUIRING,0.0,SEARCH,SCAN,SCAN,85.0,90.0,,
2026-06-12T17:22:01.701,1781277721,nicole,REACQUIRING,0.0,SEARCH,SCAN,SCAN,75.0,90.0,,
2026-06-12T17:22:02.001,1781277722,nicole,REACQUIRING,0.0,SEARCH,SCAN,SCAN,65.0,90.0,,
2026-06-12T17:22:02.288,1781277722,nicole,REACQUIRING,0.0,SEARCH,SCAN,SCAN,55.0,90.0,,
2026-06-12T17:22:02.603,1781277722,nicole,REACQUIRING,0.0,SEARCH,SCAN,SCAN,45.0,90.0,,
2026-06-12T17:22:02.878,1781277722,nicole,REACQUIRING,0.0,SEARCH,SCAN,SCAN,35.0,90.0,,
2026-06-12T17:22:03.183,1781277723,nicole,REACQUIRING,0.0,SEARCH,SCAN,SCAN,25.0,90.0,,
2026-06-12T17:22:03.499,1781277723,nicole,REACQUIRING,0.0,SEARCH,SCAN,SCAN,35.0,90.0,,
2026-06-12T17:22:03.803,1781277723,nicole,REACQUIRING,0.0,SEARCH,SCAN,SCAN,45.0,90.0,,
2026-06-12T17:22:04.111,1781277724,nicole,REACQUIRING,0.0,SEARCH,SCAN,SCAN,55.0,90.0,,
2026-06-12T17:22:04.413,1781277724,nicole,REACQUIRING,0.0,SEARCH,SCAN,SCAN,65.0,90.0,,
2026-06-12T17:22:04.705,1781277724,nicole,REACQUIRING,0.0,SEARCH,SCAN,SCAN,75.0,90.0,,
2026-06-12T17:22:05.015,1781277725,nicole,REACQUIRING,0.0,SEARCH,SCAN,SCAN,85.0,90.0,,
2026-06-12T17:22:05.319,1781277725,nicole,REACQUIRING,0.0,SEARCH,SCAN,SCAN,95.0,90.0,,
2026-06-12T17:22:05.616,1781277725,nicole,REACQUIRING,0.0,SEARCH,SCAN,SCAN,105.0,90.0,,
2026-06-12T17:22:05.926,1781277725,nicole,REACQUIRING,0.0,SEARCH,SCAN,SCAN,115.0,90.0,,
2026-06-12T17:22:06.231,1781277726,nicole,REACQUIRING,0.0,SEARCH,SCAN,SCAN,125.0,90.0,,
2026-06-12T17:22:06.540,1781277726,nicole,REACQUIRING,0.0,SEARCH,SCAN,SCAN,135.0,90.0,,
2026-06-12T17:22:06.929,1781277726,nicole,REACQUIRING,0.0,SEARCH,SCAN,SCAN,145.0,90.0,,
2026-06-12T17:22:07.328,1781277727,nicole,REACQUIRING,0.0,SEARCH,SCAN,SCAN,155.0,90.0,,
2026-06-12T17:22:07.728,1781277727,nicole,REACQUIRING,0.0,SEARCH,SCAN,SCAN,145.0,90.0,,
2026-06-12T17:22:08.135,1781277728,nicole,REACQUIRING,0.0,SEARCH,SCAN,SCAN,135.0,90.0,,
2026-06-12T17:22:08.439,1781277728,nicole,REACQUIRING,0.0,SEARCH,SCAN,SCAN,125.0,90.0,,
2026-06-12T17:22:08.740,1781277728,nicole,REACQUIRING,0.0,SEARCH,SCAN,SCAN,115.0,90.0,,
2026-06-12T17:22:09.035,1781277729,nicole,REACQUIRING,0.0,SEARCH,SCAN,SCAN,105.0,90.0,,
2026-06-12T17:22:09.332,1781277729,nicole,REACQUIRING,0.0,SEARCH,SCAN,SCAN,95.0,90.0,,
2026-06-12T17:22:09.631,1781277729,nicole,REACQUIRING,0.0,SEARCH,SCAN,SCAN,85.0,90.0,,
2026-06-12T17:22:09.921,1781277729,nicole,REACQUIRING,0.0,SEARCH,SCAN,SCAN,75.0,90.0,,
2026-06-12T17:22:10.234,1781277730,nicole,REACQUIRING,0.0,SEARCH,SCAN,SCAN,65.0,90.0,,
2026-06-12T17:22:10.506,1781277730,nicole,TRACKING,0.6449,CENTERED,CENTERED,CENTERED,65.0,87.4,682,318
2026-06-12T17:22:10.624,1781277730,nicole,TRACKING,0.7392,CENTERED,CENTERED,CENTERED,65.0,85.7,678,323
2026-06-12T17:22:11.086,1781277731,nicole,TRACKING,0.6099,MOVE_RIGHT,RIGHT,CENTERED,61.7,84.5,854,323
2026-06-12T17:22:11.212,1781277731,nicole,TRACKING,0.6795,MOVE_RIGHT,RIGHT,CENTERED,58.3,83.5,853,322
2026-06-12T17:22:11.329,1781277731,nicole,TRACKING,0.7057,MOVE_RIGHT,RIGHT,CENTERED,55.1,82.9,849,324
2026-06-12T17:22:11.424,1781277731,nicole,TRACKING,0.6822,MOVE_RIGHT,RIGHT,CENTERED,51.8,82.5,846,326
2026-06-12T17:22:11.512,1781277731,nicole,TRACKING,0.728,MOVE_RIGHT,RIGHT,CENTERED,48.7,82.3,843,326
2026-06-12T17:22:11.630,1781277731,nicole,TRACKING,0.7605,MOVE_RIGHT,RIGHT,CENTERED,45.5,82.0,842,325
2026-06-12T17:22:11.837,1781277731,nicole,REACQUIRING,0.0,SEARCH,SCAN,SCAN,100.0,90.0,,
2026-06-12T17:22:12.140,1781277732,nicole,REACQUIRING,0.0,SEARCH,SCAN,SCAN,110.0,90.0,,
2026-06-12T17:22:12.449,1781277732,nicole,REACQUIRING,0.0,SEARCH,SCAN,SCAN,120.0,90.0,,
2026-06-12T17:22:12.753,1781277732,nicole,REACQUIRING,0.0,SEARCH,SCAN,SCAN,130.0,90.0,,
2026-06-12T17:22:13.054,1781277733,nicole,REACQUIRING,0.0,SEARCH,SCAN,SCAN,140.0,90.0,,
2026-06-12T17:22:13.361,1781277733,nicole,REACQUIRING,0.0,SEARCH,SCAN,SCAN,150.0,90.0,,
2026-06-12T17:22:13.665,1781277733,nicole,REACQUIRING,0.0,SEARCH,SCAN,SCAN,155.0,90.0,,
2026-06-12T17:22:13.960,1781277733,nicole,REACQUIRING,0.0,SEARCH,SCAN,SCAN,145.0,90.0,,
2026-06-12T17:22:14.259,1781277734,nicole,REACQUIRING,0.0,SEARCH,SCAN,SCAN,135.0,90.0,,
2026-06-12T17:22:14.560,1781277734,nicole,REACQUIRING,0.0,SEARCH,SCAN,SCAN,125.0,90.0,,
2026-06-12T17:22:14.864,1781277734,nicole,REACQUIRING,0.0,SEARCH,SCAN,SCAN,115.0,90.0,,
2026-06-12T17:22:15.167,1781277735,nicole,REACQUIRING,0.0,SEARCH,SCAN,SCAN,105.0,90.0,,
2026-06-12T17:22:15.472,1781277735,nicole,REACQUIRING,0.0,SEARCH,SCAN,SCAN,95.0,90.0,,
2026-06-12T17:22:15.776,1781277735,nicole,REACQUIRING,0.0,SEARCH,SCAN,SCAN,85.0,90.0,,
2026-06-12T17:22:16.180,1781277736,nicole,REACQUIRING,0.0,SEARCH,SCAN,SCAN,75.0,90.0,,
2026-06-12T17:22:16.577,1781277736,nicole,REACQUIRING,0.0,SEARCH,SCAN,SCAN,65.0,90.0,,
2026-06-12T17:22:16.857,1781277736,nicole,REACQUIRING,0.0,SEARCH,SCAN,SCAN,55.0,90.0,,
2026-06-12T17:22:16.956,1781277736,nicole,TRACKING,0.7179,CENTERED,CENTERED,CENTERED,55.0,89.2,563,347
2026-06-12T17:22:17.052,1781277737,nicole,TRACKING,0.7071,CENTERED,CENTERED,CENTERED,55.0,87.6,579,332
2026-06-12T17:22:17.631,1781277737,nicole,REACQUIRING,0.0,SEARCH,SCAN,SCAN,100.0,90.0,,
2026-06-12T17:22:17.733,1781277737,nicole,TRACKING,0.6586,MOVE_RIGHT,RIGHT,CENTERED,93.6,88.9,1049,342
2026-06-12T17:22:17.818,1781277737,nicole,TRACKING,0.7099,MOVE_RIGHT,RIGHT,CENTERED,87.2,87.3,1051,331
2026-06-12T17:22:18.075,1781277738,nicole,REACQUIRING,0.0,SEARCH,SCAN,SCAN,100.0,90.0,,
2026-06-12T17:22:18.379,1781277738,nicole,REACQUIRING,0.0,SEARCH,SCAN,SCAN,110.0,90.0,,
2026-06-12T17:22:18.690,1781277738,nicole,REACQUIRING,0.0,SEARCH,SCAN,SCAN,120.0,90.0,,
2026-06-12T17:22:18.997,1781277738,nicole,REACQUIRING,0.0,SEARCH,SCAN,SCAN,130.0,90.0,,
2026-06-12T17:22:19.299,1781277739,nicole,REACQUIRING,0.0,SEARCH,SCAN,SCAN,140.0,90.0,,
2026-06-12T17:22:19.579,1781277739,nicole,REACQUIRING,0.0,SEARCH,SCAN,SCAN,150.0,90.0,,
2026-06-12T17:22:19.891,1781277739,nicole,REACQUIRING,0.0,SEARCH,SCAN,SCAN,155.0,90.0,,
2026-06-12T17:22:20.191,1781277740,nicole,REACQUIRING,0.0,SEARCH,SCAN,SCAN,145.0,90.0,,
2026-06-12T17:22:20.501,1781277740,nicole,REACQUIRING,0.0,SEARCH,SCAN,SCAN,135.0,90.0,,
2026-06-12T17:22:20.807,1781277740,nicole,REACQUIRING,0.0,SEARCH,SCAN,SCAN,125.0,90.0,,
2026-06-12T17:22:21.104,1781277741,nicole,REACQUIRING,0.0,SEARCH,SCAN,SCAN,115.0,90.0,,
2026-06-12T17:22:21.412,1781277741,nicole,REACQUIRING,0.0,SEARCH,SCAN,SCAN,105.0,90.0,,
2026-06-12T17:22:21.703,1781277741,nicole,REACQUIRING,0.0,SEARCH,SCAN,SCAN,95.0,90.0,,
2026-06-12T17:22:21.999,1781277741,nicole,REACQUIRING,0.0,SEARCH,SCAN,SCAN,85.0,90.0,,
2026-06-12T17:22:22.304,1781277742,nicole,REACQUIRING,0.0,SEARCH,SCAN,SCAN,75.0,90.0,,
2026-06-12T17:22:22.685,1781277742,nicole,REACQUIRING,0.0,SEARCH,SCAN,SCAN,65.0,90.0,,
2026-06-12T17:22:23.004,1781277743,nicole,REACQUIRING,0.0,SEARCH,SCAN,SCAN,55.0,90.0,,
2026-06-12T17:22:23.304,1781277743,nicole,REACQUIRING,0.0,SEARCH,SCAN,SCAN,45.0,90.0,,
2026-06-12T17:22:23.563,1781277743,nicole,TRACKING,0.7103,MOVE_RIGHT,RIGHT,CENTERED,40.8,87.4,912,319
2026-06-12T17:22:23.819,1781277743,nicole,REACQUIRING,0.0,SEARCH,SCAN,SCAN,100.0,90.0,,
2026-06-12T17:22:24.107,1781277744,nicole,REACQUIRING,0.0,SEARCH,SCAN,SCAN,110.0,90.0,,
2026-06-12T17:22:24.417,1781277744,nicole,REACQUIRING,0.0,SEARCH,SCAN,SCAN,120.0,90.0,,
2026-06-12T17:22:24.729,1781277744,nicole,REACQUIRING,0.0,SEARCH,SCAN,SCAN,130.0,90.0,,
2026-06-12T17:22:25.027,1781277745,nicole,REACQUIRING,0.0,SEARCH,SCAN,SCAN,140.0,90.0,,
2026-06-12T17:22:25.329,1781277745,nicole,REACQUIRING,0.0,SEARCH,SCAN,SCAN,150.0,90.0,,
2026-06-12T17:22:25.608,1781277745,nicole,TRACKING,0.5768,MOVE_RIGHT,RIGHT,CENTERED,146.4,87.2,871,315
2026-06-12T17:22:25.708,1781277745,nicole,TRACKING,0.7509,MOVE_RIGHT,RIGHT,CENTERED,142.8,85.5,868,322
2026-06-12T17:22:25.803,1781277745,nicole,TRACKING,0.7653,MOVE_RIGHT,RIGHT,CENTERED,139.3,84.4,868,325
2026-06-12T17:22:25.906,1781277745,nicole,TRACKING,0.7341,MOVE_RIGHT,RIGHT,CENTERED,135.7,83.7,868,326
2026-06-12T17:22:26.014,1781277746,nicole,TRACKING,0.7486,MOVE_RIGHT,RIGHT,CENTERED,132.1,83.0,870,323
2026-06-12T17:22:26.111,1781277746,nicole,TRACKING,0.7552,MOVE_RIGHT,RIGHT,CENTERED,128.5,82.4,871,323
2026-06-12T17:22:26.167,1781277746,nicole,TRACKING,0.7539,MOVE_RIGHT,RIGHT,CENTERED,124.9,82.1,872,325
2026-06-12T17:22:26.264,1781277746,nicole,TRACKING,0.7552,MOVE_RIGHT,RIGHT,CENTERED,121.2,82.1,876,328
2026-06-12T17:22:26.412,1781277746,nicole,TRACKING,0.7573,MOVE_RIGHT,RIGHT,CENTERED,117.4,82.1,881,329
2026-06-12T17:22:26.471,1781277746,nicole,TRACKING,0.7674,MOVE_RIGHT,RIGHT,CENTERED,113.6,82.3,883,331
2026-06-12T17:22:26.572,1781277746,nicole,TRACKING,0.7395,MOVE_RIGHT,RIGHT,CENTERED,109.9,81.9,880,323
2026-06-12T17:22:26.680,1781277746,nicole,TRACKING,0.6655,MOVE_RIGHT,RIGHT,CENTERED,106.2,81.6,877,323
2026-06-12T17:22:26.814,1781277746,nicole,TRACKING,0.6724,MOVE_RIGHT,RIGHT,CENTERED,102.5,81.2,878,320
2026-06-12T17:22:26.900,1781277746,nicole,TRACKING,0.677,MOVE_RIGHT,RIGHT,CENTERED,98.7,80.8,882,319
2026-06-12T17:22:27.017,1781277747,nicole,TRACKING,0.6999,MOVE_RIGHT,RIGHT,CENTERED,94.9,80.7,882,321
2026-06-12T17:22:27.084,1781277747,nicole,TRACKING,0.6749,MOVE_RIGHT,RIGHT,CENTERED,91.1,80.5,880,319
2026-06-12T17:22:27.183,1781277747,nicole,TRACKING,0.6466,MOVE_RIGHT,RIGHT,CENTERED,87.4,80.2,877,318
2026-06-12T17:22:27.272,1781277747,nicole,TRACKING,0.6511,MOVE_RIGHT,RIGHT,CENTERED,83.8,80.2,875,320
2026-06-12T17:22:27.414,1781277747,nicole,TRACKING,0.669,MOVE_RIGHT,RIGHT,CENTERED,80.1,80.1,873,319
2026-06-12T17:22:27.486,1781277747,nicole,TRACKING,0.6913,MOVE_RIGHT,RIGHT,CENTERED,76.6,80.1,867,321
2026-06-12T17:22:27.592,1781277747,nicole,TRACKING,0.6862,MOVE_RIGHT,RIGHT,CENTERED,73.1,80.4,864,325
2026-06-12T17:22:27.726,1781277747,nicole,TRACKING,0.6574,MOVE_RIGHT,RIGHT,CENTERED,69.6,80.7,860,326
2026-06-12T17:22:27.791,1781277747,nicole,TRACKING,0.663,MOVE_RIGHT,RIGHT,CENTERED,66.3,81.1,855,329
2026-06-12T17:22:27.898,1781277747,nicole,TRACKING,0.6992,MOVE_RIGHT,RIGHT,CENTERED,63.0,81.4,853,330
2026-06-12T17:22:27.982,1781277747,nicole,TRACKING,0.7323,MOVE_RIGHT,RIGHT,CENTERED,59.7,81.6,848,329
2026-06-12T17:22:28.095,1781277748,nicole,TRACKING,0.7288,MOVE_RIGHT,RIGHT,CENTERED,56.5,81.7,845,328
2026-06-12T17:22:28.186,1781277748,nicole,TRACKING,0.7153,MOVE_RIGHT,RIGHT,CENTERED,53.3,81.8,843,328
2026-06-12T17:22:28.291,1781277748,nicole,TRACKING,0.7182,MOVE_RIGHT,RIGHT,CENTERED,50.2,81.8,842,327
2026-06-12T17:22:28.429,1781277748,nicole,TRACKING,0.7188,MOVE_RIGHT,RIGHT,CENTERED,47.0,81.8,845,328
2026-06-12T17:22:28.520,1781277748,nicole,TRACKING,0.7209,MOVE_RIGHT,RIGHT,CENTERED,43.8,82.0,845,330
2026-06-12T17:22:28.587,1781277748,nicole,TRACKING,0.7037,MOVE_RIGHT,RIGHT,CENTERED,40.6,81.9,845,327
2026-06-12T17:22:28.684,1781277748,nicole,TRACKING,0.6986,MOVE_RIGHT,RIGHT,CENTERED,37.4,81.9,845,327
2026-06-12T17:22:28.796,1781277748,nicole,TRACKING,0.6854,MOVE_RIGHT,RIGHT,CENTERED,34.2,81.8,843,326
2026-06-12T17:22:28.886,1781277748,nicole,TRACKING,0.6703,MOVE_RIGHT,RIGHT,CENTERED,31.0,81.8,841,328
2026-06-12T17:22:29.013,1781277749,nicole,TRACKING,0.6913,MOVE_RIGHT,RIGHT,CENTERED,28.0,81.9,837,329
2026-06-12T17:22:29.098,1781277749,nicole,TRACKING,0.6951,MOVE_RIGHT,RIGHT,CENTERED,25.0,81.8,833,326
2026-06-12T17:22:29.203,1781277749,nicole,TRACKING,0.7064,MOVE_RIGHT,RIGHT,CENTERED,22.0,81.9,830,328
2026-06-12T17:22:29.288,1781277749,nicole,TRACKING,0.7285,MOVE_RIGHT,RIGHT,CENTERED,19.0,82.0,829,329
2026-06-12T17:22:29.385,1781277749,nicole,TRACKING,0.71,MOVE_RIGHT,RIGHT,CENTERED,16.1,82.1,829,330
2026-06-12T17:22:29.499,1781277749,nicole,TRACKING,0.7127,MOVE_RIGHT,RIGHT,CENTERED,13.1,82.2,829,330
2026-06-12T17:22:29.598,1781277749,nicole,TRACKING,0.7325,MOVE_RIGHT,RIGHT,CENTERED,10.2,82.3,830,330
2026-06-12T17:22:29.689,1781277749,nicole,TRACKING,0.7051,MOVE_RIGHT,RIGHT,CENTERED,7.3,82.5,825,332
2026-06-12T17:22:29.800,1781277749,nicole,TRACKING,0.7153,MOVE_RIGHT,RIGHT,CENTERED,4.5,82.9,819,337
2026-06-12T17:22:29.895,1781277749,nicole,TRACKING,0.6742,MOVE_RIGHT,RIGHT,CENTERED,2.0,83.6,799,342
2026-06-12T17:22:30.012,1781277750,nicole,TRACKING,0.6928,CENTERED,CENTERED,CENTERED,2.0,84.5,780,349
2026-06-12T17:22:30.109,1781277750,nicole,TRACKING,0.7263,CENTERED,CENTERED,CENTERED,2.0,85.5,762,354
2026-06-12T17:22:30.226,1781277750,nicole,TRACKING,0.7244,CENTERED,CENTERED,CENTERED,2.0,86.1,753,351
2026-06-12T17:22:30.319,1781277750,nicole,TRACKING,0.7043,CENTERED,CENTERED,CENTERED,2.0,86.5,748,352
2026-06-12T17:22:30.423,1781277750,nicole,TRACKING,0.6934,CENTERED,CENTERED,CENTERED,2.0,86.7,747,349
2026-06-12T17:22:30.534,1781277750,nicole,TRACKING,0.6978,CENTERED,CENTERED,CENTERED,2.0,86.8,745,349
2026-06-12T17:22:30.603,1781277750,nicole,TRACKING,0.7044,CENTERED,CENTERED,CENTERED,2.0,86.8,743,347
2026-06-12T17:22:30.735,1781277750,nicole,TRACKING,0.678,CENTERED,CENTERED,CENTERED,2.0,86.9,742,348
2026-06-12T17:22:30.817,1781277750,nicole,TRACKING,0.6908,CENTERED,CENTERED,CENTERED,2.0,86.9,742,348
2026-06-12T17:22:30.905,1781277750,nicole,TRACKING,0.6876,CENTERED,CENTERED,CENTERED,2.0,87.0,746,349
2026-06-12T17:22:31.000,1781277751,nicole,TRACKING,0.6933,CENTERED,CENTERED,CENTERED,2.0,87.0,747,348
2026-06-12T17:22:31.098,1781277751,nicole,TRACKING,0.7082,CENTERED,CENTERED,CENTERED,2.0,87.1,750,350
2026-06-12T17:22:31.222,1781277751,nicole,TRACKING,0.6865,CENTERED,CENTERED,CENTERED,2.0,87.2,751,349
2026-06-12T17:22:31.302,1781277751,nicole,TRACKING,0.7011,CENTERED,CENTERED,CENTERED,2.0,87.2,754,349
2026-06-12T17:22:31.403,1781277751,nicole,TRACKING,0.7196,CENTERED,CENTERED,CENTERED,2.0,87.3,757,351
2026-06-12T17:22:31.551,1781277751,nicole,TRACKING,0.7125,CENTERED,CENTERED,CENTERED,2.0,87.4,760,350
2026-06-12T17:22:31.653,1781277751,nicole,TRACKING,0.698,CENTERED,CENTERED,CENTERED,2.0,87.4,762,350
2026-06-12T17:22:31.741,1781277751,nicole,TRACKING,0.6934,CENTERED,CENTERED,CENTERED,2.0,87.4,761,350
2026-06-12T17:22:31.844,1781277751,nicole,TRACKING,0.7078,CENTERED,CENTERED,CENTERED,2.0,87.5,762,351
2026-06-12T17:22:31.950,1781277751,nicole,TRACKING,0.6937,CENTERED,CENTERED,CENTERED,2.0,87.6,762,351
2026-06-12T17:22:32.047,1781277752,nicole,TRACKING,0.7161,CENTERED,CENTERED,CENTERED,2.0,87.6,760,351
2026-06-12T17:22:32.139,1781277752,nicole,TRACKING,0.6884,CENTERED,CENTERED,CENTERED,2.0,87.5,760,349
2026-06-12T17:22:32.248,1781277752,nicole,TRACKING,0.6786,CENTERED,CENTERED,CENTERED,2.0,87.5,762,349
2026-06-12T17:22:32.346,1781277752,nicole,TRACKING,0.6848,CENTERED,CENTERED,CENTERED,2.0,87.4,763,349
2026-06-12T17:22:32.455,1781277752,nicole,TRACKING,0.6901,CENTERED,CENTERED,CENTERED,2.0,87.4,762,349
2026-06-12T17:22:32.547,1781277752,nicole,TRACKING,0.6848,CENTERED,CENTERED,CENTERED,2.0,87.4,763,350
2026-06-12T17:22:32.656,1781277752,nicole,TRACKING,0.6669,CENTERED,CENTERED,CENTERED,2.0,87.4,760,349
2026-06-12T17:22:32.746,1781277752,nicole,TRACKING,0.6888,CENTERED,CENTERED,CENTERED,2.0,87.4,762,350
2026-06-12T17:22:32.842,1781277752,nicole,TRACKING,0.7693,CENTERED,CENTERED,CENTERED,2.0,87.4,761,350
2026-06-12T17:22:32.965,1781277752,nicole,TRACKING,0.7893,CENTERED,CENTERED,CENTERED,2.0,87.8,755,356
2026-06-12T17:22:33.049,1781277753,nicole,TRACKING,0.7885,CENTERED,CENTERED,CENTERED,2.0,88.0,730,355
2026-06-12T17:22:33.144,1781277753,nicole,TRACKING,0.8256,CENTERED,CENTERED,CENTERED,2.0,88.4,719,358
2026-06-12T17:22:33.244,1781277753,nicole,TRACKING,0.8311,CENTERED,CENTERED,CENTERED,2.0,88.6,708,356
2026-06-12T17:22:33.354,1781277753,nicole,TRACKING,0.8217,CENTERED,CENTERED,CENTERED,2.0,88.8,702,358
2026-06-12T17:22:33.455,1781277753,nicole,TRACKING,0.8182,CENTERED,CENTERED,CENTERED,2.0,88.8,699,355
2026-06-12T17:22:33.550,1781277753,nicole,TRACKING,0.8128,CENTERED,CENTERED,CENTERED,2.0,88.8,700,355
2026-06-12T17:22:33.666,1781277753,nicole,TRACKING,0.8316,CENTERED,CENTERED,CENTERED,2.0,88.8,700,355
2026-06-12T17:22:33.740,1781277753,nicole,TRACKING,0.8467,CENTERED,CENTERED,CENTERED,2.0,88.9,702,357
2026-06-12T17:22:33.848,1781277753,nicole,TRACKING,0.8295,CENTERED,CENTERED,CENTERED,2.0,89.1,703,359
2026-06-12T17:22:33.966,1781277753,nicole,TRACKING,0.8202,CENTERED,CENTERED,CENTERED,2.0,89.3,703,360
2026-06-12T17:22:34.062,1781277754,nicole,TRACKING,0.8213,CENTERED,CENTERED,CENTERED,2.0,89.5,703,360
2026-06-12T17:22:34.161,1781277754,nicole,TRACKING,0.8303,CENTERED,CENTERED,CENTERED,2.0,89.6,705,360
2026-06-12T17:22:34.253,1781277754,nicole,TRACKING,0.8132,CENTERED,CENTERED,CENTERED,2.0,89.7,708,360
2026-06-12T17:22:34.350,1781277754,nicole,TRACKING,0.6372,CENTERED,CENTERED,CENTERED,2.0,89.4,716,354
2026-06-12T17:22:34.876,1781277754,nicole,REACQUIRING,0.0,SEARCH,SCAN,SCAN,100.0,90.0,,
2026-06-12T17:22:35.179,1781277755,nicole,REACQUIRING,0.0,SEARCH,SCAN,SCAN,110.0,90.0,,
2026-06-12T17:22:35.488,1781277755,nicole,REACQUIRING,0.0,SEARCH,SCAN,SCAN,120.0,90.0,,
2026-06-12T17:22:35.795,1781277755,nicole,REACQUIRING,0.0,SEARCH,SCAN,SCAN,130.0,90.0,,
2026-06-12T17:22:36.100,1781277756,nicole,REACQUIRING,0.0,SEARCH,SCAN,SCAN,140.0,90.0,,
2026-06-12T17:22:36.405,1781277756,nicole,REACQUIRING,0.0,SEARCH,SCAN,SCAN,150.0,90.0,,
2026-06-12T17:22:36.703,1781277756,nicole,REACQUIRING,0.0,SEARCH,SCAN,SCAN,155.0,90.0,,
2026-06-12T17:22:37.006,1781277757,nicole,REACQUIRING,0.0,SEARCH,SCAN,SCAN,145.0,90.0,,
2026-06-12T17:22:37.300,1781277757,nicole,REACQUIRING,0.0,SEARCH,SCAN,SCAN,135.0,90.0,,
2026-06-12T17:22:37.597,1781277757,nicole,REACQUIRING,0.0,SEARCH,SCAN,SCAN,125.0,90.0,,
2026-06-12T17:22:37.911,1781277757,nicole,REACQUIRING,0.0,SEARCH,SCAN,SCAN,115.0,90.0,,
2026-06-12T17:22:38.207,1781277758,nicole,REACQUIRING,0.0,SEARCH,SCAN,SCAN,105.0,90.0,,
2026-06-12T17:22:38.514,1781277758,nicole,REACQUIRING,0.0,SEARCH,SCAN,SCAN,95.0,90.0,,
2026-06-12T17:22:38.819,1781277758,nicole,REACQUIRING,0.0,SEARCH,SCAN,SCAN,85.0,90.0,,
2026-06-12T17:22:39.119,1781277759,nicole,REACQUIRING,0.0,SEARCH,SCAN,SCAN,75.0,90.0,,
2026-06-12T17:22:39.403,1781277759,nicole,REACQUIRING,0.0,SEARCH,SCAN,SCAN,65.0,90.0,,
2026-06-12T17:22:39.711,1781277759,nicole,REACQUIRING,0.0,SEARCH,SCAN,SCAN,55.0,90.0,,
2026-06-12T17:22:40.016,1781277760,nicole,REACQUIRING,0.0,SEARCH,SCAN,SCAN,45.0,90.0,,
2026-06-12T17:22:40.320,1781277760,nicole,REACQUIRING,0.0,SEARCH,SCAN,SCAN,35.0,90.0,,
2026-06-12T17:22:40.618,1781277760,nicole,REACQUIRING,0.0,SEARCH,SCAN,SCAN,25.0,90.0,,
2026-06-12T17:22:40.930,1781277760,nicole,REACQUIRING,0.0,SEARCH,SCAN,SCAN,35.0,90.0,,
2026-06-12T17:22:41.235,1781277761,nicole,REACQUIRING,0.0,SEARCH,SCAN,SCAN,45.0,90.0,,
2026-06-12T17:22:41.535,1781277761,nicole,REACQUIRING,0.0,SEARCH,SCAN,SCAN,55.0,90.0,,
2026-06-12T17:22:41.827,1781277761,nicole,REACQUIRING,0.0,SEARCH,SCAN,SCAN,65.0,90.0,,
2026-06-12T17:22:42.125,1781277762,nicole,REACQUIRING,0.0,SEARCH,SCAN,SCAN,75.0,90.0,,
2026-06-12T17:22:42.432,1781277762,nicole,REACQUIRING,0.0,SEARCH,SCAN,SCAN,85.0,90.0,,
2026-06-12T17:22:42.735,1781277762,nicole,REACQUIRING,0.0,SEARCH,SCAN,SCAN,95.0,90.0,,
2026-06-12T17:22:43.038,1781277763,nicole,REACQUIRING,0.0,SEARCH,SCAN,SCAN,105.0,90.0,,
2026-06-12T17:22:43.349,1781277763,nicole,REACQUIRING,0.0,SEARCH,SCAN,SCAN,115.0,90.0,,
2026-06-12T17:22:43.653,1781277763,nicole,REACQUIRING,0.0,SEARCH,SCAN,SCAN,125.0,90.0,,
2026-06-12T17:22:43.957,1781277763,nicole,REACQUIRING,0.0,SEARCH,SCAN,SCAN,135.0,90.0,,
2026-06-12T17:22:44.242,1781277764,nicole,REACQUIRING,0.0,SEARCH,SCAN,SCAN,145.0,90.0,,
2026-06-12T17:22:44.548,1781277764,nicole,REACQUIRING,0.0,SEARCH,SCAN,SCAN,155.0,90.0,,
2026-06-12T17:22:44.848,1781277764,nicole,REACQUIRING,0.0,SEARCH,SCAN,SCAN,145.0,90.0,,
2026-06-12T17:22:45.142,1781277765,nicole,REACQUIRING,0.0,SEARCH,SCAN,SCAN,135.0,90.0,,
2026-06-12T17:22:45.435,1781277765,nicole,TRACKING,0.5537,CENTERED,CENTERED,CENTERED,135.0,90.0,707,360
2026-06-12T17:22:45.531,1781277765,nicole,TRACKING,0.6038,CENTERED,CENTERED,CENTERED,135.0,90.0,676,360
2026-06-12T17:22:45.634,1781277765,nicole,TRACKING,0.6201,CENTERED,CENTERED,CENTERED,135.0,90.0,669,360
2026-06-12T17:22:45.731,1781277765,nicole,TRACKING,0.6539,CENTERED,CENTERED,CENTERED,135.0,90.0,669,360
2026-06-12T17:22:45.839,1781277765,nicole,TRACKING,0.6728,CENTERED,CENTERED,CENTERED,135.0,90.0,666,360
2026-06-12T17:22:45.929,1781277765,nicole,TRACKING,0.6472,CENTERED,CENTERED,CENTERED,135.0,90.0,666,360
2026-06-12T17:22:46.025,1781277766,nicole,TRACKING,0.6199,CENTERED,CENTERED,CENTERED,135.0,90.0,660,360
2026-06-12T17:22:46.126,1781277766,nicole,TRACKING,0.6117,CENTERED,CENTERED,CENTERED,135.0,90.0,656,360
2026-06-12T17:22:46.231,1781277766,nicole,TRACKING,0.6199,CENTERED,CENTERED,CENTERED,135.0,90.0,656,360
2026-06-12T17:22:46.323,1781277766,nicole,TRACKING,0.6368,CENTERED,CENTERED,CENTERED,135.0,90.0,659,360
2026-06-12T17:22:46.422,1781277766,nicole,TRACKING,0.6267,CENTERED,CENTERED,CENTERED,135.0,90.0,660,360
2026-06-12T17:22:46.530,1781277766,nicole,TRACKING,0.6363,CENTERED,CENTERED,CENTERED,135.0,90.0,661,360
2026-06-12T17:22:46.630,1781277766,nicole,TRACKING,0.6371,CENTERED,CENTERED,CENTERED,135.0,90.0,665,360
2026-06-12T17:22:46.719,1781277766,nicole,TRACKING,0.6297,CENTERED,CENTERED,CENTERED,135.0,90.0,662,360
2026-06-12T17:22:46.844,1781277766,nicole,TRACKING,0.6504,CENTERED,CENTERED,CENTERED,135.0,90.0,664,360
2026-06-12T17:22:46.941,1781277766,nicole,TRACKING,0.6406,CENTERED,CENTERED,CENTERED,135.0,90.0,665,360
2026-06-12T17:22:47.028,1781277767,nicole,TRACKING,0.6501,CENTERED,CENTERED,CENTERED,135.0,90.0,664,360
2026-06-12T17:22:47.122,1781277767,nicole,TRACKING,0.6452,CENTERED,CENTERED,CENTERED,135.0,90.0,663,360
2026-06-12T17:22:47.233,1781277767,nicole,TRACKING,0.6363,CENTERED,CENTERED,CENTERED,135.0,90.0,664,360
2026-06-12T17:22:47.342,1781277767,nicole,TRACKING,0.6397,CENTERED,CENTERED,CENTERED,135.0,90.0,665,360
2026-06-12T17:22:47.432,1781277767,nicole,TRACKING,0.6333,CENTERED,CENTERED,CENTERED,135.0,90.0,662,360
2026-06-12T17:22:47.550,1781277767,nicole,TRACKING,0.6427,CENTERED,CENTERED,CENTERED,135.0,90.0,662,360
2026-06-12T17:22:47.650,1781277767,nicole,TRACKING,0.6383,CENTERED,CENTERED,CENTERED,135.0,90.0,662,360
2026-06-12T17:22:47.745,1781277767,nicole,TRACKING,0.62,CENTERED,CENTERED,CENTERED,135.0,90.0,663,360
2026-06-12T17:22:47.848,1781277767,nicole,TRACKING,0.6916,CENTERED,CENTERED,CENTERED,135.0,90.0,663,360
2026-06-12T17:22:47.954,1781277767,nicole,TRACKING,0.684,CENTERED,CENTERED,CENTERED,135.0,90.0,661,360
2026-06-12T17:22:48.037,1781277768,nicole,TRACKING,0.6557,CENTERED,CENTERED,CENTERED,135.0,90.0,658,360
2026-06-12T17:22:48.141,1781277768,nicole,TRACKING,0.6232,CENTERED,CENTERED,CENTERED,135.0,90.0,661,360
2026-06-12T17:22:48.255,1781277768,nicole,TRACKING,0.6722,CENTERED,CENTERED,CENTERED,135.0,90.0,660,360
2026-06-12T17:22:48.321,1781277768,nicole,TRACKING,0.6381,CENTERED,CENTERED,CENTERED,135.0,90.0,659,360
2026-06-12T17:22:48.441,1781277768,nicole,TRACKING,0.6413,CENTERED,CENTERED,CENTERED,135.0,90.0,655,360
2026-06-12T17:22:48.556,1781277768,nicole,TRACKING,0.6371,CENTERED,CENTERED,CENTERED,135.0,90.0,655,360
2026-06-12T17:22:48.654,1781277768,nicole,TRACKING,0.6492,CENTERED,CENTERED,CENTERED,135.0,90.0,654,360
2026-06-12T17:22:48.749,1781277768,nicole,TRACKING,0.642,CENTERED,CENTERED,CENTERED,135.0,90.0,653,360
2026-06-12T17:22:48.847,1781277768,nicole,TRACKING,0.6274,CENTERED,CENTERED,CENTERED,135.0,90.0,655,360
2026-06-12T17:22:48.960,1781277768,nicole,TRACKING,0.6389,CENTERED,CENTERED,CENTERED,135.0,90.0,654,360
2026-06-12T17:22:49.061,1781277769,nicole,TRACKING,0.6413,CENTERED,CENTERED,CENTERED,135.0,90.0,654,360
2026-06-12T17:22:49.132,1781277769,nicole,TRACKING,0.6037,CENTERED,CENTERED,CENTERED,135.0,90.0,655,360
2026-06-12T17:22:49.258,1781277769,nicole,TRACKING,0.6397,CENTERED,CENTERED,CENTERED,135.0,90.0,655,360
2026-06-12T17:22:49.327,1781277769,nicole,TRACKING,0.6537,CENTERED,CENTERED,CENTERED,135.0,90.0,654,360
2026-06-12T17:22:49.418,1781277769,nicole,TRACKING,0.615,CENTERED,CENTERED,CENTERED,135.0,90.0,654,360
2026-06-12T17:22:49.550,1781277769,nicole,TRACKING,0.6282,CENTERED,CENTERED,CENTERED,135.0,90.0,655,360
2026-06-12T17:22:49.640,1781277769,nicole,TRACKING,0.6133,CENTERED,CENTERED,CENTERED,135.0,90.0,655,360
2026-06-12T17:22:49.748,1781277769,nicole,TRACKING,0.6221,CENTERED,CENTERED,CENTERED,135.0,90.0,656,360
2026-06-12T17:22:49.816,1781277769,nicole,TRACKING,0.6068,CENTERED,CENTERED,CENTERED,135.0,90.0,654,360
2026-06-12T17:22:49.973,1781277769,nicole,TRACKING,0.6308,CENTERED,CENTERED,CENTERED,135.0,90.0,655,360
2026-06-12T17:22:50.056,1781277770,nicole,TRACKING,0.6382,CENTERED,CENTERED,CENTERED,135.0,90.0,655,360
2026-06-12T17:22:50.148,1781277770,nicole,TRACKING,0.6554,CENTERED,CENTERED,CENTERED,135.0,90.0,655,360
2026-06-12T17:22:50.244,1781277770,nicole,TRACKING,0.6297,CENTERED,CENTERED,CENTERED,135.0,90.0,657,360
2026-06-12T17:22:50.329,1781277770,nicole,TRACKING,0.6246,CENTERED,CENTERED,CENTERED,135.0,90.0,660,360
2026-06-12T17:22:50.526,1781277770,nicole,TRACKING,0.6213,CENTERED,CENTERED,CENTERED,135.0,90.0,662,360
2026-06-12T17:22:50.664,1781277770,nicole,TRACKING,0.6057,CENTERED,CENTERED,CENTERED,135.0,90.0,661,360
2026-06-12T17:22:50.732,1781277770,nicole,TRACKING,0.6434,CENTERED,CENTERED,CENTERED,135.0,90.0,660,360
2026-06-12T17:22:50.842,1781277770,nicole,TRACKING,0.6231,CENTERED,CENTERED,CENTERED,135.0,90.0,662,360
2026-06-12T17:22:50.958,1781277770,nicole,TRACKING,0.6487,CENTERED,CENTERED,CENTERED,135.0,90.0,659,360
2026-06-12T17:22:51.033,1781277771,nicole,TRACKING,0.6443,CENTERED,CENTERED,CENTERED,135.0,90.0,658,360
2026-06-12T17:22:51.133,1781277771,nicole,TRACKING,0.6255,CENTERED,CENTERED,CENTERED,135.0,90.0,662,360
2026-06-12T17:22:51.254,1781277771,nicole,TRACKING,0.623,CENTERED,CENTERED,CENTERED,135.0,90.0,663,360
2026-06-12T17:22:51.344,1781277771,nicole,TRACKING,0.593,CENTERED,CENTERED,CENTERED,135.0,90.0,662,360
2026-06-12T17:22:51.431,1781277771,nicole,TRACKING,0.5807,CENTERED,CENTERED,CENTERED,135.0,90.0,663,360
2026-06-12T17:22:51.529,1781277771,nicole,TRACKING,0.5871,CENTERED,CENTERED,CENTERED,135.0,90.0,660,360
2026-06-12T17:22:51.668,1781277771,nicole,TRACKING,0.6679,CENTERED,CENTERED,CENTERED,135.0,90.0,659,360
2026-06-12T17:22:51.735,1781277771,nicole,TRACKING,0.6615,CENTERED,CENTERED,CENTERED,135.0,90.0,662,360
2026-06-12T17:22:51.835,1781277771,nicole,TRACKING,0.6569,CENTERED,CENTERED,CENTERED,135.0,90.0,663,360
2026-06-12T17:22:51.944,1781277771,nicole,TRACKING,0.6824,CENTERED,CENTERED,CENTERED,135.0,90.0,661,360
2026-06-12T17:22:52.052,1781277772,nicole,TRACKING,0.5942,CENTERED,CENTERED,CENTERED,135.0,90.0,666,360
2026-06-12T17:22:52.135,1781277772,nicole,TRACKING,0.6198,CENTERED,CENTERED,CENTERED,135.0,90.0,663,360
2026-06-12T17:22:52.233,1781277772,nicole,TRACKING,0.6004,CENTERED,CENTERED,CENTERED,135.0,90.0,663,360
2026-06-12T17:22:52.384,1781277772,nicole,TRACKING,0.6169,CENTERED,CENTERED,CENTERED,135.0,90.0,664,360
2026-06-12T17:22:52.438,1781277772,nicole,TRACKING,0.62,CENTERED,CENTERED,CENTERED,135.0,90.0,666,360
2026-06-12T17:22:52.533,1781277772,nicole,TRACKING,0.5971,CENTERED,CENTERED,CENTERED,135.0,90.0,665,360
2026-06-12T17:22:52.635,1781277772,nicole,TRACKING,0.612,CENTERED,CENTERED,CENTERED,135.0,90.0,664,360
2026-06-12T17:22:52.744,1781277772,nicole,TRACKING,0.6196,CENTERED,CENTERED,CENTERED,135.0,90.0,666,360
2026-06-12T17:22:52.840,1781277772,nicole,TRACKING,0.5993,CENTERED,CENTERED,CENTERED,135.0,90.0,664,360
2026-06-12T17:22:52.944,1781277772,nicole,TRACKING,0.6173,CENTERED,CENTERED,CENTERED,135.0,90.0,662,360
2026-06-12T17:22:53.083,1781277773,nicole,TRACKING,0.6158,CENTERED,CENTERED,CENTERED,135.0,90.0,661,360
2026-06-12T17:22:53.157,1781277773,nicole,TRACKING,0.611,CENTERED,CENTERED,CENTERED,135.0,90.0,661,360
2026-06-12T17:22:53.285,1781277773,nicole,TRACKING,0.6387,CENTERED,CENTERED,CENTERED,135.0,90.0,661,360
2026-06-12T17:22:53.340,1781277773,nicole,TRACKING,0.6347,CENTERED,CENTERED,CENTERED,135.0,90.0,662,360
2026-06-12T17:22:53.446,1781277773,nicole,TRACKING,0.6204,CENTERED,CENTERED,CENTERED,135.0,90.0,661,360
2026-06-12T17:22:53.554,1781277773,nicole,TRACKING,0.6547,CENTERED,CENTERED,CENTERED,135.0,90.0,660,360
2026-06-12T17:22:53.645,1781277773,nicole,TRACKING,0.6671,CENTERED,CENTERED,CENTERED,135.0,90.0,659,360
2026-06-12T17:22:53.749,1781277773,nicole,TRACKING,0.668,CENTERED,CENTERED,CENTERED,135.0,90.0,658,360
2026-06-12T17:22:53.871,1781277773,nicole,TRACKING,0.6635,CENTERED,CENTERED,CENTERED,135.0,90.0,657,360
2026-06-12T17:22:53.949,1781277773,nicole,TRACKING,0.6378,CENTERED,CENTERED,CENTERED,135.0,90.0,653,360
2026-06-12T17:22:54.040,1781277774,nicole,TRACKING,0.6121,CENTERED,CENTERED,CENTERED,135.0,90.0,649,360
2026-06-12T17:22:54.149,1781277774,nicole,TRACKING,0.6242,CENTERED,CENTERED,CENTERED,135.0,90.0,645,360
2026-06-12T17:22:54.249,1781277774,nicole,TRACKING,0.5974,CENTERED,CENTERED,CENTERED,135.0,90.0,646,360
2026-06-12T17:22:54.345,1781277774,nicole,TRACKING,0.5781,CENTERED,CENTERED,CENTERED,135.0,90.0,644,360
2026-06-12T17:22:54.483,1781277774,nicole,TRACKING,0.6132,CENTERED,CENTERED,CENTERED,135.0,90.0,645,360
2026-06-12T17:22:54.586,1781277774,nicole,TRACKING,0.6169,CENTERED,CENTERED,CENTERED,135.0,90.0,646,360
2026-06-12T17:22:54.681,1781277774,nicole,TRACKING,0.5953,CENTERED,CENTERED,CENTERED,135.0,90.0,643,360
2026-06-12T17:22:54.762,1781277774,nicole,TRACKING,0.5657,CENTERED,CENTERED,CENTERED,135.0,90.0,644,360
2026-06-12T17:22:54.859,1781277774,nicole,TRACKING,0.6374,CENTERED,CENTERED,CENTERED,135.0,90.0,647,360
2026-06-12T17:22:54.984,1781277774,nicole,TRACKING,0.6535,CENTERED,CENTERED,CENTERED,135.0,90.0,649,360
2026-06-12T17:22:55.085,1781277775,nicole,TRACKING,0.6431,CENTERED,CENTERED,CENTERED,135.0,90.0,650,360
2026-06-12T17:22:55.174,1781277775,nicole,TRACKING,0.6659,CENTERED,CENTERED,CENTERED,135.0,90.0,648,360
2026-06-12T17:22:55.268,1781277775,nicole,TRACKING,0.6384,CENTERED,CENTERED,CENTERED,135.0,90.0,651,360
2026-06-12T17:22:55.363,1781277775,nicole,TRACKING,0.674,CENTERED,CENTERED,CENTERED,135.0,90.0,649,360
2026-06-12T17:22:55.481,1781277775,nicole,TRACKING,0.6704,CENTERED,CENTERED,CENTERED,135.0,90.0,651,360
2026-06-12T17:22:55.567,1781277775,nicole,TRACKING,0.6793,CENTERED,CENTERED,CENTERED,135.0,90.0,650,360
2026-06-12T17:22:55.657,1781277775,nicole,TRACKING,0.6484,CENTERED,CENTERED,CENTERED,135.0,90.0,650,360
2026-06-12T17:22:55.753,1781277775,nicole,TRACKING,0.6399,CENTERED,CENTERED,CENTERED,135.0,90.0,650,360
2026-06-12T17:22:55.874,1781277775,nicole,TRACKING,0.6113,CENTERED,CENTERED,CENTERED,135.0,90.0,646,360
2026-06-12T17:22:55.961,1781277775,nicole,TRACKING,0.6001,CENTERED,CENTERED,CENTERED,135.0,90.0,644,360
2026-06-12T17:22:56.087,1781277776,nicole,TRACKING,0.5985,CENTERED,CENTERED,CENTERED,135.0,90.0,644,360
2026-06-12T17:22:56.169,1781277776,nicole,TRACKING,0.6009,CENTERED,CENTERED,CENTERED,135.0,90.0,645,360
2026-06-12T17:22:56.281,1781277776,nicole,TRACKING,0.608,CENTERED,CENTERED,CENTERED,135.0,90.0,647,360
2026-06-12T17:22:56.371,1781277776,nicole,TRACKING,0.6161,CENTERED,CENTERED,CENTERED,135.0,90.0,650,360
2026-06-12T17:22:56.469,1781277776,nicole,TRACKING,0.6576,CENTERED,CENTERED,CENTERED,135.0,90.0,648,360
2026-06-12T17:22:56.583,1781277776,nicole,TRACKING,0.6614,CENTERED,CENTERED,CENTERED,135.0,90.0,649,360
2026-06-12T17:22:56.666,1781277776,nicole,TRACKING,0.6493,CENTERED,CENTERED,CENTERED,135.0,90.0,649,360
2026-06-12T17:22:56.760,1781277776,nicole,TRACKING,0.652,CENTERED,CENTERED,CENTERED,135.0,90.0,650,360
2026-06-12T17:22:56.871,1781277776,nicole,TRACKING,0.6319,CENTERED,CENTERED,CENTERED,135.0,90.0,645,360
2026-06-12T17:22:56.981,1781277776,nicole,TRACKING,0.6236,CENTERED,CENTERED,CENTERED,135.0,90.0,649,360
2026-06-12T17:22:57.067,1781277777,nicole,TRACKING,0.6107,CENTERED,CENTERED,CENTERED,135.0,90.0,650,360
2026-06-12T17:22:57.170,1781277777,nicole,TRACKING,0.6028,CENTERED,CENTERED,CENTERED,135.0,90.0,650,360
2026-06-12T17:22:57.275,1781277777,nicole,TRACKING,0.6492,CENTERED,CENTERED,CENTERED,135.0,90.0,648,360
2026-06-12T17:22:57.374,1781277777,nicole,TRACKING,0.6684,CENTERED,CENTERED,CENTERED,135.0,90.0,650,360
2026-06-12T17:22:57.488,1781277777,nicole,TRACKING,0.6665,CENTERED,CENTERED,CENTERED,135.0,90.0,655,360
2026-06-12T17:22:57.575,1781277777,nicole,TRACKING,0.6831,CENTERED,CENTERED,CENTERED,135.0,90.0,657,360
2026-06-12T17:22:57.720,1781277777,nicole,TRACKING,0.7172,CENTERED,CENTERED,CENTERED,135.0,90.0,654,360
2026-06-12T17:22:57.816,1781277777,nicole,TRACKING,0.6688,CENTERED,CENTERED,CENTERED,135.0,90.0,658,360
2026-06-12T17:22:57.877,1781277777,nicole,TRACKING,0.6605,CENTERED,CENTERED,CENTERED,135.0,90.0,658,360
2026-06-12T17:22:57.981,1781277777,nicole,TRACKING,0.6591,CENTERED,CENTERED,CENTERED,135.0,90.0,660,360
2026-06-12T17:22:58.088,1781277778,nicole,TRACKING,0.608,CENTERED,CENTERED,CENTERED,135.0,90.0,658,360
2026-06-12T17:22:58.171,1781277778,nicole,TRACKING,0.6293,CENTERED,CENTERED,CENTERED,135.0,90.0,661,360
2026-06-12T17:22:58.281,1781277778,nicole,TRACKING,0.6294,CENTERED,CENTERED,CENTERED,135.0,90.0,661,360
2026-06-12T17:22:58.377,1781277778,nicole,TRACKING,0.6979,CENTERED,CENTERED,CENTERED,135.0,90.0,656,360
2026-06-12T17:22:58.473,1781277778,nicole,TRACKING,0.6869,CENTERED,CENTERED,CENTERED,135.0,90.0,657,360
2026-06-12T17:22:58.583,1781277778,nicole,TRACKING,0.6946,CENTERED,CENTERED,CENTERED,135.0,90.0,657,360
2026-06-12T17:22:58.717,1781277778,nicole,TRACKING,0.6624,CENTERED,CENTERED,CENTERED,135.0,90.0,661,360
2026-06-12T17:22:58.778,1781277778,nicole,TRACKING,0.6156,CENTERED,CENTERED,CENTERED,135.0,90.0,660,360
2026-06-12T17:22:58.897,1781277778,nicole,TRACKING,0.6337,CENTERED,CENTERED,CENTERED,135.0,90.0,658,360
2026-06-12T17:22:59.015,1781277779,nicole,TRACKING,0.6696,CENTERED,CENTERED,CENTERED,135.0,90.0,658,360
2026-06-12T17:22:59.082,1781277779,nicole,TRACKING,0.609,CENTERED,CENTERED,CENTERED,135.0,90.0,659,360
2026-06-12T17:22:59.185,1781277779,nicole,TRACKING,0.606,CENTERED,CENTERED,CENTERED,135.0,90.0,661,360
2026-06-12T17:22:59.293,1781277779,nicole,TRACKING,0.6268,CENTERED,CENTERED,CENTERED,135.0,90.0,660,360
2026-06-12T17:22:59.440,1781277779,nicole,TRACKING,0.6008,CENTERED,CENTERED,CENTERED,135.0,90.0,661,360
2026-06-12T17:22:59.538,1781277779,nicole,TRACKING,0.6563,CENTERED,CENTERED,CENTERED,135.0,90.0,658,360
2026-06-12T17:22:59.595,1781277779,nicole,TRACKING,0.6259,CENTERED,CENTERED,CENTERED,135.0,90.0,657,360
2026-06-12T17:22:59.729,1781277779,nicole,TRACKING,0.642,CENTERED,CENTERED,CENTERED,135.0,90.0,655,360
2026-06-12T17:22:59.819,1781277779,nicole,TRACKING,0.6141,CENTERED,CENTERED,CENTERED,135.0,90.0,659,360
2026-06-12T17:22:59.903,1781277779,nicole,TRACKING,0.6047,CENTERED,CENTERED,CENTERED,135.0,90.0,658,360
2026-06-12T17:23:00.010,1781277780,nicole,TRACKING,0.6706,CENTERED,CENTERED,CENTERED,135.0,90.0,655,360
2026-06-12T17:23:00.130,1781277780,nicole,TRACKING,0.6269,CENTERED,CENTERED,CENTERED,135.0,90.0,655,360
2026-06-12T17:23:00.235,1781277780,nicole,TRACKING,0.5964,CENTERED,CENTERED,CENTERED,135.0,90.0,657,360
2026-06-12T17:23:00.325,1781277780,nicole,TRACKING,0.5987,CENTERED,CENTERED,CENTERED,135.0,90.0,655,360
2026-06-12T17:23:00.407,1781277780,nicole,TRACKING,0.6053,CENTERED,CENTERED,CENTERED,135.0,90.0,660,360
2026-06-12T17:23:00.518,1781277780,nicole,TRACKING,0.6167,CENTERED,CENTERED,CENTERED,135.0,90.0,658,360
2026-06-12T17:23:00.592,1781277780,nicole,TRACKING,0.6455,CENTERED,CENTERED,CENTERED,135.0,90.0,657,360
2026-06-12T17:23:00.738,1781277780,nicole,TRACKING,0.6195,CENTERED,CENTERED,CENTERED,135.0,90.0,657,360
2026-06-12T17:23:00.828,1781277780,nicole,TRACKING,0.5992,CENTERED,CENTERED,CENTERED,135.0,90.0,657,360
2026-06-12T17:23:00.931,1781277780,nicole,TRACKING,0.5755,CENTERED,CENTERED,CENTERED,135.0,90.0,656,360
2026-06-12T17:23:01.027,1781277781,nicole,TRACKING,0.6186,CENTERED,CENTERED,CENTERED,135.0,90.0,657,360
2026-06-12T17:23:01.149,1781277781,nicole,TRACKING,0.6222,CENTERED,CENTERED,CENTERED,135.0,90.0,654,360
2026-06-12T17:23:01.237,1781277781,nicole,TRACKING,0.6329,CENTERED,CENTERED,CENTERED,135.0,90.0,654,360
2026-06-12T17:23:01.330,1781277781,nicole,TRACKING,0.5836,CENTERED,CENTERED,CENTERED,135.0,90.0,656,360
2026-06-12T17:23:01.431,1781277781,nicole,TRACKING,0.6526,CENTERED,CENTERED,CENTERED,135.0,90.0,654,360
2026-06-12T17:23:01.535,1781277781,nicole,TRACKING,0.6415,CENTERED,CENTERED,CENTERED,135.0,90.0,654,360
2026-06-12T17:23:01.633,1781277781,nicole,TRACKING,0.6206,CENTERED,CENTERED,CENTERED,135.0,90.0,656,360
2026-06-12T17:23:01.730,1781277781,nicole,TRACKING,0.6201,CENTERED,CENTERED,CENTERED,135.0,90.0,655,360
2026-06-12T17:23:01.834,1781277781,nicole,TRACKING,0.6494,CENTERED,CENTERED,CENTERED,135.0,90.0,656,360
2026-06-12T17:23:01.936,1781277781,nicole,TRACKING,0.6327,CENTERED,CENTERED,CENTERED,135.0,90.0,657,360
2026-06-12T17:23:02.019,1781277782,nicole,TRACKING,0.5954,CENTERED,CENTERED,CENTERED,135.0,90.0,657,360
2026-06-12T17:23:02.114,1781277782,nicole,TRACKING,0.611,CENTERED,CENTERED,CENTERED,135.0,90.0,658,360
2026-06-12T17:23:02.216,1781277782,nicole,TRACKING,0.5931,CENTERED,CENTERED,CENTERED,135.0,90.0,661,360
2026-06-12T17:23:02.331,1781277782,nicole,TRACKING,0.6005,CENTERED,CENTERED,CENTERED,135.0,90.0,661,360
2026-06-12T17:23:02.395,1781277782,nicole,TRACKING,0.5913,CENTERED,CENTERED,CENTERED,135.0,90.0,659,360
2026-06-12T17:23:02.524,1781277782,nicole,TRACKING,0.6181,CENTERED,CENTERED,CENTERED,135.0,90.0,658,360
2026-06-12T17:23:02.604,1781277782,nicole,TRACKING,0.6208,CENTERED,CENTERED,CENTERED,135.0,90.0,658,360
2026-06-12T17:23:02.698,1781277782,nicole,TRACKING,0.578,CENTERED,CENTERED,CENTERED,135.0,90.0,661,360
2026-06-12T17:23:02.811,1781277782,nicole,TRACKING,0.5816,CENTERED,CENTERED,CENTERED,135.0,90.0,658,360
2026-06-12T17:23:02.907,1781277782,nicole,TRACKING,0.6634,CENTERED,CENTERED,CENTERED,135.0,90.0,655,360
2026-06-12T17:23:03.014,1781277783,nicole,TRACKING,0.61,CENTERED,CENTERED,CENTERED,135.0,90.0,658,360
2026-06-12T17:23:03.116,1781277783,nicole,TRACKING,0.6326,CENTERED,CENTERED,CENTERED,135.0,90.0,659,360
2026-06-12T17:23:03.227,1781277783,nicole,TRACKING,0.6606,CENTERED,CENTERED,CENTERED,135.0,90.0,658,360
2026-06-12T17:23:03.307,1781277783,nicole,TRACKING,0.6437,CENTERED,CENTERED,CENTERED,135.0,90.0,656,360
2026-06-12T17:23:03.445,1781277783,nicole,TRACKING,0.6476,CENTERED,CENTERED,CENTERED,135.0,90.0,656,360
2026-06-12T17:23:03.534,1781277783,nicole,TRACKING,0.6275,CENTERED,CENTERED,CENTERED,135.0,90.0,656,360
2026-06-12T17:23:03.624,1781277783,nicole,TRACKING,0.6276,CENTERED,CENTERED,CENTERED,135.0,90.0,658,360
2026-06-12T17:23:03.706,1781277783,nicole,TRACKING,0.6746,CENTERED,CENTERED,CENTERED,135.0,90.0,656,360
2026-06-12T17:23:03.816,1781277783,nicole,TRACKING,0.6232,CENTERED,CENTERED,CENTERED,135.0,90.0,658,360
2026-06-12T17:23:03.912,1781277783,nicole,TRACKING,0.6461,CENTERED,CENTERED,CENTERED,135.0,90.0,655,360
2026-06-12T17:23:04.010,1781277784,nicole,TRACKING,0.6278,CENTERED,CENTERED,CENTERED,135.0,90.0,658,360
2026-06-12T17:23:04.105,1781277784,nicole,TRACKING,0.6276,CENTERED,CENTERED,CENTERED,135.0,90.0,658,360
2026-06-12T17:23:04.247,1781277784,nicole,TRACKING,0.5611,CENTERED,CENTERED,CENTERED,135.0,90.0,657,360
2026-06-12T17:23:04.317,1781277784,nicole,TRACKING,0.6247,CENTERED,CENTERED,CENTERED,135.0,90.0,657,360
2026-06-12T17:23:04.440,1781277784,nicole,TRACKING,0.6236,CENTERED,CENTERED,CENTERED,135.0,90.0,656,360
2026-06-12T17:23:04.533,1781277784,nicole,TRACKING,0.6429,CENTERED,CENTERED,CENTERED,135.0,90.0,658,360
2026-06-12T17:23:04.635,1781277784,nicole,TRACKING,0.6328,CENTERED,CENTERED,CENTERED,135.0,90.0,656,360
2026-06-12T17:23:04.733,1781277784,nicole,TRACKING,0.5932,CENTERED,CENTERED,CENTERED,135.0,90.0,656,360
2026-06-12T17:23:04.830,1781277784,nicole,TRACKING,0.5892,CENTERED,CENTERED,CENTERED,135.0,90.0,659,360
2026-06-12T17:23:04.924,1781277784,nicole,TRACKING,0.6271,CENTERED,CENTERED,CENTERED,135.0,90.0,656,360
2026-06-12T17:23:05.022,1781277785,nicole,TRACKING,0.5716,CENTERED,CENTERED,CENTERED,135.0,90.0,657,360
2026-06-12T17:23:05.128,1781277785,nicole,TRACKING,0.6118,CENTERED,CENTERED,CENTERED,135.0,90.0,656,360
2026-06-12T17:23:05.227,1781277785,nicole,TRACKING,0.5808,CENTERED,CENTERED,CENTERED,135.0,90.0,658,360
2026-06-12T17:23:05.324,1781277785,nicole,TRACKING,0.5952,CENTERED,CENTERED,CENTERED,135.0,90.0,658,360
2026-06-12T17:23:05.440,1781277785,nicole,TRACKING,0.6329,CENTERED,CENTERED,CENTERED,135.0,90.0,657,360
2026-06-12T17:23:05.549,1781277785,nicole,TRACKING,0.6041,CENTERED,CENTERED,CENTERED,135.0,90.0,658,360
2026-06-12T17:23:05.637,1781277785,nicole,TRACKING,0.5889,CENTERED,CENTERED,CENTERED,135.0,90.0,656,360
2026-06-12T17:23:05.756,1781277785,nicole,TRACKING,0.6261,CENTERED,CENTERED,CENTERED,135.0,90.0,656,360
2026-06-12T17:23:05.821,1781277785,nicole,TRACKING,0.6374,CENTERED,CENTERED,CENTERED,135.0,90.0,655,360
2026-06-12T17:23:05.967,1781277785,nicole,TRACKING,0.6474,CENTERED,CENTERED,CENTERED,135.0,90.0,654,360
2026-06-12T17:23:06.055,1781277786,nicole,TRACKING,0.6098,CENTERED,CENTERED,CENTERED,135.0,90.0,653,360
2026-06-12T17:23:06.124,1781277786,nicole,TRACKING,0.6242,CENTERED,CENTERED,CENTERED,135.0,90.0,655,360
2026-06-12T17:23:06.233,1781277786,nicole,TRACKING,0.5845,CENTERED,CENTERED,CENTERED,135.0,90.0,657,360
2026-06-12T17:23:06.330,1781277786,nicole,TRACKING,0.5977,CENTERED,CENTERED,CENTERED,135.0,90.0,656,360
2026-06-12T17:23:06.423,1781277786,nicole,TRACKING,0.6107,CENTERED,CENTERED,CENTERED,135.0,90.0,656,360
2026-06-12T17:23:06.522,1781277786,nicole,TRACKING,0.5895,CENTERED,CENTERED,CENTERED,135.0,90.0,658,360
2026-06-12T17:23:06.635,1781277786,nicole,TRACKING,0.6189,CENTERED,CENTERED,CENTERED,135.0,90.0,657,360
2026-06-12T17:23:06.744,1781277786,nicole,TRACKING,0.6271,CENTERED,CENTERED,CENTERED,135.0,90.0,661,360
2026-06-12T17:23:06.859,1781277786,nicole,TRACKING,0.6305,CENTERED,CENTERED,CENTERED,135.0,90.0,660,360
2026-06-12T17:23:06.950,1781277786,nicole,TRACKING,0.6419,CENTERED,CENTERED,CENTERED,135.0,90.0,668,360
2026-06-12T17:23:07.045,1781277787,nicole,TRACKING,0.6366,CENTERED,CENTERED,CENTERED,135.0,90.0,671,360
2026-06-12T17:23:07.161,1781277787,nicole,TRACKING,0.6719,CENTERED,CENTERED,CENTERED,135.0,90.0,672,360
2026-06-12T17:23:07.258,1781277787,nicole,TRACKING,0.6841,CENTERED,CENTERED,CENTERED,135.0,90.0,673,360
2026-06-12T17:23:07.347,1781277787,nicole,TRACKING,0.699,CENTERED,CENTERED,CENTERED,135.0,90.0,675,360
2026-06-12T17:23:07.445,1781277787,nicole,TRACKING,0.6603,CENTERED,CENTERED,CENTERED,135.0,89.8,685,357
2026-06-12T17:23:07.549,1781277787,nicole,TRACKING,0.5978,CENTERED,CENTERED,CENTERED,135.0,89.2,698,350
2026-06-12T17:23:07.885,1781277787,nicole,REACQUIRING,0.0,SEARCH,SCAN,SCAN,100.0,90.0,,
2026-06-12T17:23:08.264,1781277788,nicole,REACQUIRING,0.0,SEARCH,SCAN,SCAN,110.0,90.0,,
2026-06-12T17:23:08.559,1781277788,nicole,TRACKING,0.6124,MOVE_RIGHT,RIGHT,CENTERED,105.7,86.5,918,304
2026-06-12T17:23:09.153,1781277789,nicole,REACQUIRING,0.0,SEARCH,SCAN,SCAN,100.0,90.0,,
2026-06-12T17:23:09.453,1781277789,nicole,REACQUIRING,0.0,SEARCH,SCAN,SCAN,110.0,90.0,,
2026-06-12T17:23:09.563,1781277789,nicole,TRACKING,0.6204,MOVE_RIGHT,RIGHT,CENTERED,107.3,87.6,810,321
2026-06-12T17:23:10.045,1781277790,nicole,TRACKING,0.604,MOVE_RIGHT,RIGHT,CENTERED,103.1,85.2,910,312
2026-06-12T17:23:10.183,1781277790,nicole,TRACKING,0.6286,MOVE_RIGHT,RIGHT,CENTERED,98.8,83.2,915,309
2026-06-12T17:23:10.255,1781277790,nicole,TRACKING,0.5959,MOVE_RIGHT,RIGHT,CENTERED,94.5,81.7,915,309
2026-06-12T17:23:10.347,1781277790,nicole,TRACKING,0.6074,MOVE_RIGHT,RIGHT,CENTERED,90.3,80.6,911,309
2026-06-12T17:23:10.461,1781277790,nicole,TRACKING,0.5981,MOVE_RIGHT,RIGHT,CENTERED,86.2,79.8,903,309
2026-06-12T17:23:10.651,1781277790,nicole,TRACKING,0.5824,MOVE_RIGHT,RIGHT,CENTERED,82.2,78.9,894,305
2026-06-12T17:23:10.871,1781277790,nicole,TRACKING,0.5668,MOVE_RIGHT,RIGHT,CENTERED,78.4,78.3,884,306
2026-06-12T17:23:10.981,1781277790,nicole,TRACKING,0.5562,MOVE_RIGHT,RIGHT,CENTERED,74.6,77.6,884,302
2026-06-12T17:23:11.071,1781277791,nicole,TRACKING,0.5879,MOVE_RIGHT,RIGHT,CENTERED,70.8,77.1,880,302
2026-06-12T17:23:11.190,1781277791,nicole,TRACKING,0.583,MOVE_RIGHT,RIGHT,CENTERED,67.1,76.8,878,304
2026-06-12T17:23:11.279,1781277791,nicole,TRACKING,0.5669,MOVE_RIGHT,RIGHT,CENTERED,63.4,76.8,881,307
2026-06-12T17:23:11.500,1781277791,nicole,TRACKING,0.5732,MOVE_RIGHT,RIGHT,CENTERED,59.5,77.1,885,312
2026-06-12T17:23:11.596,1781277791,nicole,TRACKING,0.5762,MOVE_RIGHT,RIGHT,CENTERED,55.7,77.2,888,310
2026-06-12T17:23:11.667,1781277791,nicole,TRACKING,0.5829,MOVE_RIGHT,RIGHT,CENTERED,51.8,77.3,889,310
2026-06-12T17:23:11.761,1781277791,nicole,TRACKING,0.5732,MOVE_RIGHT,RIGHT,CENTERED,47.9,77.5,888,312
2026-06-12T17:23:11.870,1781277791,nicole,TRACKING,0.5944,MOVE_RIGHT,RIGHT,CENTERED,44.0,77.6,888,312
2026-06-12T17:23:12.004,1781277792,nicole,TRACKING,0.559,MOVE_RIGHT,RIGHT,CENTERED,40.1,77.4,891,307
2026-06-12T17:23:12.063,1781277792,nicole,TRACKING,0.5975,MOVE_RIGHT,RIGHT,CENTERED,36.2,77.2,890,307
2026-06-12T17:23:12.185,1781277792,nicole,TRACKING,0.573,MOVE_RIGHT,RIGHT,CENTERED,32.2,77.2,894,309
2026-06-12T17:23:12.271,1781277792,nicole,TRACKING,0.5541,MOVE_RIGHT,RIGHT,CENTERED,28.2,77.2,894,308
2026-06-12T17:23:12.391,1781277792,nicole,TRACKING,0.6022,MOVE_RIGHT,RIGHT,CENTERED,24.2,77.4,897,312
2026-06-12T17:23:12.929,1781277792,nicole,REACQUIRING,0.0,SEARCH,SCAN,SCAN,100.0,90.0,,
2026-06-12T17:23:13.235,1781277793,nicole,REACQUIRING,0.0,SEARCH,SCAN,SCAN,110.0,90.0,,
2026-06-12T17:23:13.545,1781277793,nicole,REACQUIRING,0.0,SEARCH,SCAN,SCAN,120.0,90.0,,
2026-06-12T17:23:13.834,1781277793,nicole,REACQUIRING,0.0,SEARCH,SCAN,SCAN,130.0,90.0,,
2026-06-12T17:23:14.133,1781277794,nicole,REACQUIRING,0.0,SEARCH,SCAN,SCAN,140.0,90.0,,
2026-06-12T17:23:14.439,1781277794,nicole,REACQUIRING,0.0,SEARCH,SCAN,SCAN,150.0,90.0,,
2026-06-12T17:23:14.746,1781277794,nicole,REACQUIRING,0.0,SEARCH,SCAN,SCAN,155.0,90.0,,
2026-06-12T17:23:15.045,1781277795,nicole,REACQUIRING,0.0,SEARCH,SCAN,SCAN,145.0,90.0,,
2026-06-12T17:23:15.349,1781277795,nicole,REACQUIRING,0.0,SEARCH,SCAN,SCAN,135.0,90.0,,
2026-06-12T17:23:15.653,1781277795,nicole,REACQUIRING,0.0,SEARCH,SCAN,SCAN,125.0,90.0,,
2026-06-12T17:23:15.959,1781277795,nicole,REACQUIRING,0.0,SEARCH,SCAN,SCAN,115.0,90.0,,
2026-06-12T17:23:16.244,1781277796,nicole,REACQUIRING,0.0,SEARCH,SCAN,SCAN,105.0,90.0,,
2026-06-12T17:23:16.552,1781277796,nicole,REACQUIRING,0.0,SEARCH,SCAN,SCAN,95.0,90.0,,
2026-06-12T17:23:16.849,1781277796,nicole,REACQUIRING,0.0,SEARCH,SCAN,SCAN,85.0,90.0,,
2026-06-12T17:23:17.161,1781277797,nicole,REACQUIRING,0.0,SEARCH,SCAN,SCAN,75.0,90.0,,
2026-06-12T17:23:17.464,1781277797,nicole,REACQUIRING,0.0,SEARCH,SCAN,SCAN,65.0,90.0,,
2026-06-12T17:23:17.775,1781277797,nicole,REACQUIRING,0.0,SEARCH,SCAN,SCAN,55.0,90.0,,
2026-06-12T17:23:18.074,1781277798,nicole,REACQUIRING,0.0,SEARCH,SCAN,SCAN,45.0,90.0,,
2026-06-12T17:23:18.355,1781277798,nicole,REACQUIRING,0.0,SEARCH,SCAN,SCAN,35.0,90.0,,
2026-06-12T17:23:18.662,1781277798,nicole,REACQUIRING,0.0,SEARCH,SCAN,SCAN,25.0,90.0,,
2026-06-12T17:23:18.971,1781277798,nicole,REACQUIRING,0.0,SEARCH,SCAN,SCAN,35.0,90.0,,
2026-06-12T17:23:19.268,1781277799,nicole,REACQUIRING,0.0,SEARCH,SCAN,SCAN,45.0,90.0,,
2026-06-12T17:23:19.574,1781277799,nicole,REACQUIRING,0.0,SEARCH,SCAN,SCAN,55.0,90.0,,
2026-06-12T17:23:19.878,1781277799,nicole,REACQUIRING,0.0,SEARCH,SCAN,SCAN,65.0,90.0,,
2026-06-12T17:23:20.177,1781277800,nicole,REACQUIRING,0.0,SEARCH,SCAN,SCAN,75.0,90.0,,
2026-06-12T17:23:20.483,1781277800,nicole,REACQUIRING,0.0,SEARCH,SCAN,SCAN,85.0,90.0,,
2026-06-12T17:23:20.775,1781277800,nicole,REACQUIRING,0.0,SEARCH,SCAN,SCAN,95.0,90.0,,
2026-06-12T17:23:21.078,1781277801,nicole,REACQUIRING,0.0,SEARCH,SCAN,SCAN,105.0,90.0,,
2026-06-12T17:23:21.379,1781277801,nicole,REACQUIRING,0.0,SEARCH,SCAN,SCAN,115.0,90.0,,
2026-06-12T17:23:21.689,1781277801,nicole,REACQUIRING,0.0,SEARCH,SCAN,SCAN,125.0,90.0,,
2026-06-12T17:23:21.988,1781277801,nicole,REACQUIRING,0.0,SEARCH,SCAN,SCAN,135.0,90.0,,
2026-06-12T17:23:22.296,1781277802,nicole,REACQUIRING,0.0,SEARCH,SCAN,SCAN,145.0,90.0,,
2026-06-12T17:23:22.602,1781277802,nicole,REACQUIRING,0.0,SEARCH,SCAN,SCAN,155.0,90.0,,
2026-06-12T17:23:22.883,1781277802,nicole,REACQUIRING,0.0,SEARCH,SCAN,SCAN,145.0,90.0,,
2026-06-12T17:23:23.185,1781277803,nicole,REACQUIRING,0.0,SEARCH,SCAN,SCAN,135.0,90.0,,
2026-06-12T17:23:23.492,1781277803,nicole,REACQUIRING,0.0,SEARCH,SCAN,SCAN,125.0,90.0,,
2026-06-12T17:23:23.798,1781277803,nicole,REACQUIRING,0.0,SEARCH,SCAN,SCAN,115.0,90.0,,
2026-06-12T17:23:24.101,1781277804,nicole,REACQUIRING,0.0,SEARCH,SCAN,SCAN,105.0,90.0,,
2026-06-12T17:23:24.404,1781277804,nicole,REACQUIRING,0.0,SEARCH,SCAN,SCAN,95.0,90.0,,
2026-06-12T17:23:24.707,1781277804,nicole,REACQUIRING,0.0,SEARCH,SCAN,SCAN,85.0,90.0,,
2026-06-12T17:23:25.016,1781277805,nicole,REACQUIRING,0.0,SEARCH,SCAN,SCAN,75.0,90.0,,
2026-06-12T17:23:25.304,1781277805,nicole,REACQUIRING,0.0,SEARCH,SCAN,SCAN,65.0,90.0,,
2026-06-12T17:23:25.610,1781277805,nicole,REACQUIRING,0.0,SEARCH,SCAN,SCAN,55.0,90.0,,
2026-06-12T17:23:25.915,1781277805,nicole,REACQUIRING,0.0,SEARCH,SCAN,SCAN,45.0,90.0,,
2026-06-12T17:23:26.214,1781277806,nicole,REACQUIRING,0.0,SEARCH,SCAN,SCAN,35.0,90.0,,
2026-06-12T17:23:26.518,1781277806,nicole,REACQUIRING,0.0,SEARCH,SCAN,SCAN,25.0,90.0,,
2026-06-12T17:23:26.819,1781277806,nicole,REACQUIRING,0.0,SEARCH,SCAN,SCAN,35.0,90.0,,
2026-06-12T17:23:27.121,1781277807,nicole,REACQUIRING,0.0,SEARCH,SCAN,SCAN,45.0,90.0,,
2026-06-12T17:23:27.417,1781277807,nicole,REACQUIRING,0.0,SEARCH,SCAN,SCAN,55.0,90.0,,
2026-06-12T17:23:27.714,1781277807,nicole,REACQUIRING,0.0,SEARCH,SCAN,SCAN,65.0,90.0,,
2026-06-12T17:23:28.018,1781277808,nicole,REACQUIRING,0.0,SEARCH,SCAN,SCAN,75.0,90.0,,
2026-06-12T17:23:28.329,1781277808,nicole,REACQUIRING,0.0,SEARCH,SCAN,SCAN,85.0,90.0,,
2026-06-12T17:23:28.627,1781277808,nicole,REACQUIRING,0.0,SEARCH,SCAN,SCAN,95.0,90.0,,
2026-06-12T17:23:28.932,1781277808,nicole,REACQUIRING,0.0,SEARCH,SCAN,SCAN,105.0,90.0,,
2026-06-12T17:23:29.231,1781277809,nicole,REACQUIRING,0.0,SEARCH,SCAN,SCAN,115.0,90.0,,
2026-06-12T17:23:29.538,1781277809,nicole,REACQUIRING,0.0,SEARCH,SCAN,SCAN,125.0,90.0,,
2026-06-12T17:23:29.824,1781277809,nicole,REACQUIRING,0.0,SEARCH,SCAN,SCAN,135.0,90.0,,
2026-06-12T17:23:30.135,1781277810,nicole,REACQUIRING,0.0,SEARCH,SCAN,SCAN,145.0,90.0,,
2026-06-12T17:23:30.407,1781277810,nicole,REACQUIRING,0.0,SEARCH,SCAN,SCAN,155.0,90.0,,
2026-06-12T17:23:30.723,1781277810,nicole,TRACKING,0.5786,MOVE_RIGHT,RIGHT,CENTERED,152.3,88.1,810,330
2026-06-12T17:23:30.902,1781277810,nicole,TRACKING,0.5682,MOVE_RIGHT,RIGHT,CENTERED,149.1,85.7,846,314
2026-06-12T17:23:31.208,1781277811,nicole,TRACKING,0.5842,MOVE_RIGHT,RIGHT,CENTERED,145.4,83.9,876,313
2026-06-12T17:23:31.313,1781277811,nicole,TRACKING,0.6048,MOVE_RIGHT,RIGHT,CENTERED,141.7,82.5,877,314
2026-06-12T17:23:31.432,1781277811,nicole,TRACKING,0.6269,MOVE_RIGHT,RIGHT,CENTERED,138.1,81.7,875,317
2026-06-12T17:23:31.503,1781277811,nicole,TRACKING,0.6464,MOVE_RIGHT,RIGHT,CENTERED,134.5,81.2,868,319
2026-06-12T17:23:31.595,1781277811,nicole,TRACKING,0.6506,MOVE_RIGHT,RIGHT,CENTERED,131.0,80.8,862,318
2026-06-12T17:23:31.727,1781277811,nicole,TRACKING,0.6312,MOVE_RIGHT,RIGHT,CENTERED,127.7,80.8,856,323
2026-06-12T17:23:31.817,1781277811,nicole,TRACKING,0.6252,MOVE_RIGHT,RIGHT,CENTERED,124.3,80.6,853,320
2026-06-12T17:23:31.919,1781277811,nicole,TRACKING,0.5813,MOVE_RIGHT,RIGHT,CENTERED,121.1,80.4,846,320
2026-06-12T17:23:32.021,1781277812,nicole,TRACKING,0.573,MOVE_RIGHT,RIGHT,CENTERED,118.0,80.0,842,315
2026-06-12T17:23:32.103,1781277812,nicole,TRACKING,0.5842,MOVE_RIGHT,RIGHT,CENTERED,114.9,79.8,835,316
2026-06-12T17:23:32.220,1781277812,nicole,TRACKING,0.5556,MOVE_RIGHT,RIGHT,CENTERED,112.0,79.6,827,316
2026-06-12T17:23:32.294,1781277812,nicole,TRACKING,0.5654,MOVE_RIGHT,RIGHT,CENTERED,109.2,79.4,820,316
2026-06-12T17:23:32.417,1781277812,nicole,TRACKING,0.5597,MOVE_RIGHT,RIGHT,CENTERED,106.5,79.6,811,320
2026-06-12T17:23:32.520,1781277812,nicole,TRACKING,0.5595,MOVE_RIGHT,RIGHT,CENTERED,103.9,79.7,805,321
2026-06-12T17:23:32.699,1781277812,nicole,TRACKING,0.5835,MOVE_RIGHT,RIGHT,CENTERED,101.5,79.7,796,318
2026-06-12T17:23:32.797,1781277812,nicole,TRACKING,0.6009,CENTERED,CENTERED,CENTERED,101.5,79.7,792,319
2026-06-12T17:23:32.895,1781277812,nicole,TRACKING,0.6429,CENTERED,CENTERED,CENTERED,101.5,79.7,793,319
2026-06-12T17:23:32.987,1781277812,nicole,TRACKING,0.6587,CENTERED,CENTERED,CENTERED,101.5,79.7,788,319
2026-06-12T17:23:33.099,1781277813,nicole,TRACKING,0.5974,CENTERED,CENTERED,CENTERED,101.5,79.6,785,317
2026-06-12T17:23:33.208,1781277813,nicole,TRACKING,0.6501,CENTERED,CENTERED,CENTERED,101.5,79.6,771,319
2026-06-12T17:23:33.293,1781277813,nicole,TRACKING,0.6071,CENTERED,CENTERED,CENTERED,101.5,79.9,759,322
2026-06-12T17:23:33.413,1781277813,nicole,TRACKING,0.7005,CENTERED,CENTERED,CENTERED,101.5,80.4,754,328
2026-06-12T17:23:33.542,1781277813,nicole,TRACKING,0.6824,CENTERED,CENTERED,CENTERED,101.5,80.9,752,329
2026-06-12T17:23:33.611,1781277813,nicole,TRACKING,0.6903,CENTERED,CENTERED,CENTERED,101.5,81.2,750,329
2026-06-12T17:23:33.719,1781277813,nicole,TRACKING,0.7231,CENTERED,CENTERED,CENTERED,101.5,81.5,750,330
2026-06-12T17:23:33.830,1781277813,nicole,TRACKING,0.7423,CENTERED,CENTERED,CENTERED,101.5,81.6,749,328
2026-06-12T17:23:33.912,1781277813,nicole,TRACKING,0.7296,CENTERED,CENTERED,CENTERED,101.5,81.9,752,331
2026-06-12T17:23:34.003,1781277814,nicole,TRACKING,0.7533,CENTERED,CENTERED,CENTERED,101.5,82.2,755,332
2026-06-12T17:23:34.140,1781277814,nicole,TRACKING,0.7419,CENTERED,CENTERED,CENTERED,101.5,82.2,754,329
2026-06-12T17:23:34.226,1781277814,nicole,TRACKING,0.7562,CENTERED,CENTERED,CENTERED,101.5,82.3,754,330
2026-06-12T17:23:34.305,1781277814,nicole,TRACKING,0.7379,CENTERED,CENTERED,CENTERED,101.5,82.3,754,330
2026-06-12T17:23:34.396,1781277814,nicole,TRACKING,0.7504,CENTERED,CENTERED,CENTERED,101.5,82.4,753,330
2026-06-12T17:23:34.533,1781277814,nicole,TRACKING,0.7452,CENTERED,CENTERED,CENTERED,101.5,82.5,753,331
2026-06-12T17:23:34.612,1781277814,nicole,TRACKING,0.7477,CENTERED,CENTERED,CENTERED,101.5,82.6,753,332
2026-06-12T17:23:34.726,1781277814,nicole,TRACKING,0.731,CENTERED,CENTERED,CENTERED,101.5,82.7,753,332
2026-06-12T17:23:34.834,1781277814,nicole,TRACKING,0.7342,CENTERED,CENTERED,CENTERED,101.5,82.7,752,331
2026-06-12T17:23:34.909,1781277814,nicole,TRACKING,0.7598,CENTERED,CENTERED,CENTERED,101.5,82.7,752,330
2026-06-12T17:23:35.013,1781277815,nicole,TRACKING,0.7539,CENTERED,CENTERED,CENTERED,101.5,82.6,751,330
2026-06-12T17:23:35.107,1781277815,nicole,TRACKING,0.7264,CENTERED,CENTERED,CENTERED,101.5,82.8,752,333
2026-06-12T17:23:35.222,1781277815,nicole,TRACKING,0.7396,CENTERED,CENTERED,CENTERED,101.5,82.8,752,332
2026-06-12T17:23:35.340,1781277815,nicole,TRACKING,0.7061,CENTERED,CENTERED,CENTERED,101.5,82.9,751,332
2026-06-12T17:23:35.431,1781277815,nicole,TRACKING,0.7406,CENTERED,CENTERED,CENTERED,101.5,82.8,751,330
2026-06-12T17:23:35.545,1781277815,nicole,TRACKING,0.756,CENTERED,CENTERED,CENTERED,101.5,82.6,752,329
2026-06-12T17:23:35.637,1781277815,nicole,TRACKING,0.7266,CENTERED,CENTERED,CENTERED,101.5,82.7,749,332
2026-06-12T17:23:35.746,1781277815,nicole,TRACKING,0.7359,CENTERED,CENTERED,CENTERED,101.5,82.7,749,331
2026-06-12T17:23:35.827,1781277815,nicole,TRACKING,0.719,CENTERED,CENTERED,CENTERED,101.5,82.7,748,331
2026-06-12T17:23:35.950,1781277815,nicole,TRACKING,0.7277,CENTERED,CENTERED,CENTERED,101.5,82.8,748,332
2026-06-12T17:23:36.032,1781277816,nicole,TRACKING,0.7052,CENTERED,CENTERED,CENTERED,101.5,82.8,748,331
2026-06-12T17:23:36.133,1781277816,nicole,TRACKING,0.7146,CENTERED,CENTERED,CENTERED,101.5,82.7,746,330
2026-06-12T17:23:36.252,1781277816,nicole,TRACKING,0.6971,CENTERED,CENTERED,CENTERED,101.5,82.6,745,329
2026-06-12T17:23:36.350,1781277816,nicole,TRACKING,0.7131,CENTERED,CENTERED,CENTERED,101.5,82.7,745,332
2026-06-12T17:23:36.453,1781277816,nicole,TRACKING,0.6953,CENTERED,CENTERED,CENTERED,101.5,82.7,745,331
2026-06-12T17:23:36.533,1781277816,nicole,TRACKING,0.6796,CENTERED,CENTERED,CENTERED,101.5,82.8,746,332
2026-06-12T17:23:36.652,1781277816,nicole,TRACKING,0.6972,CENTERED,CENTERED,CENTERED,101.5,82.7,746,330
2026-06-12T17:23:36.750,1781277816,nicole,TRACKING,0.7415,CENTERED,CENTERED,CENTERED,101.5,82.6,750,329
2026-06-12T17:23:36.847,1781277816,nicole,TRACKING,0.7384,CENTERED,CENTERED,CENTERED,101.5,82.7,751,332
2026-06-12T17:23:36.943,1781277816,nicole,TRACKING,0.756,CENTERED,CENTERED,CENTERED,101.5,82.7,752,331
2026-06-12T17:23:37.040,1781277817,nicole,TRACKING,0.7653,CENTERED,CENTERED,CENTERED,101.5,82.8,753,332
2026-06-12T17:23:37.151,1781277817,nicole,TRACKING,0.7683,CENTERED,CENTERED,CENTERED,101.5,82.6,751,328
2026-06-12T17:23:37.251,1781277817,nicole,TRACKING,0.7385,CENTERED,CENTERED,CENTERED,101.5,82.5,750,329
2026-06-12T17:23:37.361,1781277817,nicole,TRACKING,0.7119,CENTERED,CENTERED,CENTERED,101.5,82.6,747,331
2026-06-12T17:23:37.460,1781277817,nicole,TRACKING,0.7337,CENTERED,CENTERED,CENTERED,101.5,82.5,747,330
2026-06-12T17:23:37.553,1781277817,nicole,TRACKING,0.7177,CENTERED,CENTERED,CENTERED,101.5,82.6,746,331
2026-06-12T17:23:37.650,1781277817,nicole,TRACKING,0.716,CENTERED,CENTERED,CENTERED,101.5,82.6,747,331
2026-06-12T17:23:37.762,1781277817,nicole,TRACKING,0.7292,CENTERED,CENTERED,CENTERED,101.5,82.9,746,334
2026-06-12T17:23:37.858,1781277817,nicole,TRACKING,0.7532,CENTERED,CENTERED,CENTERED,101.5,82.9,747,332
2026-06-12T17:23:37.972,1781277817,nicole,TRACKING,0.7597,CENTERED,CENTERED,CENTERED,101.5,82.9,752,332
2026-06-12T17:23:38.060,1781277818,nicole,TRACKING,0.7368,CENTERED,CENTERED,CENTERED,101.5,82.9,751,331
2026-06-12T17:23:38.161,1781277818,nicole,TRACKING,0.7224,CENTERED,CENTERED,CENTERED,101.5,82.8,750,331
2026-06-12T17:23:38.251,1781277818,nicole,TRACKING,0.7244,CENTERED,CENTERED,CENTERED,101.5,82.8,751,331
2026-06-12T17:23:38.367,1781277818,nicole,TRACKING,0.7495,CENTERED,CENTERED,CENTERED,101.5,82.8,752,331
2026-06-12T17:23:38.460,1781277818,nicole,TRACKING,0.7328,CENTERED,CENTERED,CENTERED,101.5,82.7,750,330
2026-06-12T17:23:38.559,1781277818,nicole,TRACKING,0.7508,CENTERED,CENTERED,CENTERED,101.5,82.5,749,327
2026-06-12T17:23:38.664,1781277818,nicole,TRACKING,0.7316,CENTERED,CENTERED,CENTERED,101.5,82.5,745,330
2026-06-12T17:23:38.761,1781277818,nicole,TRACKING,0.7206,CENTERED,CENTERED,CENTERED,101.5,82.6,747,331
2026-06-12T17:23:38.857,1781277818,nicole,TRACKING,0.7143,CENTERED,CENTERED,CENTERED,101.5,82.5,754,330
2026-06-12T17:23:38.949,1781277818,nicole,TRACKING,0.7152,CENTERED,CENTERED,CENTERED,101.5,82.6,763,331
2026-06-12T17:23:39.064,1781277819,nicole,TRACKING,0.6755,CENTERED,CENTERED,CENTERED,101.5,82.4,779,328
2026-06-12T17:23:39.159,1781277819,nicole,TRACKING,0.6346,MOVE_RIGHT,RIGHT,CENTERED,98.9,82.6,803,333
2026-06-12T17:23:39.781,1781277819,nicole,REACQUIRING,0.0,SEARCH,SCAN,SCAN,100.0,90.0,,
2026-06-12T17:23:40.092,1781277820,nicole,REACQUIRING,0.0,SEARCH,SCAN,SCAN,110.0,90.0,,
2026-06-12T17:23:40.395,1781277820,nicole,REACQUIRING,0.0,SEARCH,SCAN,SCAN,120.0,90.0,,
2026-06-12T17:23:40.705,1781277820,nicole,REACQUIRING,0.0,SEARCH,SCAN,SCAN,130.0,90.0,,
2026-06-12T17:23:40.978,1781277820,nicole,REACQUIRING,0.0,SEARCH,SCAN,SCAN,140.0,90.0,,
2026-06-12T17:23:41.275,1781277821,nicole,TRACKING,0.553,MOVE_RIGHT,RIGHT,CENTERED,133.6,86.9,1050,310
2026-06-12T17:23:41.583,1781277821,nicole,TRACKING,0.5853,MOVE_RIGHT,RIGHT,CENTERED,127.2,85.0,1049,317
2026-06-12T17:23:41.659,1781277821,nicole,TRACKING,0.5574,MOVE_RIGHT,RIGHT,CENTERED,120.8,83.7,1048,320
2026-06-12T17:23:41.760,1781277821,nicole,TRACKING,0.5593,MOVE_RIGHT,RIGHT,CENTERED,114.4,82.9,1049,322
2026-06-12T17:23:41.878,1781277821,nicole,TRACKING,0.5635,MOVE_RIGHT,RIGHT,CENTERED,108.0,82.1,1049,319
2026-06-12T17:23:42.092,1781277822,nicole,TRACKING,0.5699,MOVE_RIGHT,RIGHT,CENTERED,101.7,81.7,1044,322
2026-06-12T17:23:42.204,1781277822,nicole,TRACKING,0.5696,MOVE_RIGHT,RIGHT,CENTERED,95.5,82.4,1038,338
2026-06-12T17:23:42.290,1781277822,nicole,TRACKING,0.5694,MOVE_RIGHT,RIGHT,CENTERED,89.2,82.7,1041,334
2026-06-12T17:23:42.389,1781277822,nicole,TRACKING,0.5927,MOVE_RIGHT,RIGHT,CENTERED,83.1,82.9,1034,334
2026-06-12T17:23:42.497,1781277822,nicole,TRACKING,0.5954,MOVE_RIGHT,RIGHT,CENTERED,76.9,83.1,1038,335
2026-06-12T17:23:42.588,1781277822,nicole,TRACKING,0.5952,MOVE_RIGHT,RIGHT,CENTERED,70.6,83.8,1040,344
2026-06-12T17:23:42.687,1781277822,nicole,TRACKING,0.6089,MOVE_RIGHT,RIGHT,CENTERED,64.4,84.2,1041,342
2026-06-12T17:23:42.776,1781277822,nicole,TRACKING,0.6132,MOVE_RIGHT,RIGHT,CENTERED,58.0,84.6,1048,343
2026-06-12T17:23:42.888,1781277822,nicole,TRACKING,0.602,MOVE_RIGHT,RIGHT,CENTERED,51.5,85.2,1054,348
2026-06-12T17:23:42.988,1781277822,nicole,TRACKING,0.5966,MOVE_RIGHT,RIGHT,CENTERED,44.9,85.0,1064,338
2026-06-12T17:23:43.088,1781277823,nicole,TRACKING,0.6331,MOVE_RIGHT,RIGHT,CENTERED,38.1,83.9,1072,322
2026-06-12T17:23:43.310,1781277823,nicole,REACQUIRING,0.0,SEARCH,SCAN,SCAN,100.0,90.0,,
2026-06-12T17:23:43.612,1781277823,nicole,REACQUIRING,0.0,SEARCH,SCAN,SCAN,110.0,90.0,,
2026-06-12T17:23:43.919,1781277823,nicole,REACQUIRING,0.0,SEARCH,SCAN,SCAN,120.0,90.0,,
2026-06-12T17:23:44.225,1781277824,nicole,REACQUIRING,0.0,SEARCH,SCAN,SCAN,130.0,90.0,,
2026-06-12T17:23:44.531,1781277824,nicole,REACQUIRING,0.0,SEARCH,SCAN,SCAN,140.0,90.0,,
2026-06-12T17:23:44.817,1781277824,nicole,REACQUIRING,0.0,SEARCH,SCAN,SCAN,150.0,90.0,,
2026-06-12T17:23:45.105,1781277825,nicole,TRACKING,0.6084,MOVE_RIGHT,RIGHT,CENTERED,143.2,87.6,1077,322
2026-06-12T17:23:45.326,1781277825,nicole,REACQUIRING,0.0,SEARCH,SCAN,SCAN,100.0,90.0,,
2026-06-12T17:23:45.627,1781277825,nicole,REACQUIRING,0.0,SEARCH,SCAN,SCAN,110.0,90.0,,
2026-06-12T17:23:45.936,1781277825,nicole,REACQUIRING,0.0,SEARCH,SCAN,SCAN,120.0,90.0,,
2026-06-12T17:23:46.239,1781277826,nicole,REACQUIRING,0.0,SEARCH,SCAN,SCAN,130.0,90.0,,
2026-06-12T17:23:46.530,1781277826,nicole,REACQUIRING,0.0,SEARCH,SCAN,SCAN,140.0,90.0,,
2026-06-12T17:23:46.830,1781277826,nicole,REACQUIRING,0.0,SEARCH,SCAN,SCAN,150.0,90.0,,
2026-06-12T17:23:47.135,1781277827,nicole,REACQUIRING,0.0,SEARCH,SCAN,SCAN,155.0,90.0,,
2026-06-12T17:23:47.437,1781277827,nicole,REACQUIRING,0.0,SEARCH,SCAN,SCAN,145.0,90.0,,
2026-06-12T17:23:47.744,1781277827,nicole,REACQUIRING,0.0,SEARCH,SCAN,SCAN,135.0,90.0,,
2026-06-12T17:23:48.047,1781277828,nicole,REACQUIRING,0.0,SEARCH,SCAN,SCAN,125.0,90.0,,
2026-06-12T17:23:48.350,1781277828,nicole,REACQUIRING,0.0,SEARCH,SCAN,SCAN,115.0,90.0,,
2026-06-12T17:23:48.641,1781277828,nicole,REACQUIRING,0.0,SEARCH,SCAN,SCAN,105.0,90.0,,
2026-06-12T17:23:48.947,1781277828,nicole,REACQUIRING,0.0,SEARCH,SCAN,SCAN,95.0,90.0,,
2026-06-12T17:23:49.250,1781277829,nicole,REACQUIRING,0.0,SEARCH,SCAN,SCAN,85.0,90.0,,
2026-06-12T17:23:49.549,1781277829,nicole,REACQUIRING,0.0,SEARCH,SCAN,SCAN,75.0,90.0,,
2026-06-12T17:23:49.855,1781277829,nicole,REACQUIRING,0.0,SEARCH,SCAN,SCAN,65.0,90.0,,
2026-06-12T17:23:50.159,1781277830,nicole,REACQUIRING,0.0,SEARCH,SCAN,SCAN,55.0,90.0,,
2026-06-12T17:23:50.459,1781277830,nicole,REACQUIRING,0.0,SEARCH,SCAN,SCAN,45.0,90.0,,
2026-06-12T17:23:50.766,1781277830,nicole,REACQUIRING,0.0,SEARCH,SCAN,SCAN,35.0,90.0,,
2026-06-12T17:23:51.052,1781277831,nicole,REACQUIRING,0.0,SEARCH,SCAN,SCAN,25.0,90.0,,
2026-06-12T17:23:51.360,1781277831,nicole,REACQUIRING,0.0,SEARCH,SCAN,SCAN,35.0,90.0,,
2026-06-12T17:23:51.665,1781277831,nicole,REACQUIRING,0.0,SEARCH,SCAN,SCAN,45.0,90.0,,
2026-06-12T17:23:51.968,1781277831,nicole,REACQUIRING,0.0,SEARCH,SCAN,SCAN,55.0,90.0,,
2026-06-12T17:23:52.271,1781277832,nicole,REACQUIRING,0.0,SEARCH,SCAN,SCAN,65.0,90.0,,
2026-06-12T17:23:52.578,1781277832,nicole,REACQUIRING,0.0,SEARCH,SCAN,SCAN,75.0,90.0,,
2026-06-12T17:23:52.879,1781277832,nicole,REACQUIRING,0.0,SEARCH,SCAN,SCAN,85.0,90.0,,
2026-06-12T17:23:53.178,1781277833,nicole,REACQUIRING,0.0,SEARCH,SCAN,SCAN,95.0,90.0,,
2026-06-12T17:23:53.471,1781277833,nicole,REACQUIRING,0.0,SEARCH,SCAN,SCAN,105.0,90.0,,
2026-06-12T17:23:53.775,1781277833,nicole,REACQUIRING,0.0,SEARCH,SCAN,SCAN,115.0,90.0,,
2026-06-12T17:23:54.082,1781277834,nicole,REACQUIRING,0.0,SEARCH,SCAN,SCAN,125.0,90.0,,
2026-06-12T17:23:54.382,1781277834,nicole,REACQUIRING,0.0,SEARCH,SCAN,SCAN,135.0,90.0,,
2026-06-12T17:23:54.689,1781277834,nicole,REACQUIRING,0.0,SEARCH,SCAN,SCAN,145.0,90.0,,
2026-06-12T17:23:54.996,1781277834,nicole,REACQUIRING,0.0,SEARCH,SCAN,SCAN,155.0,90.0,,
2026-06-12T17:23:55.296,1781277835,nicole,REACQUIRING,0.0,SEARCH,SCAN,SCAN,145.0,90.0,,
2026-06-12T17:23:55.584,1781277835,nicole,REACQUIRING,0.0,SEARCH,SCAN,SCAN,135.0,90.0,,
2026-06-12T17:23:55.884,1781277835,nicole,REACQUIRING,0.0,SEARCH,SCAN,SCAN,125.0,90.0,,
2026-06-12T17:23:56.195,1781277836,nicole,REACQUIRING,0.0,SEARCH,SCAN,SCAN,115.0,90.0,,
2026-06-12T17:23:56.495,1781277836,nicole,REACQUIRING,0.0,SEARCH,SCAN,SCAN,105.0,90.0,,
2026-06-12T17:23:56.798,1781277836,nicole,REACQUIRING,0.0,SEARCH,SCAN,SCAN,95.0,90.0,,
2026-06-12T17:23:57.104,1781277837,nicole,REACQUIRING,0.0,SEARCH,SCAN,SCAN,85.0,90.0,,
2026-06-12T17:23:57.408,1781277837,nicole,REACQUIRING,0.0,SEARCH,SCAN,SCAN,75.0,90.0,,
2026-06-12T17:23:57.708,1781277837,nicole,REACQUIRING,0.0,SEARCH,SCAN,SCAN,65.0,90.0,,
2026-06-12T17:23:58.001,1781277838,nicole,REACQUIRING,0.0,SEARCH,SCAN,SCAN,55.0,90.0,,
2026-06-12T17:23:58.301,1781277838,nicole,REACQUIRING,0.0,SEARCH,SCAN,SCAN,45.0,90.0,,
2026-06-12T17:23:58.611,1781277838,nicole,REACQUIRING,0.0,SEARCH,SCAN,SCAN,35.0,90.0,,
2026-06-12T17:23:58.907,1781277838,nicole,REACQUIRING,0.0,SEARCH,SCAN,SCAN,25.0,90.0,,
2026-06-12T17:23:59.214,1781277839,nicole,REACQUIRING,0.0,SEARCH,SCAN,SCAN,35.0,90.0,,
2026-06-12T17:23:59.515,1781277839,nicole,REACQUIRING,0.0,SEARCH,SCAN,SCAN,45.0,90.0,,
2026-06-12T17:23:59.824,1781277839,nicole,REACQUIRING,0.0,SEARCH,SCAN,SCAN,55.0,90.0,,
2026-06-12T17:24:00.123,1781277840,nicole,REACQUIRING,0.0,SEARCH,SCAN,SCAN,65.0,90.0,,
2026-06-12T17:24:00.411,1781277840,nicole,REACQUIRING,0.0,SEARCH,SCAN,SCAN,75.0,90.0,,
2026-06-12T17:24:00.716,1781277840,nicole,REACQUIRING,0.0,SEARCH,SCAN,SCAN,85.0,90.0,,
2026-06-12T17:24:01.018,1781277841,nicole,REACQUIRING,0.0,SEARCH,SCAN,SCAN,95.0,90.0,,
2026-06-12T17:24:01.325,1781277841,nicole,REACQUIRING,0.0,SEARCH,SCAN,SCAN,105.0,90.0,,
2026-06-12T17:24:01.626,1781277841,nicole,REACQUIRING,0.0,SEARCH,SCAN,SCAN,115.0,90.0,,
2026-06-12T17:24:01.930,1781277841,nicole,REACQUIRING,0.0,SEARCH,SCAN,SCAN,125.0,90.0,,
2026-06-12T17:24:02.234,1781277842,nicole,REACQUIRING,0.0,SEARCH,SCAN,SCAN,135.0,90.0,,
2026-06-12T17:24:02.529,1781277842,nicole,REACQUIRING,0.0,SEARCH,SCAN,SCAN,145.0,90.0,,
2026-06-12T17:24:02.827,1781277842,nicole,REACQUIRING,0.0,SEARCH,SCAN,SCAN,155.0,90.0,,
2026-06-12T17:24:03.135,1781277843,nicole,REACQUIRING,0.0,SEARCH,SCAN,SCAN,145.0,90.0,,
2026-06-12T17:24:03.440,1781277843,nicole,REACQUIRING,0.0,SEARCH,SCAN,SCAN,135.0,90.0,,
2026-06-12T17:24:03.743,1781277843,nicole,REACQUIRING,0.0,SEARCH,SCAN,SCAN,125.0,90.0,,
2026-06-12T17:24:04.049,1781277844,nicole,REACQUIRING,0.0,SEARCH,SCAN,SCAN,115.0,90.0,,
2026-06-12T17:24:04.347,1781277844,nicole,REACQUIRING,0.0,SEARCH,SCAN,SCAN,105.0,90.0,,
2026-06-12T17:24:04.656,1781277844,nicole,REACQUIRING,0.0,SEARCH,SCAN,SCAN,95.0,90.0,,
2026-06-12T17:24:04.944,1781277844,nicole,REACQUIRING,0.0,SEARCH,SCAN,SCAN,85.0,90.0,,
2026-06-12T17:24:05.248,1781277845,nicole,REACQUIRING,0.0,SEARCH,SCAN,SCAN,75.0,90.0,,
2026-06-12T17:24:05.548,1781277845,nicole,REACQUIRING,0.0,SEARCH,SCAN,SCAN,65.0,90.0,,
2026-06-12T17:24:05.855,1781277845,nicole,REACQUIRING,0.0,SEARCH,SCAN,SCAN,55.0,90.0,,
2026-06-12T17:24:06.116,1781277846,nicole,REACQUIRING,0.0,SEARCH,SCAN,SCAN,45.0,90.0,,
2026-06-12T17:24:06.241,1781277846,nicole,TRACKING,0.5674,MOVE_RIGHT,RIGHT,CENTERED,40.8,89.1,906,345
2026-06-12T17:24:06.332,1781277846,nicole,TRACKING,0.6176,MOVE_RIGHT,RIGHT,CENTERED,37.4,88.0,860,339
2026-06-12T17:24:06.442,1781277846,nicole,TRACKING,0.7144,MOVE_RIGHT,RIGHT,CENTERED,34.5,87.2,828,340
2026-06-12T17:24:06.539,1781277846,nicole,TRACKING,0.7893,MOVE_RIGHT,RIGHT,CENTERED,31.8,86.4,814,335
2026-06-12T17:24:06.635,1781277846,nicole,TRACKING,0.7659,MOVE_RIGHT,RIGHT,CENTERED,29.2,85.1,804,325
2026-06-12T17:24:06.733,1781277846,nicole,TRACKING,0.7219,CENTERED,CENTERED,CENTERED,29.2,83.8,787,320
2026-06-12T17:24:06.845,1781277846,nicole,TRACKING,0.7186,CENTERED,CENTERED,CENTERED,29.2,82.9,780,321
2026-06-12T17:24:06.940,1781277846,nicole,TRACKING,0.6945,CENTERED,CENTERED,CENTERED,29.2,82.1,782,318
2026-06-12T17:24:07.036,1781277847,nicole,TRACKING,0.6927,CENTERED,CENTERED,CENTERED,29.2,81.4,784,318
2026-06-12T17:24:07.149,1781277847,nicole,TRACKING,0.6614,CENTERED,CENTERED,CENTERED,29.2,80.9,788,317
2026-06-12T17:24:07.241,1781277847,nicole,TRACKING,0.6666,MOVE_RIGHT,RIGHT,CENTERED,26.7,80.5,798,318
2026-06-12T17:24:07.341,1781277847,nicole,TRACKING,0.6496,MOVE_RIGHT,RIGHT,CENTERED,24.1,80.5,805,322
2026-06-12T17:24:07.424,1781277847,nicole,TRACKING,0.6751,MOVE_RIGHT,RIGHT,CENTERED,21.5,80.5,806,322
2026-06-12T17:24:07.545,1781277847,nicole,TRACKING,0.6745,MOVE_RIGHT,RIGHT,CENTERED,19.0,80.5,806,321
2026-06-12T17:24:07.647,1781277847,nicole,TRACKING,0.6607,MOVE_RIGHT,RIGHT,CENTERED,16.4,80.3,806,320
2026-06-12T17:24:07.735,1781277847,nicole,TRACKING,0.6698,MOVE_RIGHT,RIGHT,CENTERED,13.7,80.2,810,319
2026-06-12T17:24:07.855,1781277847,nicole,TRACKING,0.6673,MOVE_RIGHT,RIGHT,CENTERED,11.0,80.1,813,320
2026-06-12T17:24:07.949,1781277847,nicole,TRACKING,0.6485,MOVE_RIGHT,RIGHT,CENTERED,8.2,80.2,820,322
2026-06-12T17:24:08.047,1781277848,nicole,TRACKING,0.6401,MOVE_RIGHT,RIGHT,CENTERED,5.3,80.3,824,322
2026-06-12T17:24:08.145,1781277848,nicole,TRACKING,0.6473,MOVE_RIGHT,RIGHT,CENTERED,2.3,80.5,834,324
2026-06-12T17:24:08.250,1781277848,nicole,TRACKING,0.7016,MOVE_RIGHT,RIGHT,CENTERED,0.0,80.4,837,321
2026-06-12T17:24:08.356,1781277848,nicole,TRACKING,0.7036,MOVE_RIGHT,RIGHT,CENTERED,0.0,80.6,847,324
2026-06-12T17:24:08.446,1781277848,nicole,TRACKING,0.6863,MOVE_RIGHT,RIGHT,CENTERED,0.0,80.5,854,321
2026-06-12T17:24:08.554,1781277848,nicole,TRACKING,0.7246,MOVE_RIGHT,RIGHT,CENTERED,0.0,80.4,864,321
2026-06-12T17:24:08.655,1781277848,nicole,TRACKING,0.7281,MOVE_RIGHT,RIGHT,CENTERED,0.0,80.3,876,320
2026-06-12T17:24:08.747,1781277848,nicole,TRACKING,0.6407,MOVE_RIGHT,RIGHT,CENTERED,0.0,79.8,887,313
2026-06-12T17:24:08.844,1781277848,nicole,TRACKING,0.6454,MOVE_RIGHT,RIGHT,CENTERED,0.0,79.3,901,311
2026-06-12T17:24:08.946,1781277848,nicole,TRACKING,0.6415,MOVE_RIGHT,RIGHT,CENTERED,0.0,78.5,914,305
2026-06-12T17:24:09.038,1781277849,nicole,TRACKING,0.5748,MOVE_RIGHT,RIGHT,CENTERED,0.0,78.0,931,305
2026-06-12T17:24:09.143,1781277849,nicole,TRACKING,0.629,MOVE_RIGHT,RIGHT,CENTERED,0.0,77.9,953,311
2026-06-12T17:24:09.258,1781277849,nicole,TRACKING,0.6721,MOVE_RIGHT,RIGHT,CENTERED,0.0,78.0,961,313
2026-06-12T17:24:09.341,1781277849,nicole,TRACKING,0.6461,MOVE_RIGHT,RIGHT,CENTERED,0.0,77.7,966,308
2026-06-12T17:24:09.449,1781277849,nicole,TRACKING,0.6592,MOVE_RIGHT,RIGHT,CENTERED,0.0,77.7,970,310
2026-06-12T17:24:09.545,1781277849,nicole,TRACKING,0.6731,MOVE_RIGHT,RIGHT,CENTERED,0.0,78.0,978,315
2026-06-12T17:24:09.657,1781277849,nicole,TRACKING,0.7062,MOVE_RIGHT,RIGHT,CENTERED,0.0,78.2,982,316
2026-06-12T17:24:09.761,1781277849,nicole,TRACKING,0.7056,MOVE_RIGHT,RIGHT,CENTERED,0.0,78.4,982,316
2026-06-12T17:24:09.858,1781277849,nicole,TRACKING,0.6279,MOVE_RIGHT,RIGHT,CENTERED,0.0,78.7,986,318
2026-06-12T17:24:10.459,1781277850,nicole,TRACKING,0.5566,MOVE_RIGHT,RIGHT,CENTERED,0.0,80.2,994,339
2026-06-12T17:24:10.529,1781277850,nicole,TRACKING,0.679,MOVE_RIGHT,RIGHT,CENTERED,0.0,81.4,987,340
2026-06-12T17:24:10.668,1781277850,nicole,TRACKING,0.7356,MOVE_RIGHT,RIGHT,CENTERED,0.0,82.2,980,338
2026-06-12T17:24:10.765,1781277850,nicole,TRACKING,0.7584,MOVE_RIGHT,RIGHT,CENTERED,0.0,82.6,975,336
2026-06-12T17:24:10.861,1781277850,nicole,TRACKING,0.7404,MOVE_RIGHT,RIGHT,CENTERED,0.0,83.2,969,339
2026-06-12T17:24:10.970,1781277850,nicole,TRACKING,0.6378,MOVE_RIGHT,RIGHT,CENTERED,0.0,83.6,963,339
2026-06-12T17:24:11.485,1781277851,nicole,TRACKING,0.5969,CENTERED,CENTERED,CENTERED,0.0,85.2,691,360
2026-06-12T17:24:11.582,1781277851,nicole,TRACKING,0.6344,CENTERED,CENTERED,CENTERED,0.0,86.4,653,360
2026-06-12T17:24:11.677,1781277851,nicole,TRACKING,0.6712,CENTERED,CENTERED,CENTERED,0.0,87.3,632,360
2026-06-12T17:24:11.775,1781277851,nicole,TRACKING,0.6844,CENTERED,CENTERED,CENTERED,0.0,88.0,634,360
2026-06-12T17:24:11.873,1781277851,nicole,TRACKING,0.6189,CENTERED,CENTERED,CENTERED,0.0,88.5,659,360
2026-06-12T17:24:11.957,1781277851,nicole,TRACKING,0.6565,CENTERED,CENTERED,CENTERED,0.0,88.9,693,360
2026-06-12T17:24:12.069,1781277852,nicole,TRACKING,0.6967,CENTERED,CENTERED,CENTERED,0.0,89.1,723,360
2026-06-12T17:24:12.183,1781277852,nicole,TRACKING,0.6916,CENTERED,CENTERED,CENTERED,0.0,89.4,743,360
2026-06-12T17:24:12.266,1781277852,nicole,TRACKING,0.6345,CENTERED,CENTERED,CENTERED,0.0,89.5,773,360
2026-06-12T17:24:12.391,1781277852,nicole,TRACKING,0.6749,MOVE_RIGHT,RIGHT,CENTERED,0.0,89.6,803,360
2026-06-12T17:24:12.479,1781277852,nicole,TRACKING,0.7361,MOVE_RIGHT,RIGHT,CENTERED,0.0,89.6,832,358
2026-06-12T17:24:12.569,1781277852,nicole,TRACKING,0.7543,MOVE_RIGHT,RIGHT,CENTERED,0.0,87.9,846,331
2026-06-12T17:24:12.666,1781277852,nicole,TRACKING,0.6466,MOVE_RIGHT,RIGHT,CENTERED,0.0,87.8,875,350
2026-06-12T17:24:13.247,1781277853,nicole,REACQUIRING,0.0,SEARCH,SCAN,SCAN,100.0,90.0,,
2026-06-12T17:24:13.390,1781277853,nicole,TRACKING,0.6105,MOVE_RIGHT,RIGHT,CENTERED,96.1,86.4,890,303
2026-06-12T17:24:13.761,1781277853,nicole,TRACKING,0.5634,MOVE_RIGHT,RIGHT,CENTERED,91.7,84.5,924,314
2026-06-12T17:24:13.976,1781277853,nicole,TRACKING,0.6135,MOVE_RIGHT,RIGHT,CENTERED,87.1,83.4,934,321
2026-06-12T17:24:14.193,1781277854,nicole,TRACKING,0.6282,MOVE_RIGHT,RIGHT,CENTERED,82.4,82.7,941,323
2026-06-12T17:24:14.360,1781277854,nicole,TRACKING,0.6127,MOVE_RIGHT,RIGHT,CENTERED,77.4,82.1,957,320
2026-06-12T17:24:14.585,1781277854,nicole,TRACKING,0.6708,MOVE_RIGHT,RIGHT,CENTERED,72.2,82.1,973,329
2026-06-12T17:24:14.690,1781277854,nicole,TRACKING,0.7463,MOVE_RIGHT,RIGHT,CENTERED,66.9,82.4,978,333
2026-06-12T17:24:14.779,1781277854,nicole,TRACKING,0.7485,MOVE_RIGHT,RIGHT,CENTERED,61.6,82.7,979,335
2026-06-12T17:24:14.885,1781277854,nicole,TRACKING,0.7619,MOVE_RIGHT,RIGHT,CENTERED,56.4,83.2,976,339
2026-06-12T17:24:14.976,1781277854,nicole,TRACKING,0.7956,MOVE_RIGHT,RIGHT,CENTERED,51.2,83.7,973,341
2026-06-12T17:24:15.079,1781277855,nicole,TRACKING,0.7935,MOVE_RIGHT,RIGHT,CENTERED,46.0,84.2,971,343
2026-06-12T17:24:15.177,1781277855,nicole,TRACKING,0.7897,MOVE_RIGHT,RIGHT,CENTERED,40.8,84.7,972,344
2026-06-12T17:24:15.295,1781277855,nicole,TRACKING,0.8161,MOVE_RIGHT,RIGHT,CENTERED,35.7,85.1,970,346
2026-06-12T17:24:15.388,1781277855,nicole,TRACKING,0.8052,MOVE_RIGHT,RIGHT,CENTERED,30.5,85.5,968,347
2026-06-12T17:24:15.489,1781277855,nicole,TRACKING,0.7885,MOVE_RIGHT,RIGHT,CENTERED,25.4,85.9,966,348
2026-06-12T17:24:15.597,1781277855,nicole,TRACKING,0.7722,MOVE_RIGHT,RIGHT,CENTERED,20.4,86.5,963,353
2026-06-12T17:24:15.691,1781277855,nicole,TRACKING,0.7447,MOVE_RIGHT,RIGHT,CENTERED,15.5,86.7,953,350
2026-06-12T17:24:15.792,1781277855,nicole,TRACKING,0.7186,MOVE_RIGHT,RIGHT,CENTERED,10.7,87.2,945,355
2026-06-12T17:24:15.903,1781277855,nicole,TRACKING,0.7259,MOVE_RIGHT,RIGHT,CENTERED,6.1,87.6,936,355
2026-06-12T17:24:15.973,1781277855,nicole,TRACKING,0.7185,MOVE_RIGHT,RIGHT,CENTERED,1.5,88.0,934,356
2026-06-12T17:24:16.095,1781277856,nicole,TRACKING,0.727,MOVE_RIGHT,RIGHT,CENTERED,0.0,88.2,929,356
2026-06-12T17:24:16.194,1781277856,nicole,TRACKING,0.7063,MOVE_RIGHT,RIGHT,CENTERED,0.0,88.4,929,356
2026-06-12T17:24:16.296,1781277856,nicole,TRACKING,0.7067,MOVE_RIGHT,RIGHT,CENTERED,0.0,88.6,927,357
2026-06-12T17:24:16.397,1781277856,nicole,TRACKING,0.6949,MOVE_RIGHT,RIGHT,CENTERED,0.0,88.7,926,355
2026-06-12T17:24:16.496,1781277856,nicole,TRACKING,0.728,MOVE_RIGHT,RIGHT,CENTERED,0.0,88.8,926,357
2026-06-12T17:24:16.598,1781277856,nicole,TRACKING,0.7122,MOVE_RIGHT,RIGHT,CENTERED,0.0,89.0,927,358
2026-06-12T17:24:16.678,1781277856,nicole,TRACKING,0.7199,MOVE_RIGHT,RIGHT,CENTERED,0.0,89.2,927,360
2026-06-12T17:24:16.792,1781277856,nicole,TRACKING,0.736,MOVE_RIGHT,RIGHT,CENTERED,0.0,89.4,929,360
2026-06-12T17:24:16.894,1781277856,nicole,TRACKING,0.7481,MOVE_RIGHT,RIGHT,CENTERED,0.0,89.6,935,360
2026-06-12T17:24:16.997,1781277856,nicole,TRACKING,0.7625,MOVE_RIGHT,RIGHT,CENTERED,0.0,89.7,942,360
2026-06-12T17:24:17.094,1781277857,nicole,TRACKING,0.7524,MOVE_RIGHT,RIGHT,CENTERED,0.0,89.4,948,355
2026-06-12T17:24:17.186,1781277857,nicole,TRACKING,0.7724,MOVE_RIGHT,RIGHT,CENTERED,0.0,89.3,952,356
2026-06-12T17:24:17.291,1781277857,nicole,TRACKING,0.7736,MOVE_RIGHT,RIGHT,CENTERED,0.0,89.1,952,353
2026-06-12T17:24:17.403,1781277857,nicole,TRACKING,0.7615,MOVE_RIGHT,RIGHT,CENTERED,0.0,88.9,954,354
2026-06-12T17:24:17.496,1781277857,nicole,TRACKING,0.7842,MOVE_RIGHT,RIGHT,CENTERED,0.0,89.1,955,358
2026-06-12T17:24:17.596,1781277857,nicole,TRACKING,0.8204,MOVE_RIGHT,RIGHT,CENTERED,0.0,89.1,956,357
2026-06-12T17:24:17.705,1781277857,nicole,TRACKING,0.8212,MOVE_RIGHT,RIGHT,CENTERED,0.0,89.2,954,358
2026-06-12T17:24:17.807,1781277857,nicole,TRACKING,0.808,MOVE_RIGHT,RIGHT,CENTERED,0.0,88.8,947,350
2026-06-12T17:24:17.896,1781277857,nicole,TRACKING,0.7971,MOVE_RIGHT,RIGHT,CENTERED,0.0,88.1,937,344
2026-06-12T17:24:18.022,1781277858,nicole,TRACKING,0.7811,MOVE_RIGHT,RIGHT,CENTERED,0.0,87.2,930,338
2026-06-12T17:24:18.101,1781277858,nicole,TRACKING,0.7837,MOVE_RIGHT,RIGHT,CENTERED,0.0,86.0,920,330
2026-06-12T17:24:18.192,1781277858,nicole,TRACKING,0.7576,MOVE_RIGHT,RIGHT,CENTERED,0.0,85.1,913,329
2026-06-12T17:24:18.296,1781277858,nicole,TRACKING,0.6624,MOVE_RIGHT,RIGHT,CENTERED,0.0,84.1,910,325
2026-06-12T17:24:18.414,1781277858,nicole,TRACKING,0.6895,MOVE_RIGHT,RIGHT,CENTERED,0.0,83.2,907,321
2026-06-12T17:24:18.508,1781277858,nicole,TRACKING,0.7084,MOVE_RIGHT,RIGHT,CENTERED,0.0,82.2,905,318
2026-06-12T17:24:18.716,1781277858,nicole,TRACKING,0.6279,MOVE_RIGHT,RIGHT,CENTERED,0.0,80.6,880,303
2026-06-12T17:24:18.802,1781277858,nicole,TRACKING,0.5689,MOVE_RIGHT,RIGHT,CENTERED,0.0,80.0,885,313
2026-06-12T17:24:18.907,1781277858,nicole,TRACKING,0.6529,MOVE_RIGHT,RIGHT,CENTERED,0.0,79.5,889,312
2026-06-12T17:24:19.018,1781277859,nicole,TRACKING,0.6259,MOVE_RIGHT,RIGHT,CENTERED,0.0,79.1,888,312
2026-06-12T17:24:19.118,1781277859,nicole,TRACKING,0.592,MOVE_RIGHT,RIGHT,CENTERED,0.0,78.5,874,307
2026-06-12T17:24:19.211,1781277859,nicole,TRACKING,0.5978,MOVE_RIGHT,RIGHT,CENTERED,0.0,78.2,857,308
2026-06-12T17:24:19.316,1781277859,nicole,TRACKING,0.6263,MOVE_RIGHT,RIGHT,CENTERED,0.0,77.9,846,308
2026-06-12T17:24:19.941,1781277859,nicole,REACQUIRING,0.0,SEARCH,SCAN,SCAN,100.0,90.0,,
2026-06-12T17:24:20.236,1781277860,nicole,REACQUIRING,0.0,SEARCH,SCAN,SCAN,110.0,90.0,,
2026-06-12T17:24:20.544,1781277860,nicole,REACQUIRING,0.0,SEARCH,SCAN,SCAN,120.0,90.0,,
2026-06-12T17:24:20.848,1781277860,nicole,REACQUIRING,0.0,SEARCH,SCAN,SCAN,130.0,90.0,,
2026-06-12T17:24:21.153,1781277861,nicole,REACQUIRING,0.0,SEARCH,SCAN,SCAN,140.0,90.0,,
2026-06-12T17:24:21.455,1781277861,nicole,REACQUIRING,0.0,SEARCH,SCAN,SCAN,150.0,90.0,,
2026-06-12T17:24:21.852,1781277861,nicole,REACQUIRING,0.0,SEARCH,SCAN,SCAN,155.0,90.0,,
2026-06-12T17:24:22.254,1781277862,nicole,REACQUIRING,0.0,SEARCH,SCAN,SCAN,145.0,90.0,,
2026-06-12T17:24:22.560,1781277862,nicole,REACQUIRING,0.0,SEARCH,SCAN,SCAN,135.0,90.0,,
2026-06-12T17:24:22.862,1781277862,nicole,REACQUIRING,0.0,SEARCH,SCAN,SCAN,125.0,90.0,,
2026-06-12T17:24:23.155,1781277863,nicole,REACQUIRING,0.0,SEARCH,SCAN,SCAN,115.0,90.0,,
2026-06-12T17:24:23.459,1781277863,nicole,REACQUIRING,0.0,SEARCH,SCAN,SCAN,105.0,90.0,,
2026-06-12T17:24:23.761,1781277863,nicole,REACQUIRING,0.0,SEARCH,SCAN,SCAN,95.0,90.0,,
2026-06-12T17:24:24.072,1781277864,nicole,REACQUIRING,0.0,SEARCH,SCAN,SCAN,85.0,90.0,,
2026-06-12T17:24:24.535,1781277864,nicole,REACQUIRING,0.0,SEARCH,SCAN,SCAN,75.0,90.0,,
2026-06-12T17:24:24.738,1781277864,nicole,TRACKING,0.6403,MOVE_LEFT,LEFT,CENTERED,81.1,88.4,251,335
2026-06-12T17:24:25.445,1781277865,nicole,REACQUIRING,0.0,SEARCH,SCAN,SCAN,100.0,90.0,,
2026-06-12T17:24:25.650,1781277865,nicole,TRACKING,0.5973,MOVE_LEFT,LEFT,CENTERED,105.0,88.1,322,329
2026-06-12T17:24:25.868,1781277865,nicole,REACQUIRING,0.0,SEARCH,SCAN,SCAN,100.0,90.0,,
2026-06-12T17:24:26.172,1781277866,nicole,REACQUIRING,0.0,SEARCH,SCAN,SCAN,110.0,90.0,,
2026-06-12T17:24:26.479,1781277866,nicole,REACQUIRING,0.0,SEARCH,SCAN,SCAN,120.0,90.0,,
2026-06-12T17:24:26.779,1781277866,nicole,REACQUIRING,0.0,SEARCH,SCAN,SCAN,130.0,90.0,,
2026-06-12T17:24:27.088,1781277867,nicole,REACQUIRING,0.0,SEARCH,SCAN,SCAN,140.0,90.0,,
2026-06-12T17:24:27.374,1781277867,nicole,REACQUIRING,0.0,SEARCH,SCAN,SCAN,150.0,90.0,,
2026-06-12T17:24:27.679,1781277867,nicole,REACQUIRING,0.0,SEARCH,SCAN,SCAN,155.0,90.0,,
2026-06-12T17:24:27.988,1781277867,nicole,REACQUIRING,0.0,SEARCH,SCAN,SCAN,145.0,90.0,,
2026-06-12T17:24:28.287,1781277868,nicole,REACQUIRING,0.0,SEARCH,SCAN,SCAN,135.0,90.0,,
2026-06-12T17:24:28.587,1781277868,nicole,REACQUIRING,0.0,SEARCH,SCAN,SCAN,125.0,90.0,,
2026-06-12T17:24:28.895,1781277868,nicole,REACQUIRING,0.0,SEARCH,SCAN,SCAN,115.0,90.0,,
2026-06-12T17:24:29.200,1781277869,nicole,REACQUIRING,0.0,SEARCH,SCAN,SCAN,105.0,90.0,,
2026-06-12T17:24:29.489,1781277869,nicole,REACQUIRING,0.0,SEARCH,SCAN,SCAN,95.0,90.0,,
2026-06-12T17:24:29.796,1781277869,nicole,REACQUIRING,0.0,SEARCH,SCAN,SCAN,85.0,90.0,,
2026-06-12T17:24:30.099,1781277870,nicole,REACQUIRING,0.0,SEARCH,SCAN,SCAN,75.0,90.0,,
2026-06-12T17:24:30.399,1781277870,nicole,REACQUIRING,0.0,SEARCH,SCAN,SCAN,65.0,90.0,,
2026-06-12T17:24:30.711,1781277870,nicole,REACQUIRING,0.0,SEARCH,SCAN,SCAN,55.0,90.0,,
2026-06-12T17:24:31.015,1781277871,nicole,REACQUIRING,0.0,SEARCH,SCAN,SCAN,45.0,90.0,,
2026-06-12T17:24:31.312,1781277871,nicole,REACQUIRING,0.0,SEARCH,SCAN,SCAN,35.0,90.0,,
2026-06-12T17:24:31.616,1781277871,nicole,REACQUIRING,0.0,SEARCH,SCAN,SCAN,25.0,90.0,,
2026-06-12T17:24:31.899,1781277871,nicole,REACQUIRING,0.0,SEARCH,SCAN,SCAN,35.0,90.0,,
2026-06-12T17:24:32.210,1781277872,nicole,REACQUIRING,0.0,SEARCH,SCAN,SCAN,45.0,90.0,,
2026-06-12T17:24:32.511,1781277872,nicole,REACQUIRING,0.0,SEARCH,SCAN,SCAN,55.0,90.0,,
2026-06-12T17:24:32.811,1781277872,nicole,REACQUIRING,0.0,SEARCH,SCAN,SCAN,65.0,90.0,,
2026-06-12T17:24:33.120,1781277873,nicole,REACQUIRING,0.0,SEARCH,SCAN,SCAN,75.0,90.0,,
2026-06-12T17:24:33.430,1781277873,nicole,REACQUIRING,0.0,SEARCH,SCAN,SCAN,85.0,90.0,,
2026-06-12T17:24:33.726,1781277873,nicole,REACQUIRING,0.0,SEARCH,SCAN,SCAN,95.0,90.0,,
2026-06-12T17:24:34.029,1781277874,nicole,REACQUIRING,0.0,SEARCH,SCAN,SCAN,105.0,90.0,,
2026-06-12T17:24:34.317,1781277874,nicole,REACQUIRING,0.0,SEARCH,SCAN,SCAN,115.0,90.0,,
2026-06-12T17:24:34.626,1781277874,nicole,REACQUIRING,0.0,SEARCH,SCAN,SCAN,125.0,90.0,,
2026-06-12T17:24:34.929,1781277874,nicole,REACQUIRING,0.0,SEARCH,SCAN,SCAN,135.0,90.0,,
2026-06-12T17:24:35.227,1781277875,nicole,REACQUIRING,0.0,SEARCH,SCAN,SCAN,145.0,90.0,,
2026-06-12T17:24:35.630,1781277875,nicole,REACQUIRING,0.0,SEARCH,SCAN,SCAN,155.0,90.0,,
2026-06-12T17:24:36.032,1781277876,nicole,REACQUIRING,0.0,SEARCH,SCAN,SCAN,145.0,90.0,,
2026-06-12T17:24:36.333,1781277876,nicole,REACQUIRING,0.0,SEARCH,SCAN,SCAN,135.0,90.0,,
2026-06-12T17:24:36.635,1781277876,nicole,REACQUIRING,0.0,SEARCH,SCAN,SCAN,125.0,90.0,,
2026-06-12T17:24:36.943,1781277876,nicole,REACQUIRING,0.0,SEARCH,SCAN,SCAN,115.0,90.0,,
2026-06-12T17:24:37.247,1781277877,nicole,REACQUIRING,0.0,SEARCH,SCAN,SCAN,105.0,90.0,,
2026-06-12T17:24:37.539,1781277877,nicole,REACQUIRING,0.0,SEARCH,SCAN,SCAN,95.0,90.0,,
2026-06-12T17:24:37.838,1781277877,nicole,REACQUIRING,0.0,SEARCH,SCAN,SCAN,85.0,90.0,,
2026-06-12T17:24:38.143,1781277878,nicole,REACQUIRING,0.0,SEARCH,SCAN,SCAN,75.0,90.0,,
2026-06-12T17:24:38.442,1781277878,nicole,REACQUIRING,0.0,SEARCH,SCAN,SCAN,65.0,90.0,,
2026-06-12T17:24:38.727,1781277878,nicole,REACQUIRING,0.0,SEARCH,SCAN,SCAN,55.0,90.0,,
2026-06-12T17:24:39.134,1781277879,nicole,REACQUIRING,0.0,SEARCH,SCAN,SCAN,45.0,90.0,,
2026-06-12T17:24:39.229,1781277879,nicole,TRACKING,0.6266,MOVE_RIGHT,RIGHT,CENTERED,41.2,88.4,881,335
2026-06-12T17:24:39.296,1781277879,nicole,TRACKING,0.708,MOVE_RIGHT,RIGHT,CENTERED,37.2,87.3,900,335
2026-06-12T17:24:39.414,1781277879,nicole,TRACKING,0.6943,MOVE_RIGHT,RIGHT,CENTERED,33.1,86.4,898,335
2026-06-12T17:24:39.738,1781277879,nicole,TRACKING,0.5738,MOVE_RIGHT,RIGHT,CENTERED,26.1,84.0,1091,307
2026-06-12T17:24:39.947,1781277879,nicole,REACQUIRING,0.0,SEARCH,SCAN,SCAN,100.0,90.0,,
2026-06-12T17:24:40.252,1781277880,nicole,REACQUIRING,0.0,SEARCH,SCAN,SCAN,110.0,90.0,,
2026-06-12T17:24:40.556,1781277880,nicole,REACQUIRING,0.0,SEARCH,SCAN,SCAN,120.0,90.0,,
2026-06-12T17:24:40.865,1781277880,nicole,REACQUIRING,0.0,SEARCH,SCAN,SCAN,130.0,90.0,,
2026-06-12T17:24:41.168,1781277881,nicole,REACQUIRING,0.0,SEARCH,SCAN,SCAN,140.0,90.0,,
2026-06-12T17:24:41.475,1781277881,nicole,REACQUIRING,0.0,SEARCH,SCAN,SCAN,150.0,90.0,,
2026-06-12T17:24:41.776,1781277881,nicole,REACQUIRING,0.0,SEARCH,SCAN,SCAN,155.0,90.0,,
2026-06-12T17:24:42.062,1781277882,nicole,REACQUIRING,0.0,SEARCH,SCAN,SCAN,145.0,90.0,,
2026-06-12T17:24:42.366,1781277882,nicole,REACQUIRING,0.0,SEARCH,SCAN,SCAN,135.0,90.0,,
2026-06-12T17:24:42.669,1781277882,nicole,REACQUIRING,0.0,SEARCH,SCAN,SCAN,125.0,90.0,,
2026-06-12T17:24:42.978,1781277882,nicole,REACQUIRING,0.0,SEARCH,SCAN,SCAN,115.0,90.0,,
2026-06-12T17:24:43.278,1781277883,nicole,REACQUIRING,0.0,SEARCH,SCAN,SCAN,105.0,90.0,,
2026-06-12T17:24:43.582,1781277883,nicole,REACQUIRING,0.0,SEARCH,SCAN,SCAN,95.0,90.0,,
2026-06-12T17:24:43.889,1781277883,nicole,REACQUIRING,0.0,SEARCH,SCAN,SCAN,85.0,90.0,,
2026-06-12T17:24:44.289,1781277884,nicole,REACQUIRING,0.0,SEARCH,SCAN,SCAN,75.0,90.0,,
2026-06-12T17:24:44.541,1781277884,nicole,TRACKING,0.6713,MOVE_LEFT,LEFT,CENTERED,81.2,88.4,241,335
2026-06-12T17:24:45.259,1781277885,nicole,REACQUIRING,0.0,SEARCH,SCAN,SCAN,100.0,90.0,,
2026-06-12T17:24:45.570,1781277885,nicole,REACQUIRING,0.0,SEARCH,SCAN,SCAN,110.0,90.0,,
2026-06-12T17:24:45.943,1781277885,nicole,REACQUIRING,0.0,SEARCH,SCAN,SCAN,120.0,90.0,,
2026-06-12T17:24:46.285,1781277886,nicole,REACQUIRING,0.0,SEARCH,SCAN,SCAN,130.0,90.0,,
2026-06-12T17:24:46.597,1781277886,nicole,REACQUIRING,0.0,SEARCH,SCAN,SCAN,140.0,90.0,,
2026-06-12T17:24:46.898,1781277886,nicole,REACQUIRING,0.0,SEARCH,SCAN,SCAN,150.0,90.0,,
2026-06-12T17:24:47.195,1781277887,nicole,REACQUIRING,0.0,SEARCH,SCAN,SCAN,155.0,90.0,,
2026-06-12T17:24:47.506,1781277887,nicole,REACQUIRING,0.0,SEARCH,SCAN,SCAN,145.0,90.0,,
2026-06-12T17:24:47.808,1781277887,nicole,REACQUIRING,0.0,SEARCH,SCAN,SCAN,135.0,90.0,,
2026-06-12T17:24:48.120,1781277888,nicole,REACQUIRING,0.0,SEARCH,SCAN,SCAN,125.0,90.0,,
2026-06-12T17:24:48.421,1781277888,nicole,REACQUIRING,0.0,SEARCH,SCAN,SCAN,115.0,90.0,,
2026-06-12T17:24:48.706,1781277888,nicole,REACQUIRING,0.0,SEARCH,SCAN,SCAN,105.0,90.0,,
2026-06-12T17:24:49.013,1781277889,nicole,REACQUIRING,0.0,SEARCH,SCAN,SCAN,95.0,90.0,,
2026-06-12T17:24:49.313,1781277889,nicole,REACQUIRING,0.0,SEARCH,SCAN,SCAN,85.0,90.0,,
2026-06-12T17:24:49.674,1781277889,nicole,REACQUIRING,0.0,SEARCH,SCAN,SCAN,75.0,90.0,,
2026-06-12T17:24:50.016,1781277890,nicole,REACQUIRING,0.0,SEARCH,SCAN,SCAN,65.0,90.0,,
2026-06-12T17:24:50.316,1781277890,nicole,REACQUIRING,0.0,SEARCH,SCAN,SCAN,55.0,90.0,,
2026-06-12T17:24:50.624,1781277890,nicole,REACQUIRING,0.0,SEARCH,SCAN,SCAN,45.0,90.0,,
2026-06-12T17:24:50.928,1781277890,nicole,REACQUIRING,0.0,SEARCH,SCAN,SCAN,35.0,90.0,,
2026-06-12T17:24:51.226,1781277891,nicole,REACQUIRING,0.0,SEARCH,SCAN,SCAN,25.0,90.0,,
2026-06-12T17:24:51.533,1781277891,nicole,REACQUIRING,0.0,SEARCH,SCAN,SCAN,35.0,90.0,,
2026-06-12T17:24:51.824,1781277891,nicole,REACQUIRING,0.0,SEARCH,SCAN,SCAN,45.0,90.0,,
2026-06-12T17:24:52.129,1781277892,nicole,REACQUIRING,0.0,SEARCH,SCAN,SCAN,55.0,90.0,,
2026-06-12T17:24:52.426,1781277892,nicole,REACQUIRING,0.0,SEARCH,SCAN,SCAN,65.0,90.0,,
2026-06-12T17:24:52.735,1781277892,nicole,REACQUIRING,0.0,SEARCH,SCAN,SCAN,75.0,90.0,,
2026-06-12T17:24:53.041,1781277893,nicole,REACQUIRING,0.0,SEARCH,SCAN,SCAN,85.0,90.0,,
2026-06-12T17:24:53.300,1781277893,nicole,REACQUIRING,0.0,SEARCH,SCAN,SCAN,95.0,90.0,,
2026-06-12T17:24:53.619,1781277893,nicole,REACQUIRING,0.0,SEARCH,SCAN,SCAN,105.0,90.0,,
2026-06-12T17:24:53.932,1781277893,nicole,REACQUIRING,0.0,SEARCH,SCAN,SCAN,115.0,90.0,,
2026-06-12T17:24:54.240,1781277894,nicole,REACQUIRING,0.0,SEARCH,SCAN,SCAN,125.0,90.0,,
2026-06-12T17:24:54.543,1781277894,nicole,REACQUIRING,0.0,SEARCH,SCAN,SCAN,135.0,90.0,,
2026-06-12T17:24:54.846,1781277894,nicole,REACQUIRING,0.0,SEARCH,SCAN,SCAN,145.0,90.0,,
2026-06-12T17:24:55.148,1781277895,nicole,REACQUIRING,0.0,SEARCH,SCAN,SCAN,155.0,90.0,,
2026-06-12T17:24:55.460,1781277895,nicole,REACQUIRING,0.0,SEARCH,SCAN,SCAN,145.0,90.0,,
2026-06-12T17:24:55.761,1781277895,nicole,REACQUIRING,0.0,SEARCH,SCAN,SCAN,135.0,90.0,,
2026-06-12T17:24:56.064,1781277896,nicole,REACQUIRING,0.0,SEARCH,SCAN,SCAN,125.0,90.0,,
2026-06-12T17:24:56.354,1781277896,nicole,REACQUIRING,0.0,SEARCH,SCAN,SCAN,115.0,90.0,,
2026-06-12T17:24:56.656,1781277896,nicole,REACQUIRING,0.0,SEARCH,SCAN,SCAN,105.0,90.0,,
2026-06-12T17:24:56.963,1781277896,nicole,REACQUIRING,0.0,SEARCH,SCAN,SCAN,95.0,90.0,,
2026-06-12T17:24:57.272,1781277897,nicole,REACQUIRING,0.0,SEARCH,SCAN,SCAN,85.0,90.0,,
2026-06-12T17:24:57.567,1781277897,nicole,REACQUIRING,0.0,SEARCH,SCAN,SCAN,75.0,90.0,,
2026-06-12T17:24:57.879,1781277897,nicole,REACQUIRING,0.0,SEARCH,SCAN,SCAN,65.0,90.0,,
2026-06-12T17:24:58.136,1781277898,nicole,REACQUIRING,0.0,SEARCH,SCAN,SCAN,55.0,90.0,,
2026-06-12T17:24:58.408,1781277898,nicole,REACQUIRING,0.0,SEARCH,SCAN,SCAN,45.0,90.0,,
2026-06-12T17:24:58.747,1781277898,nicole,REACQUIRING,0.0,SEARCH,SCAN,SCAN,35.0,90.0,,
2026-06-12T17:24:59.068,1781277899,nicole,REACQUIRING,0.0,SEARCH,SCAN,SCAN,25.0,90.0,,
2026-06-12T17:24:59.371,1781277899,nicole,REACQUIRING,0.0,SEARCH,SCAN,SCAN,35.0,90.0,,
2026-06-12T17:24:59.675,1781277899,nicole,REACQUIRING,0.0,SEARCH,SCAN,SCAN,45.0,90.0,,
2026-06-12T17:24:59.980,1781277899,nicole,REACQUIRING,0.0,SEARCH,SCAN,SCAN,55.0,90.0,,
2026-06-12T17:25:00.285,1781277900,nicole,REACQUIRING,0.0,SEARCH,SCAN,SCAN,65.0,90.0,,
2026-06-12T17:25:00.588,1781277900,nicole,REACQUIRING,0.0,SEARCH,SCAN,SCAN,75.0,90.0,,
2026-06-12T17:25:00.945,1781277900,nicole,REACQUIRING,0.0,SEARCH,SCAN,SCAN,85.0,90.0,,
2026-06-12T17:25:01.292,1781277901,nicole,REACQUIRING,0.0,SEARCH,SCAN,SCAN,95.0,90.0,,
2026-06-12T17:25:01.583,1781277901,nicole,REACQUIRING,0.0,SEARCH,SCAN,SCAN,105.0,90.0,,
2026-06-12T17:25:01.884,1781277901,nicole,REACQUIRING,0.0,SEARCH,SCAN,SCAN,115.0,90.0,,
2026-06-12T17:25:02.193,1781277902,nicole,REACQUIRING,0.0,SEARCH,SCAN,SCAN,125.0,90.0,,
2026-06-12T17:25:02.497,1781277902,nicole,REACQUIRING,0.0,SEARCH,SCAN,SCAN,135.0,90.0,,
2026-06-12T17:25:02.802,1781277902,nicole,REACQUIRING,0.0,SEARCH,SCAN,SCAN,145.0,90.0,,
2026-06-12T17:25:03.103,1781277903,nicole,REACQUIRING,0.0,SEARCH,SCAN,SCAN,155.0,90.0,,
2026-06-12T17:25:03.409,1781277903,nicole,REACQUIRING,0.0,SEARCH,SCAN,SCAN,145.0,90.0,,
2026-06-12T17:25:03.714,1781277903,nicole,REACQUIRING,0.0,SEARCH,SCAN,SCAN,135.0,90.0,,
2026-06-12T17:25:03.995,1781277903,nicole,REACQUIRING,0.0,SEARCH,SCAN,SCAN,125.0,90.0,,
2026-06-12T17:25:04.302,1781277904,nicole,REACQUIRING,0.0,SEARCH,SCAN,SCAN,115.0,90.0,,
2026-06-12T17:25:04.607,1781277904,nicole,REACQUIRING,0.0,SEARCH,SCAN,SCAN,105.0,90.0,,
2026-06-12T17:25:04.912,1781277904,nicole,REACQUIRING,0.0,SEARCH,SCAN,SCAN,95.0,90.0,,
2026-06-12T17:25:05.216,1781277905,nicole,REACQUIRING,0.0,SEARCH,SCAN,SCAN,85.0,90.0,,
2026-06-12T17:25:05.515,1781277905,nicole,REACQUIRING,0.0,SEARCH,SCAN,SCAN,75.0,90.0,,
2026-06-12T17:25:05.825,1781277905,nicole,REACQUIRING,0.0,SEARCH,SCAN,SCAN,65.0,90.0,,
2026-06-12T17:25:06.112,1781277906,nicole,REACQUIRING,0.0,SEARCH,SCAN,SCAN,55.0,90.0,,
2026-06-12T17:25:06.416,1781277906,nicole,REACQUIRING,0.0,SEARCH,SCAN,SCAN,45.0,90.0,,
2026-06-12T17:25:06.792,1781277906,nicole,REACQUIRING,0.0,SEARCH,SCAN,SCAN,35.0,90.0,,
2026-06-12T17:25:07.115,1781277907,nicole,REACQUIRING,0.0,SEARCH,SCAN,SCAN,25.0,90.0,,
2026-06-12T17:25:07.424,1781277907,nicole,REACQUIRING,0.0,SEARCH,SCAN,SCAN,35.0,90.0,,
2026-06-12T17:25:07.723,1781277907,nicole,REACQUIRING,0.0,SEARCH,SCAN,SCAN,45.0,90.0,,
2026-06-12T17:25:08.031,1781277908,nicole,REACQUIRING,0.0,SEARCH,SCAN,SCAN,55.0,90.0,,
2026-06-12T17:25:08.314,1781277908,nicole,REACQUIRING,0.0,SEARCH,SCAN,SCAN,65.0,90.0,,
2026-06-12T17:25:08.635,1781277908,nicole,REACQUIRING,0.0,SEARCH,SCAN,SCAN,75.0,90.0,,
2026-06-12T17:25:08.943,1781277908,nicole,REACQUIRING,0.0,SEARCH,SCAN,SCAN,85.0,90.0,,
2026-06-12T17:25:09.215,1781277909,nicole,REACQUIRING,0.0,SEARCH,SCAN,SCAN,95.0,90.0,,
2026-06-12T17:25:09.533,1781277909,nicole,REACQUIRING,0.0,SEARCH,SCAN,SCAN,105.0,90.0,,
2026-06-12T17:25:09.844,1781277909,nicole,REACQUIRING,0.0,SEARCH,SCAN,SCAN,115.0,90.0,,
2026-06-12T17:25:10.147,1781277910,nicole,REACQUIRING,0.0,SEARCH,SCAN,SCAN,125.0,90.0,,
2026-06-12T17:25:10.448,1781277910,nicole,REACQUIRING,0.0,SEARCH,SCAN,SCAN,135.0,90.0,,
2026-06-12T17:25:10.749,1781277910,nicole,REACQUIRING,0.0,SEARCH,SCAN,SCAN,145.0,90.0,,
2026-06-12T17:25:11.056,1781277911,nicole,REACQUIRING,0.0,SEARCH,SCAN,SCAN,155.0,90.0,,
2026-06-12T17:25:11.355,1781277911,nicole,REACQUIRING,0.0,SEARCH,SCAN,SCAN,145.0,90.0,,
2026-06-12T17:25:11.647,1781277911,nicole,REACQUIRING,0.0,SEARCH,SCAN,SCAN,135.0,90.0,,
2026-06-12T17:25:11.952,1781277911,nicole,REACQUIRING,0.0,SEARCH,SCAN,SCAN,125.0,90.0,,
2026-06-12T17:25:12.252,1781277912,nicole,REACQUIRING,0.0,SEARCH,SCAN,SCAN,115.0,90.0,,
2026-06-12T17:25:12.562,1781277912,nicole,REACQUIRING,0.0,SEARCH,SCAN,SCAN,105.0,90.0,,
2026-06-12T17:25:12.859,1781277912,nicole,REACQUIRING,0.0,SEARCH,SCAN,SCAN,95.0,90.0,,
2026-06-12T17:25:13.165,1781277913,nicole,REACQUIRING,0.0,SEARCH,SCAN,SCAN,85.0,90.0,,
2026-06-12T17:25:13.468,1781277913,nicole,REACQUIRING,0.0,SEARCH,SCAN,SCAN,75.0,90.0,,
2026-06-12T17:25:13.729,1781277913,nicole,REACQUIRING,0.0,SEARCH,SCAN,SCAN,65.0,90.0,,
2026-06-12T17:25:14.060,1781277914,nicole,REACQUIRING,0.0,SEARCH,SCAN,SCAN,55.0,90.0,,
2026-06-12T17:25:14.351,1781277914,nicole,REACQUIRING,0.0,SEARCH,SCAN,SCAN,45.0,90.0,,
2026-06-12T17:25:14.667,1781277914,nicole,REACQUIRING,0.0,SEARCH,SCAN,SCAN,35.0,90.0,,
2026-06-12T17:25:14.945,1781277914,nicole,TRACKING,0.5917,MOVE_RIGHT,RIGHT,CENTERED,28.2,87.6,1075,322
2026-06-12T17:25:15.182,1781277915,nicole,REACQUIRING,0.0,SEARCH,SCAN,SCAN,100.0,90.0,,
2026-06-12T17:25:15.467,1781277915,nicole,REACQUIRING,0.0,SEARCH,SCAN,SCAN,110.0,90.0,,
2026-06-12T17:25:15.771,1781277915,nicole,REACQUIRING,0.0,SEARCH,SCAN,SCAN,120.0,90.0,,
2026-06-12T17:25:16.075,1781277916,nicole,REACQUIRING,0.0,SEARCH,SCAN,SCAN,130.0,90.0,,
2026-06-12T17:25:16.379,1781277916,nicole,REACQUIRING,0.0,SEARCH,SCAN,SCAN,140.0,90.0,,
2026-06-12T17:25:16.682,1781277916,nicole,REACQUIRING,0.0,SEARCH,SCAN,SCAN,150.0,90.0,,
2026-06-12T17:25:16.987,1781277916,nicole,REACQUIRING,0.0,SEARCH,SCAN,SCAN,155.0,90.0,,
2026-06-12T17:25:17.291,1781277917,nicole,REACQUIRING,0.0,SEARCH,SCAN,SCAN,145.0,90.0,,
2026-06-12T17:25:17.579,1781277917,nicole,REACQUIRING,0.0,SEARCH,SCAN,SCAN,135.0,90.0,,
2026-06-12T17:25:17.882,1781277917,nicole,REACQUIRING,0.0,SEARCH,SCAN,SCAN,125.0,90.0,,
2026-06-12T17:25:18.186,1781277918,nicole,REACQUIRING,0.0,SEARCH,SCAN,SCAN,115.0,90.0,,
2026-06-12T17:25:18.497,1781277918,nicole,REACQUIRING,0.0,SEARCH,SCAN,SCAN,105.0,90.0,,
2026-06-12T17:25:18.802,1781277918,nicole,REACQUIRING,0.0,SEARCH,SCAN,SCAN,95.0,90.0,,
2026-06-12T17:25:19.102,1781277919,nicole,REACQUIRING,0.0,SEARCH,SCAN,SCAN,85.0,90.0,,
2026-06-12T17:25:19.411,1781277919,nicole,REACQUIRING,0.0,SEARCH,SCAN,SCAN,75.0,90.0,,
2026-06-12T17:25:19.709,1781277919,nicole,REACQUIRING,0.0,SEARCH,SCAN,SCAN,65.0,90.0,,
2026-06-12T17:25:19.978,1781277919,nicole,REACQUIRING,0.0,SEARCH,SCAN,SCAN,55.0,90.0,,
2026-06-12T17:25:20.299,1781277920,nicole,REACQUIRING,0.0,SEARCH,SCAN,SCAN,45.0,90.0,,
2026-06-12T17:25:20.597,1781277920,nicole,REACQUIRING,0.0,SEARCH,SCAN,SCAN,35.0,90.0,,
2026-06-12T17:25:20.781,1781277920,nicole,TRACKING,0.5927,MOVE_RIGHT,RIGHT,CENTERED,28.9,88.8,1032,340
2026-06-12T17:25:21.005,1781277921,nicole,REACQUIRING,0.0,SEARCH,SCAN,SCAN,100.0,90.0,,
2026-06-12T17:25:21.306,1781277921,nicole,REACQUIRING,0.0,SEARCH,SCAN,SCAN,110.0,90.0,,
2026-06-12T17:25:21.613,1781277921,nicole,REACQUIRING,0.0,SEARCH,SCAN,SCAN,120.0,90.0,,
2026-06-12T17:25:21.932,1781277921,nicole,REACQUIRING,0.0,SEARCH,SCAN,SCAN,130.0,90.0,,
2026-06-12T17:25:22.233,1781277922,nicole,REACQUIRING,0.0,SEARCH,SCAN,SCAN,140.0,90.0,,
2026-06-12T17:25:22.532,1781277922,nicole,REACQUIRING,0.0,SEARCH,SCAN,SCAN,150.0,90.0,,
2026-06-12T17:25:22.819,1781277922,nicole,REACQUIRING,0.0,SEARCH,SCAN,SCAN,155.0,90.0,,
2026-06-12T17:25:23.122,1781277923,nicole,REACQUIRING,0.0,SEARCH,SCAN,SCAN,145.0,90.0,,
2026-06-12T17:25:23.419,1781277923,nicole,REACQUIRING,0.0,SEARCH,SCAN,SCAN,135.0,90.0,,
2026-06-12T17:25:23.725,1781277923,nicole,REACQUIRING,0.0,SEARCH,SCAN,SCAN,125.0,90.0,,
2026-06-12T17:25:24.027,1781277924,nicole,REACQUIRING,0.0,SEARCH,SCAN,SCAN,115.0,90.0,,
2026-06-12T17:25:24.333,1781277924,nicole,REACQUIRING,0.0,SEARCH,SCAN,SCAN,105.0,90.0,,
2026-06-12T17:25:24.636,1781277924,nicole,REACQUIRING,0.0,SEARCH,SCAN,SCAN,95.0,90.0,,
2026-06-12T17:25:24.943,1781277924,nicole,REACQUIRING,0.0,SEARCH,SCAN,SCAN,85.0,90.0,,
2026-06-12T17:25:25.224,1781277925,nicole,REACQUIRING,0.0,SEARCH,SCAN,SCAN,75.0,90.0,,
2026-06-12T17:25:25.536,1781277925,nicole,REACQUIRING,0.0,SEARCH,SCAN,SCAN,65.0,90.0,,
2026-06-12T17:25:25.923,1781277925,nicole,REACQUIRING,0.0,SEARCH,SCAN,SCAN,55.0,90.0,,
2026-06-12T17:25:26.235,1781277926,nicole,REACQUIRING,0.0,SEARCH,SCAN,SCAN,45.0,90.0,,
2026-06-12T17:25:26.549,1781277926,nicole,REACQUIRING,0.0,SEARCH,SCAN,SCAN,35.0,90.0,,
2026-06-12T17:25:26.858,1781277926,nicole,REACQUIRING,0.0,SEARCH,SCAN,SCAN,25.0,90.0,,
2026-06-12T17:25:27.155,1781277927,nicole,REACQUIRING,0.0,SEARCH,SCAN,SCAN,35.0,90.0,,
2026-06-12T17:25:27.459,1781277927,nicole,REACQUIRING,0.0,SEARCH,SCAN,SCAN,45.0,90.0,,
2026-06-12T17:25:27.764,1781277927,nicole,REACQUIRING,0.0,SEARCH,SCAN,SCAN,55.0,90.0,,
2026-06-12T17:25:28.064,1781277928,nicole,REACQUIRING,0.0,SEARCH,SCAN,SCAN,65.0,90.0,,
2026-06-12T17:25:28.346,1781277928,nicole,REACQUIRING,0.0,SEARCH,SCAN,SCAN,75.0,90.0,,
2026-06-12T17:25:28.654,1781277928,nicole,REACQUIRING,0.0,SEARCH,SCAN,SCAN,85.0,90.0,,
2026-06-12T17:25:28.961,1781277928,nicole,REACQUIRING,0.0,SEARCH,SCAN,SCAN,95.0,90.0,,
2026-06-12T17:25:29.226,1781277929,nicole,REACQUIRING,0.0,SEARCH,SCAN,SCAN,105.0,90.0,,
2026-06-12T17:25:29.563,1781277929,nicole,REACQUIRING,0.0,SEARCH,SCAN,SCAN,115.0,90.0,,
2026-06-12T17:25:29.878,1781277929,nicole,REACQUIRING,0.0,SEARCH,SCAN,SCAN,125.0,90.0,,
2026-06-12T17:25:30.180,1781277930,nicole,REACQUIRING,0.0,SEARCH,SCAN,SCAN,135.0,90.0,,
2026-06-12T17:25:30.459,1781277930,nicole,REACQUIRING,0.0,SEARCH,SCAN,SCAN,145.0,90.0,,
2026-06-12T17:25:30.773,1781277930,nicole,REACQUIRING,0.0,SEARCH,SCAN,SCAN,155.0,90.0,,
2026-06-12T17:25:31.071,1781277931,nicole,REACQUIRING,0.0,SEARCH,SCAN,SCAN,145.0,90.0,,
2026-06-12T17:25:31.374,1781277931,nicole,REACQUIRING,0.0,SEARCH,SCAN,SCAN,135.0,90.0,,
2026-06-12T17:25:31.679,1781277931,nicole,REACQUIRING,0.0,SEARCH,SCAN,SCAN,125.0,90.0,,
2026-06-12T17:25:31.983,1781277931,nicole,REACQUIRING,0.0,SEARCH,SCAN,SCAN,115.0,90.0,,
2026-06-12T17:25:32.289,1781277932,nicole,REACQUIRING,0.0,SEARCH,SCAN,SCAN,105.0,90.0,,
2026-06-12T17:25:32.595,1781277932,nicole,REACQUIRING,0.0,SEARCH,SCAN,SCAN,95.0,90.0,,
2026-06-12T17:25:32.879,1781277932,nicole,REACQUIRING,0.0,SEARCH,SCAN,SCAN,85.0,90.0,,
2026-06-12T17:25:33.194,1781277933,nicole,REACQUIRING,0.0,SEARCH,SCAN,SCAN,75.0,90.0,,
2026-06-12T17:25:33.493,1781277933,nicole,REACQUIRING,0.0,SEARCH,SCAN,SCAN,65.0,90.0,,
2026-06-12T17:25:33.779,1781277933,nicole,REACQUIRING,0.0,SEARCH,SCAN,SCAN,55.0,90.0,,
2026-06-12T17:25:34.077,1781277934,nicole,REACQUIRING,0.0,SEARCH,SCAN,SCAN,45.0,90.0,,
2026-06-12T17:25:34.364,1781277934,nicole,REACQUIRING,0.0,SEARCH,SCAN,SCAN,35.0,90.0,,
2026-06-12T17:25:34.699,1781277934,nicole,REACQUIRING,0.0,SEARCH,SCAN,SCAN,25.0,90.0,,
2026-06-12T17:25:34.991,1781277934,nicole,REACQUIRING,0.0,SEARCH,SCAN,SCAN,35.0,90.0,,
2026-06-12T17:25:35.295,1781277935,nicole,REACQUIRING,0.0,SEARCH,SCAN,SCAN,45.0,90.0,,
2026-06-12T17:25:35.599,1781277935,nicole,REACQUIRING,0.0,SEARCH,SCAN,SCAN,55.0,90.0,,
2026-06-12T17:25:35.907,1781277935,nicole,REACQUIRING,0.0,SEARCH,SCAN,SCAN,65.0,90.0,,
2026-06-12T17:25:36.217,1781277936,nicole,REACQUIRING,0.0,SEARCH,SCAN,SCAN,75.0,90.0,,
2026-06-12T17:25:36.521,1781277936,nicole,REACQUIRING,0.0,SEARCH,SCAN,SCAN,85.0,90.0,,
2026-06-12T17:25:36.776,1781277936,nicole,REACQUIRING,0.0,SEARCH,SCAN,SCAN,95.0,90.0,,
2026-06-12T17:25:37.119,1781277937,nicole,REACQUIRING,0.0,SEARCH,SCAN,SCAN,105.0,90.0,,
2026-06-12T17:25:37.412,1781277937,nicole,REACQUIRING,0.0,SEARCH,SCAN,SCAN,115.0,90.0,,
2026-06-12T17:25:37.715,1781277937,nicole,REACQUIRING,0.0,SEARCH,SCAN,SCAN,125.0,90.0,,
2026-06-12T17:25:38.017,1781277938,nicole,REACQUIRING,0.0,SEARCH,SCAN,SCAN,135.0,90.0,,
2026-06-12T17:25:38.322,1781277938,nicole,REACQUIRING,0.0,SEARCH,SCAN,SCAN,145.0,90.0,,
2026-06-12T17:25:38.628,1781277938,nicole,REACQUIRING,0.0,SEARCH,SCAN,SCAN,155.0,90.0,,
2026-06-12T17:25:38.930,1781277938,nicole,REACQUIRING,0.0,SEARCH,SCAN,SCAN,145.0,90.0,,
2026-06-12T17:25:39.237,1781277939,nicole,REACQUIRING,0.0,SEARCH,SCAN,SCAN,135.0,90.0,,
2026-06-12T17:25:39.523,1781277939,nicole,REACQUIRING,0.0,SEARCH,SCAN,SCAN,125.0,90.0,,
2026-06-12T17:25:39.824,1781277939,nicole,REACQUIRING,0.0,SEARCH,SCAN,SCAN,115.0,90.0,,
2026-06-12T17:25:40.126,1781277940,nicole,REACQUIRING,0.0,SEARCH,SCAN,SCAN,105.0,90.0,,
2026-06-12T17:25:40.436,1781277940,nicole,REACQUIRING,0.0,SEARCH,SCAN,SCAN,95.0,90.0,,
2026-06-12T17:25:40.738,1781277940,nicole,REACQUIRING,0.0,SEARCH,SCAN,SCAN,85.0,90.0,,
2026-06-12T17:25:41.018,1781277941,nicole,REACQUIRING,0.0,SEARCH,SCAN,SCAN,75.0,90.0,,
2026-06-12T17:25:41.350,1781277941,nicole,REACQUIRING,0.0,SEARCH,SCAN,SCAN,65.0,90.0,,
2026-06-12T17:25:41.643,1781277941,nicole,REACQUIRING,0.0,SEARCH,SCAN,SCAN,55.0,90.0,,
2026-06-12T17:25:41.946,1781277941,nicole,REACQUIRING,0.0,SEARCH,SCAN,SCAN,45.0,90.0,,
2026-06-12T17:25:42.240,1781277942,nicole,REACQUIRING,0.0,SEARCH,SCAN,SCAN,35.0,90.0,,
2026-06-12T17:25:42.543,1781277942,nicole,REACQUIRING,0.0,SEARCH,SCAN,SCAN,25.0,90.0,,
2026-06-12T17:25:42.851,1781277942,nicole,REACQUIRING,0.0,SEARCH,SCAN,SCAN,35.0,90.0,,
2026-06-12T17:25:43.155,1781277943,nicole,REACQUIRING,0.0,SEARCH,SCAN,SCAN,45.0,90.0,,
2026-06-12T17:25:43.451,1781277943,nicole,REACQUIRING,0.0,SEARCH,SCAN,SCAN,55.0,90.0,,
2026-06-12T17:25:43.759,1781277943,nicole,REACQUIRING,0.0,SEARCH,SCAN,SCAN,65.0,90.0,,
2026-06-12T17:25:44.067,1781277944,nicole,REACQUIRING,0.0,SEARCH,SCAN,SCAN,75.0,90.0,,
2026-06-12T17:25:44.353,1781277944,nicole,REACQUIRING,0.0,SEARCH,SCAN,SCAN,85.0,90.0,,
2026-06-12T17:25:44.665,1781277944,nicole,REACQUIRING,0.0,SEARCH,SCAN,SCAN,95.0,90.0,,
2026-06-12T17:25:44.962,1781277944,nicole,REACQUIRING,0.0,SEARCH,SCAN,SCAN,105.0,90.0,,
2026-06-12T17:25:45.267,1781277945,nicole,REACQUIRING,0.0,SEARCH,SCAN,SCAN,115.0,90.0,,
2026-06-12T17:25:45.566,1781277945,nicole,REACQUIRING,0.0,SEARCH,SCAN,SCAN,125.0,90.0,,
2026-06-12T17:25:45.871,1781277945,nicole,REACQUIRING,0.0,SEARCH,SCAN,SCAN,135.0,90.0,,
2026-06-12T17:25:46.179,1781277946,nicole,REACQUIRING,0.0,SEARCH,SCAN,SCAN,145.0,90.0,,
2026-06-12T17:25:46.466,1781277946,nicole,REACQUIRING,0.0,SEARCH,SCAN,SCAN,155.0,90.0,,
2026-06-12T17:25:46.769,1781277946,nicole,REACQUIRING,0.0,SEARCH,SCAN,SCAN,145.0,90.0,,
2026-06-12T17:25:47.075,1781277947,nicole,REACQUIRING,0.0,SEARCH,SCAN,SCAN,135.0,90.0,,
2026-06-12T17:25:47.372,1781277947,nicole,REACQUIRING,0.0,SEARCH,SCAN,SCAN,125.0,90.0,,
2026-06-12T17:25:47.684,1781277947,nicole,REACQUIRING,0.0,SEARCH,SCAN,SCAN,115.0,90.0,,
2026-06-12T17:25:47.983,1781277947,nicole,REACQUIRING,0.0,SEARCH,SCAN,SCAN,105.0,90.0,,
2026-06-12T17:25:48.288,1781277948,nicole,REACQUIRING,0.0,SEARCH,SCAN,SCAN,95.0,90.0,,
