timestamp_iso,unix_ts,speaker_id,lock_state,confidence,status,pan_command,tilt_command,pan_angle,tilt_angle,face_x,face_y
2026-06-12T16:25:47.588,1781274347,nicole,TRACKING,0.6608,CENTERED,CENTERED,CENTERED,85.9,94.8,737,424
2026-06-12T16:25:47.683,1781274347,nicole,TRACKING,0.6344,CENTERED,CENTERED,CENTERED,83.2,98.2,734,425
2026-06-12T16:25:47.785,1781274347,nicole,TRACKING,0.6464,CENTERED,CENTERED,CENTERED,81.2,100.8,735,427
2026-06-12T16:25:47.893,1781274347,nicole,TRACKING,0.5774,CENTERED,CENTERED,CENTERED,79.9,102.7,733,429
2026-06-12T16:25:47.988,1781274347,nicole,TRACKING,0.6484,CENTERED,CENTERED,CENTERED,78.8,104.0,739,428
2026-06-12T16:25:48.084,1781274348,nicole,TRACKING,0.6502,CENTERED,CENTERED,CENTERED,77.7,104.8,745,427
2026-06-12T16:25:48.197,1781274348,nicole,TRACKING,0.679,CENTERED,CENTERED,CENTERED,76.8,105.6,748,429
2026-06-12T16:25:48.289,1781274348,nicole,TRACKING,0.7177,CENTERED,CENTERED,CENTERED,76.1,105.6,752,423
2026-06-12T16:25:48.388,1781274348,nicole,TRACKING,0.7501,CENTERED,CENTERED,CENTERED,75.3,106.3,757,432
2026-06-12T16:25:48.487,1781274348,nicole,TRACKING,0.7888,CENTERED,CENTERED,CENTERED,74.6,106.8,761,431
2026-06-12T16:25:48.594,1781274348,nicole,TRACKING,0.8283,CENTERED,CENTERED,CENTERED,73.9,107.1,767,431
2026-06-12T16:25:48.690,1781274348,nicole,TRACKING,0.8592,MOVE_RIGHT,RIGHT,CENTERED,73.2,107.2,770,430
2026-06-12T16:25:48.788,1781274348,nicole,TRACKING,0.8506,MOVE_RIGHT,RIGHT,CENTERED,72.6,107.3,773,430
2026-06-12T16:25:48.901,1781274348,nicole,TRACKING,0.8436,MOVE_RIGHT_DOWN,RIGHT,DOWN,72.2,107.6,774,434
2026-06-12T16:25:49.000,1781274349,nicole,TRACKING,0.8412,MOVE_RIGHT,RIGHT,CENTERED,71.9,107.5,774,429
2026-06-12T16:25:49.092,1781274349,nicole,TRACKING,0.8535,MOVE_RIGHT,RIGHT,CENTERED,71.7,107.2,774,426
2026-06-12T16:25:49.198,1781274349,nicole,TRACKING,0.8449,MOVE_RIGHT,RIGHT,CENTERED,71.6,106.9,772,425
2026-06-12T16:25:49.319,1781274349,nicole,TRACKING,0.8413,MOVE_RIGHT,RIGHT,CENTERED,71.6,106.5,772,422
2026-06-12T16:25:49.398,1781274349,nicole,TRACKING,0.8521,MOVE_RIGHT,RIGHT,CENTERED,71.6,106.6,771,427
2026-06-12T16:25:49.490,1781274349,nicole,TRACKING,0.8494,MOVE_RIGHT,RIGHT,CENTERED,71.5,106.9,772,431
2026-06-12T16:25:49.604,1781274349,nicole,TRACKING,0.8434,MOVE_RIGHT,RIGHT,CENTERED,71.5,106.9,772,428
2026-06-12T16:25:49.700,1781274349,nicole,TRACKING,0.8315,MOVE_RIGHT,RIGHT,CENTERED,71.6,107.0,770,428
2026-06-12T16:25:49.796,1781274349,nicole,TRACKING,0.8527,MOVE_RIGHT,RIGHT,CENTERED,71.6,106.8,770,425
2026-06-12T16:25:49.890,1781274349,nicole,TRACKING,0.8576,MOVE_RIGHT,RIGHT,CENTERED,71.7,106.6,769,425
2026-06-12T16:25:50.022,1781274350,nicole,TRACKING,0.8582,MOVE_RIGHT,RIGHT,CENTERED,71.7,106.7,770,428
2026-06-12T16:25:50.103,1781274350,nicole,TRACKING,0.8428,MOVE_RIGHT,RIGHT,CENTERED,71.5,106.8,774,428
2026-06-12T16:25:50.219,1781274350,nicole,TRACKING,0.8264,MOVE_RIGHT,RIGHT,CENTERED,71.3,107.0,777,430
2026-06-12T16:25:50.348,1781274350,nicole,TRACKING,0.8219,MOVE_RIGHT,RIGHT,CENTERED,70.9,107.0,782,428
2026-06-12T16:25:50.418,1781274350,nicole,TRACKING,0.807,MOVE_RIGHT,RIGHT,CENTERED,70.4,107.1,787,429
2026-06-12T16:25:50.505,1781274350,nicole,TRACKING,0.7989,MOVE_RIGHT,RIGHT,CENTERED,69.9,107.2,791,430
2026-06-12T16:25:50.610,1781274350,nicole,TRACKING,0.7558,MOVE_RIGHT,RIGHT,CENTERED,69.6,107.1,790,427
2026-06-12T16:25:50.709,1781274350,nicole,TRACKING,0.734,CENTERED,CENTERED,CENTERED,70.4,107.3,767,431
2026-06-12T16:25:50.804,1781274350,nicole,TRACKING,0.7711,MOVE_RIGHT,RIGHT,CENTERED,70.1,107.3,786,429
2026-06-12T16:25:50.899,1781274350,nicole,TRACKING,0.7564,MOVE_RIGHT,RIGHT,CENTERED,69.9,107.2,787,428
2026-06-12T16:25:51.010,1781274351,nicole,TRACKING,0.7685,MOVE_RIGHT,RIGHT,CENTERED,69.9,107.1,782,428
2026-06-12T16:25:51.118,1781274351,nicole,TRACKING,0.7475,MOVE_RIGHT,RIGHT,CENTERED,70.0,106.6,782,421
2026-06-12T16:25:51.203,1781274351,nicole,TRACKING,0.7342,MOVE_RIGHT,RIGHT,CENTERED,70.0,105.9,782,418
2026-06-12T16:25:51.314,1781274351,nicole,TRACKING,0.7292,MOVE_RIGHT,RIGHT,CENTERED,70.0,105.7,782,420
2026-06-12T16:25:51.419,1781274351,nicole,TRACKING,0.7059,MOVE_RIGHT,RIGHT,CENTERED,69.8,105.4,788,419
2026-06-12T16:25:51.520,1781274351,nicole,TRACKING,0.7032,MOVE_RIGHT,RIGHT,CENTERED,69.6,105.0,787,417
2026-06-12T16:25:51.608,1781274351,nicole,TRACKING,0.7204,MOVE_RIGHT,RIGHT,CENTERED,69.6,105.0,786,419
2026-06-12T16:25:51.718,1781274351,nicole,TRACKING,0.7369,MOVE_RIGHT,RIGHT,CENTERED,69.5,105.0,787,420
2026-06-12T16:25:51.846,1781274351,nicole,TRACKING,0.7203,MOVE_RIGHT,RIGHT,CENTERED,69.6,104.9,784,419
2026-06-12T16:25:51.914,1781274351,nicole,TRACKING,0.7075,MOVE_RIGHT,RIGHT,CENTERED,69.7,104.9,783,419
2026-06-12T16:25:52.021,1781274352,nicole,TRACKING,0.7086,MOVE_RIGHT,RIGHT,CENTERED,69.8,104.7,782,417
2026-06-12T16:25:52.122,1781274352,nicole,TRACKING,0.7133,MOVE_RIGHT,RIGHT,CENTERED,69.9,104.8,780,420
2026-06-12T16:25:52.215,1781274352,nicole,TRACKING,0.7221,MOVE_RIGHT,RIGHT,CENTERED,70.1,104.7,780,418
2026-06-12T16:25:52.320,1781274352,nicole,TRACKING,0.7239,MOVE_RIGHT,RIGHT,CENTERED,70.0,104.6,782,418
2026-06-12T16:25:52.426,1781274352,nicole,TRACKING,0.7268,MOVE_RIGHT,RIGHT,CENTERED,70.1,104.6,781,418
2026-06-12T16:25:52.532,1781274352,nicole,TRACKING,0.7269,MOVE_RIGHT,RIGHT,CENTERED,70.1,104.9,781,423
2026-06-12T16:25:52.623,1781274352,nicole,TRACKING,0.7172,MOVE_RIGHT,RIGHT,CENTERED,70.2,105.0,779,420
2026-06-12T16:25:52.721,1781274352,nicole,TRACKING,0.704,MOVE_RIGHT,RIGHT,CENTERED,70.2,105.2,780,423
2026-06-12T16:25:52.820,1781274352,nicole,TRACKING,0.7139,MOVE_RIGHT,RIGHT,CENTERED,70.3,105.1,780,419
2026-06-12T16:25:52.917,1781274352,nicole,TRACKING,0.7022,MOVE_RIGHT,RIGHT,CENTERED,70.3,105.0,779,419
2026-06-12T16:25:53.054,1781274353,nicole,TRACKING,0.6724,MOVE_RIGHT,RIGHT,CENTERED,70.4,104.8,779,418
2026-06-12T16:25:53.158,1781274353,nicole,TRACKING,0.7173,MOVE_RIGHT,RIGHT,CENTERED,70.4,105.0,779,421
2026-06-12T16:25:53.256,1781274353,nicole,TRACKING,0.702,MOVE_RIGHT,RIGHT,CENTERED,70.4,104.7,779,416
2026-06-12T16:25:53.356,1781274353,nicole,TRACKING,0.7386,MOVE_RIGHT,RIGHT,CENTERED,70.5,104.6,778,418
2026-06-12T16:25:53.445,1781274353,nicole,TRACKING,0.6989,MOVE_RIGHT,RIGHT,CENTERED,70.5,104.6,777,418
2026-06-12T16:25:53.551,1781274353,nicole,TRACKING,0.7233,MOVE_RIGHT,RIGHT,CENTERED,70.6,104.7,778,420
2026-06-12T16:25:53.624,1781274353,nicole,TRACKING,0.7193,MOVE_RIGHT,RIGHT,CENTERED,70.6,104.7,778,419
2026-06-12T16:25:53.746,1781274353,nicole,TRACKING,0.6962,MOVE_RIGHT,RIGHT,CENTERED,70.7,104.7,776,418
2026-06-12T16:25:53.863,1781274353,nicole,TRACKING,0.6994,MOVE_RIGHT,RIGHT,CENTERED,70.7,104.8,777,420
2026-06-12T16:25:53.958,1781274353,nicole,TRACKING,0.7257,MOVE_RIGHT,RIGHT,CENTERED,70.6,104.7,780,418
2026-06-12T16:25:54.041,1781274354,nicole,TRACKING,0.7703,MOVE_RIGHT,RIGHT,CENTERED,70.5,104.9,781,422
2026-06-12T16:25:54.165,1781274354,nicole,TRACKING,0.8011,MOVE_RIGHT,RIGHT,CENTERED,70.2,105.2,786,423
2026-06-12T16:25:54.268,1781274354,nicole,TRACKING,0.807,MOVE_RIGHT,RIGHT,CENTERED,69.9,105.3,788,423
2026-06-12T16:25:54.355,1781274354,nicole,TRACKING,0.7929,MOVE_RIGHT,RIGHT,CENTERED,69.7,105.5,787,424
2026-06-12T16:25:54.460,1781274354,nicole,TRACKING,0.7808,MOVE_RIGHT,RIGHT,CENTERED,69.5,105.8,788,425
2026-06-12T16:25:54.545,1781274354,nicole,TRACKING,0.7232,MOVE_RIGHT,RIGHT,CENTERED,69.2,106.2,794,429
2026-06-12T16:25:54.661,1781274354,nicole,TRACKING,0.598,MOVE_RIGHT,RIGHT,CENTERED,68.5,106.3,805,426
2026-06-12T16:25:55.463,1781274355,nicole,REACQUIRING,0.0,SEARCH,SCAN,SCAN,69.8,108.3,,
2026-06-12T16:25:55.495,1781274355,nicole,REACQUIRING,0.0,SEARCH,SCAN,SCAN,72.8,110.1,,
2026-06-12T16:25:55.590,1781274355,nicole,REACQUIRING,0.0,SEARCH,SCAN,SCAN,75.8,111.9,,
2026-06-12T16:25:55.689,1781274355,nicole,REACQUIRING,0.0,SEARCH,SCAN,SCAN,78.8,113.7,,
2026-06-12T16:25:55.797,1781274355,nicole,REACQUIRING,0.0,SEARCH,SCAN,SCAN,81.8,115.5,,
2026-06-12T16:25:55.895,1781274355,nicole,REACQUIRING,0.0,SEARCH,SCAN,SCAN,84.8,117.3,,
2026-06-12T16:25:55.990,1781274355,nicole,REACQUIRING,0.0,SEARCH,SCAN,SCAN,87.8,119.1,,
2026-06-12T16:25:56.097,1781274356,nicole,REACQUIRING,0.0,SEARCH,SCAN,SCAN,90.8,120.9,,
2026-06-12T16:25:56.204,1781274356,nicole,REACQUIRING,0.0,SEARCH,SCAN,SCAN,93.8,122.7,,
2026-06-12T16:25:56.302,1781274356,nicole,REACQUIRING,0.0,SEARCH,SCAN,SCAN,96.8,124.5,,
2026-06-12T16:25:56.398,1781274356,nicole,REACQUIRING,0.0,SEARCH,SCAN,SCAN,99.8,126.3,,
2026-06-12T16:25:56.508,1781274356,nicole,REACQUIRING,0.0,SEARCH,SCAN,SCAN,102.8,126.5,,
2026-06-12T16:25:56.603,1781274356,nicole,REACQUIRING,0.0,SEARCH,SCAN,SCAN,105.8,124.7,,
2026-06-12T16:25:56.700,1781274356,nicole,REACQUIRING,0.0,SEARCH,SCAN,SCAN,106.8,122.9,,
2026-06-12T16:25:56.801,1781274356,nicole,REACQUIRING,0.0,SEARCH,SCAN,SCAN,103.8,121.1,,
2026-06-12T16:25:56.906,1781274356,nicole,REACQUIRING,0.0,SEARCH,SCAN,SCAN,100.8,119.3,,
2026-06-12T16:25:57.008,1781274357,nicole,REACQUIRING,0.0,SEARCH,SCAN,SCAN,97.8,117.5,,
2026-06-12T16:25:57.104,1781274357,nicole,REACQUIRING,0.0,SEARCH,SCAN,SCAN,94.8,115.7,,
2026-06-12T16:25:57.215,1781274357,nicole,REACQUIRING,0.0,SEARCH,SCAN,SCAN,91.8,113.9,,
2026-06-12T16:25:57.310,1781274357,nicole,REACQUIRING,0.0,SEARCH,SCAN,SCAN,88.8,112.1,,
2026-06-12T16:25:57.403,1781274357,nicole,REACQUIRING,0.0,SEARCH,SCAN,SCAN,85.8,110.3,,
2026-06-12T16:25:57.504,1781274357,nicole,REACQUIRING,0.0,SEARCH,SCAN,SCAN,82.8,108.5,,
2026-06-12T16:25:57.607,1781274357,nicole,REACQUIRING,0.0,SEARCH,SCAN,SCAN,79.8,106.7,,
2026-06-12T16:25:57.709,1781274357,nicole,REACQUIRING,0.0,SEARCH,SCAN,SCAN,76.8,104.9,,
2026-06-12T16:25:57.808,1781274357,nicole,REACQUIRING,0.0,SEARCH,SCAN,SCAN,73.8,103.1,,
2026-06-12T16:25:57.919,1781274357,nicole,REACQUIRING,0.0,SEARCH,SCAN,SCAN,70.8,101.3,,
2026-06-12T16:25:58.011,1781274358,nicole,REACQUIRING,0.0,SEARCH,SCAN,SCAN,67.8,99.5,,
2026-06-12T16:25:58.108,1781274358,nicole,REACQUIRING,0.0,SEARCH,SCAN,SCAN,64.8,97.7,,
2026-06-12T16:25:58.210,1781274358,nicole,REACQUIRING,0.0,SEARCH,SCAN,SCAN,61.8,95.9,,
2026-06-12T16:25:58.319,1781274358,nicole,REACQUIRING,0.0,SEARCH,SCAN,SCAN,58.8,94.1,,
2026-06-12T16:25:58.407,1781274358,nicole,REACQUIRING,0.0,SEARCH,SCAN,SCAN,55.8,92.3,,
2026-06-12T16:25:58.507,1781274358,nicole,REACQUIRING,0.0,SEARCH,SCAN,SCAN,52.8,90.5,,
2026-06-12T16:25:58.622,1781274358,nicole,REACQUIRING,0.0,SEARCH,SCAN,SCAN,49.8,88.7,,
2026-06-12T16:25:58.716,1781274358,nicole,REACQUIRING,0.0,SEARCH,SCAN,SCAN,46.8,86.9,,
2026-06-12T16:25:58.814,1781274358,nicole,REACQUIRING,0.0,SEARCH,SCAN,SCAN,43.8,86.5,,
2026-06-12T16:25:58.923,1781274358,nicole,REACQUIRING,0.0,SEARCH,SCAN,SCAN,40.8,88.3,,
2026-06-12T16:25:59.023,1781274359,nicole,REACQUIRING,0.0,SEARCH,SCAN,SCAN,37.8,90.1,,
2026-06-12T16:25:59.110,1781274359,nicole,REACQUIRING,0.0,SEARCH,SCAN,SCAN,34.8,91.9,,
2026-06-12T16:25:59.214,1781274359,nicole,REACQUIRING,0.0,SEARCH,SCAN,SCAN,31.8,93.7,,
2026-06-12T16:25:59.326,1781274359,nicole,REACQUIRING,0.0,SEARCH,SCAN,SCAN,28.8,95.5,,
2026-06-12T16:25:59.421,1781274359,nicole,REACQUIRING,0.0,SEARCH,SCAN,SCAN,26.8,97.3,,
2026-06-12T16:25:59.517,1781274359,nicole,REACQUIRING,0.0,SEARCH,SCAN,SCAN,29.8,99.1,,
2026-06-12T16:25:59.630,1781274359,nicole,REACQUIRING,0.0,SEARCH,SCAN,SCAN,32.8,100.9,,
2026-06-12T16:25:59.723,1781274359,nicole,REACQUIRING,0.0,SEARCH,SCAN,SCAN,35.8,102.7,,
2026-06-12T16:25:59.819,1781274359,nicole,REACQUIRING,0.0,SEARCH,SCAN,SCAN,38.8,104.5,,
2026-06-12T16:25:59.918,1781274359,nicole,REACQUIRING,0.0,SEARCH,SCAN,SCAN,41.8,106.3,,
2026-06-12T16:26:00.022,1781274360,nicole,REACQUIRING,0.0,SEARCH,SCAN,SCAN,44.8,108.1,,
2026-06-12T16:26:00.129,1781274360,nicole,REACQUIRING,0.0,SEARCH,SCAN,SCAN,47.8,109.9,,
2026-06-12T16:26:00.223,1781274360,nicole,REACQUIRING,0.0,SEARCH,SCAN,SCAN,50.8,111.7,,
2026-06-12T16:26:00.335,1781274360,nicole,REACQUIRING,0.0,SEARCH,SCAN,SCAN,53.8,113.5,,
2026-06-12T16:26:00.431,1781274360,nicole,REACQUIRING,0.0,SEARCH,SCAN,SCAN,56.8,115.3,,
2026-06-12T16:26:00.525,1781274360,nicole,REACQUIRING,0.0,SEARCH,SCAN,SCAN,59.8,117.1,,
2026-06-12T16:26:00.625,1781274360,nicole,REACQUIRING,0.0,SEARCH,SCAN,SCAN,62.8,118.9,,
2026-06-12T16:26:00.732,1781274360,nicole,REACQUIRING,0.0,SEARCH,SCAN,SCAN,65.8,120.7,,
2026-06-12T16:26:00.829,1781274360,nicole,REACQUIRING,0.0,SEARCH,SCAN,SCAN,68.8,122.5,,
2026-06-12T16:26:00.926,1781274360,nicole,REACQUIRING,0.0,SEARCH,SCAN,SCAN,71.8,124.3,,
2026-06-12T16:26:01.033,1781274361,nicole,REACQUIRING,0.0,SEARCH,SCAN,SCAN,74.8,126.1,,
2026-06-12T16:26:01.127,1781274361,nicole,REACQUIRING,0.0,SEARCH,SCAN,SCAN,77.8,126.5,,
2026-06-12T16:26:01.232,1781274361,nicole,REACQUIRING,0.0,SEARCH,SCAN,SCAN,80.8,124.7,,
2026-06-12T16:26:01.321,1781274361,nicole,REACQUIRING,0.0,SEARCH,SCAN,SCAN,83.8,122.9,,
2026-06-12T16:26:01.437,1781274361,nicole,REACQUIRING,0.0,SEARCH,SCAN,SCAN,86.8,121.1,,
2026-06-12T16:26:01.534,1781274361,nicole,REACQUIRING,0.0,SEARCH,SCAN,SCAN,89.8,119.3,,
2026-06-12T16:26:01.629,1781274361,nicole,REACQUIRING,0.0,SEARCH,SCAN,SCAN,92.8,117.5,,
2026-06-12T16:26:01.741,1781274361,nicole,REACQUIRING,0.0,SEARCH,SCAN,SCAN,95.8,115.7,,
2026-06-12T16:26:01.834,1781274361,nicole,REACQUIRING,0.0,SEARCH,SCAN,SCAN,98.8,113.9,,
2026-06-12T16:26:01.931,1781274361,nicole,REACQUIRING,0.0,SEARCH,SCAN,SCAN,101.8,112.1,,
2026-06-12T16:26:02.029,1781274362,nicole,REACQUIRING,0.0,SEARCH,SCAN,SCAN,104.8,110.3,,
2026-06-12T16:26:02.139,1781274362,nicole,REACQUIRING,0.0,SEARCH,SCAN,SCAN,106.8,108.5,,
2026-06-12T16:26:02.239,1781274362,nicole,REACQUIRING,0.0,SEARCH,SCAN,SCAN,103.8,106.7,,
2026-06-12T16:26:02.333,1781274362,nicole,REACQUIRING,0.0,SEARCH,SCAN,SCAN,100.8,104.9,,
2026-06-12T16:26:02.446,1781274362,nicole,REACQUIRING,0.0,SEARCH,SCAN,SCAN,97.8,103.1,,
2026-06-12T16:26:02.539,1781274362,nicole,REACQUIRING,0.0,SEARCH,SCAN,SCAN,94.8,101.3,,
2026-06-12T16:26:02.630,1781274362,nicole,REACQUIRING,0.0,SEARCH,SCAN,SCAN,91.8,99.5,,
2026-06-12T16:26:02.744,1781274362,nicole,REACQUIRING,0.0,SEARCH,SCAN,SCAN,88.8,97.7,,
2026-06-12T16:26:02.846,1781274362,nicole,REACQUIRING,0.0,SEARCH,SCAN,SCAN,85.8,95.9,,
2026-06-12T16:26:02.939,1781274362,nicole,REACQUIRING,0.0,SEARCH,SCAN,SCAN,82.8,94.1,,
2026-06-12T16:26:03.035,1781274363,nicole,REACQUIRING,0.0,SEARCH,SCAN,SCAN,79.8,92.3,,
2026-06-12T16:26:03.148,1781274363,nicole,REACQUIRING,0.0,SEARCH,SCAN,SCAN,76.8,90.5,,
2026-06-12T16:26:03.247,1781274363,nicole,REACQUIRING,0.0,SEARCH,SCAN,SCAN,73.8,88.7,,
2026-06-12T16:26:03.342,1781274363,nicole,REACQUIRING,0.0,SEARCH,SCAN,SCAN,70.8,86.9,,
2026-06-12T16:26:03.451,1781274363,nicole,REACQUIRING,0.0,SEARCH,SCAN,SCAN,67.8,86.5,,
2026-06-12T16:26:03.548,1781274363,nicole,REACQUIRING,0.0,SEARCH,SCAN,SCAN,64.8,88.3,,
2026-06-12T16:26:03.643,1781274363,nicole,REACQUIRING,0.0,SEARCH,SCAN,SCAN,61.8,90.1,,
2026-06-12T16:26:03.739,1781274363,nicole,REACQUIRING,0.0,SEARCH,SCAN,SCAN,58.8,91.9,,
2026-06-12T16:26:03.851,1781274363,nicole,REACQUIRING,0.0,SEARCH,SCAN,SCAN,55.8,93.7,,
2026-06-12T16:26:03.949,1781274363,nicole,REACQUIRING,0.0,SEARCH,SCAN,SCAN,52.8,95.5,,
2026-06-12T16:26:04.046,1781274364,nicole,REACQUIRING,0.0,SEARCH,SCAN,SCAN,49.8,97.3,,
2026-06-12T16:26:04.160,1781274364,nicole,REACQUIRING,0.0,SEARCH,SCAN,SCAN,46.8,99.1,,
2026-06-12T16:26:04.255,1781274364,nicole,REACQUIRING,0.0,SEARCH,SCAN,SCAN,43.8,100.9,,
2026-06-12T16:26:04.353,1781274364,nicole,REACQUIRING,0.0,SEARCH,SCAN,SCAN,40.8,102.7,,
2026-06-12T16:26:04.442,1781274364,nicole,REACQUIRING,0.0,SEARCH,SCAN,SCAN,37.8,104.5,,
2026-06-12T16:26:04.556,1781274364,nicole,REACQUIRING,0.0,SEARCH,SCAN,SCAN,34.8,106.3,,
2026-06-12T16:26:04.649,1781274364,nicole,REACQUIRING,0.0,SEARCH,SCAN,SCAN,31.8,108.1,,
2026-06-12T16:26:04.747,1781274364,nicole,REACQUIRING,0.0,SEARCH,SCAN,SCAN,28.8,109.9,,
2026-06-12T16:26:04.864,1781274364,nicole,REACQUIRING,0.0,SEARCH,SCAN,SCAN,26.8,111.7,,
2026-06-12T16:26:04.959,1781274364,nicole,REACQUIRING,0.0,SEARCH,SCAN,SCAN,29.8,113.5,,
2026-06-12T16:26:05.052,1781274365,nicole,REACQUIRING,0.0,SEARCH,SCAN,SCAN,32.8,115.3,,
2026-06-12T16:26:05.149,1781274365,nicole,REACQUIRING,0.0,SEARCH,SCAN,SCAN,35.8,117.1,,
2026-06-12T16:26:05.256,1781274365,nicole,REACQUIRING,0.0,SEARCH,SCAN,SCAN,38.8,118.9,,
2026-06-12T16:26:05.352,1781274365,nicole,REACQUIRING,0.0,SEARCH,SCAN,SCAN,41.8,120.7,,
2026-06-12T16:26:05.449,1781274365,nicole,REACQUIRING,0.0,SEARCH,SCAN,SCAN,44.8,122.5,,
2026-06-12T16:26:05.563,1781274365,nicole,REACQUIRING,0.0,SEARCH,SCAN,SCAN,47.8,124.3,,
2026-06-12T16:26:05.656,1781274365,nicole,REACQUIRING,0.0,SEARCH,SCAN,SCAN,50.8,126.1,,
2026-06-12T16:26:05.756,1781274365,nicole,REACQUIRING,0.0,SEARCH,SCAN,SCAN,53.8,126.5,,
2026-06-12T16:26:05.852,1781274365,nicole,REACQUIRING,0.0,SEARCH,SCAN,SCAN,56.8,124.7,,
2026-06-12T16:26:05.964,1781274365,nicole,REACQUIRING,0.0,SEARCH,SCAN,SCAN,59.8,122.9,,
2026-06-12T16:26:06.062,1781274366,nicole,REACQUIRING,0.0,SEARCH,SCAN,SCAN,62.8,121.1,,
2026-06-12T16:26:06.161,1781274366,nicole,REACQUIRING,0.0,SEARCH,SCAN,SCAN,65.8,119.3,,
2026-06-12T16:26:06.267,1781274366,nicole,REACQUIRING,0.0,SEARCH,SCAN,SCAN,68.8,117.5,,
2026-06-12T16:26:06.362,1781274366,nicole,REACQUIRING,0.0,SEARCH,SCAN,SCAN,71.8,115.7,,
2026-06-12T16:26:06.459,1781274366,nicole,REACQUIRING,0.0,SEARCH,SCAN,SCAN,74.8,113.9,,
2026-06-12T16:26:06.571,1781274366,nicole,REACQUIRING,0.0,SEARCH,SCAN,SCAN,77.8,112.1,,
2026-06-12T16:26:06.666,1781274366,nicole,REACQUIRING,0.0,SEARCH,SCAN,SCAN,80.8,110.3,,
2026-06-12T16:26:06.765,1781274366,nicole,REACQUIRING,0.0,SEARCH,SCAN,SCAN,83.8,108.5,,
2026-06-12T16:26:06.862,1781274366,nicole,REACQUIRING,0.0,SEARCH,SCAN,SCAN,86.8,106.7,,
2026-06-12T16:26:06.971,1781274366,nicole,REACQUIRING,0.0,SEARCH,SCAN,SCAN,89.8,104.9,,
2026-06-12T16:26:07.068,1781274367,nicole,REACQUIRING,0.0,SEARCH,SCAN,SCAN,92.8,103.1,,
2026-06-12T16:26:07.167,1781274367,nicole,REACQUIRING,0.0,SEARCH,SCAN,SCAN,95.8,101.3,,
2026-06-12T16:26:07.275,1781274367,nicole,REACQUIRING,0.0,SEARCH,SCAN,SCAN,98.8,99.5,,
2026-06-12T16:26:07.374,1781274367,nicole,REACQUIRING,0.0,SEARCH,SCAN,SCAN,101.8,97.7,,
2026-06-12T16:26:07.469,1781274367,nicole,REACQUIRING,0.0,SEARCH,SCAN,SCAN,104.8,95.9,,
2026-06-12T16:26:07.564,1781274367,nicole,REACQUIRING,0.0,SEARCH,SCAN,SCAN,106.8,94.1,,
2026-06-12T16:26:07.681,1781274367,nicole,REACQUIRING,0.0,SEARCH,SCAN,SCAN,103.8,92.3,,
2026-06-12T16:26:07.776,1781274367,nicole,REACQUIRING,0.0,SEARCH,SCAN,SCAN,100.8,90.5,,
2026-06-12T16:26:07.872,1781274367,nicole,REACQUIRING,0.0,SEARCH,SCAN,SCAN,97.8,88.7,,
2026-06-12T16:26:07.978,1781274367,nicole,REACQUIRING,0.0,SEARCH,SCAN,SCAN,94.8,86.9,,
2026-06-12T16:26:08.075,1781274368,nicole,REACQUIRING,0.0,SEARCH,SCAN,SCAN,91.8,86.5,,
2026-06-12T16:26:08.173,1781274368,nicole,REACQUIRING,0.0,SEARCH,SCAN,SCAN,88.8,88.3,,
2026-06-12T16:26:08.269,1781274368,nicole,REACQUIRING,0.0,SEARCH,SCAN,SCAN,85.8,90.1,,
2026-06-12T16:26:08.383,1781274368,nicole,REACQUIRING,0.0,SEARCH,SCAN,SCAN,82.8,91.9,,
2026-06-12T16:26:08.482,1781274368,nicole,REACQUIRING,0.0,SEARCH,SCAN,SCAN,79.8,93.7,,
2026-06-12T16:26:08.572,1781274368,nicole,REACQUIRING,0.0,SEARCH,SCAN,SCAN,76.8,95.5,,
2026-06-12T16:26:08.685,1781274368,nicole,REACQUIRING,0.0,SEARCH,SCAN,SCAN,73.8,97.3,,
2026-06-12T16:26:08.779,1781274368,nicole,REACQUIRING,0.0,SEARCH,SCAN,SCAN,70.8,99.1,,
2026-06-12T16:26:08.878,1781274368,nicole,REACQUIRING,0.0,SEARCH,SCAN,SCAN,67.8,100.9,,
2026-06-12T16:26:08.971,1781274368,nicole,REACQUIRING,0.0,SEARCH,SCAN,SCAN,64.8,102.7,,
2026-06-12T16:26:09.083,1781274369,nicole,REACQUIRING,0.0,SEARCH,SCAN,SCAN,61.8,104.5,,
2026-06-12T16:26:09.180,1781274369,nicole,REACQUIRING,0.0,SEARCH,SCAN,SCAN,58.8,106.3,,
2026-06-12T16:26:09.278,1781274369,nicole,REACQUIRING,0.0,SEARCH,SCAN,SCAN,55.8,108.1,,
2026-06-12T16:26:09.391,1781274369,nicole,REACQUIRING,0.0,SEARCH,SCAN,SCAN,52.8,109.9,,
2026-06-12T16:26:09.487,1781274369,nicole,REACQUIRING,0.0,SEARCH,SCAN,SCAN,49.8,111.7,,
2026-06-12T16:26:09.582,1781274369,nicole,REACQUIRING,0.0,SEARCH,SCAN,SCAN,46.8,113.5,,
2026-06-12T16:26:09.675,1781274369,nicole,REACQUIRING,0.0,SEARCH,SCAN,SCAN,43.8,115.3,,
2026-06-12T16:26:09.786,1781274369,nicole,REACQUIRING,0.0,SEARCH,SCAN,SCAN,40.8,117.1,,
2026-06-12T16:26:09.887,1781274369,nicole,REACQUIRING,0.0,SEARCH,SCAN,SCAN,37.8,118.9,,
2026-06-12T16:26:09.984,1781274369,nicole,REACQUIRING,0.0,SEARCH,SCAN,SCAN,34.8,120.7,,
2026-06-12T16:26:10.093,1781274370,nicole,REACQUIRING,0.0,SEARCH,SCAN,SCAN,31.8,122.5,,
2026-06-12T16:26:10.188,1781274370,nicole,REACQUIRING,0.0,SEARCH,SCAN,SCAN,28.8,124.3,,
2026-06-12T16:26:10.286,1781274370,nicole,REACQUIRING,0.0,SEARCH,SCAN,SCAN,26.8,126.1,,
2026-06-12T16:26:10.395,1781274370,nicole,REACQUIRING,0.0,SEARCH,SCAN,SCAN,29.8,126.5,,
2026-06-12T16:26:10.494,1781274370,nicole,REACQUIRING,0.0,SEARCH,SCAN,SCAN,32.8,124.7,,
2026-06-12T16:26:10.596,1781274370,nicole,REACQUIRING,0.0,SEARCH,SCAN,SCAN,35.8,122.9,,
2026-06-12T16:26:10.687,1781274370,nicole,REACQUIRING,0.0,SEARCH,SCAN,SCAN,38.8,121.1,,
2026-06-12T16:26:10.799,1781274370,nicole,REACQUIRING,0.0,SEARCH,SCAN,SCAN,41.8,119.3,,
2026-06-12T16:26:10.894,1781274370,nicole,REACQUIRING,0.0,SEARCH,SCAN,SCAN,44.8,117.5,,
2026-06-12T16:26:10.992,1781274370,nicole,REACQUIRING,0.0,SEARCH,SCAN,SCAN,47.8,115.7,,
2026-06-12T16:26:11.104,1781274371,nicole,REACQUIRING,0.0,SEARCH,SCAN,SCAN,50.8,113.9,,
2026-06-12T16:26:11.199,1781274371,nicole,REACQUIRING,0.0,SEARCH,SCAN,SCAN,53.8,112.1,,
2026-06-12T16:26:11.292,1781274371,nicole,REACQUIRING,0.0,SEARCH,SCAN,SCAN,56.8,110.3,,
2026-06-12T16:26:11.389,1781274371,nicole,REACQUIRING,0.0,SEARCH,SCAN,SCAN,59.8,108.5,,
2026-06-12T16:26:11.498,1781274371,nicole,REACQUIRING,0.0,SEARCH,SCAN,SCAN,62.8,106.7,,
2026-06-12T16:26:11.599,1781274371,nicole,REACQUIRING,0.0,SEARCH,SCAN,SCAN,65.8,104.9,,
2026-06-12T16:26:11.693,1781274371,nicole,REACQUIRING,0.0,SEARCH,SCAN,SCAN,68.8,103.1,,
2026-06-12T16:26:11.810,1781274371,nicole,REACQUIRING,0.0,SEARCH,SCAN,SCAN,71.8,101.3,,
2026-06-12T16:26:11.904,1781274371,nicole,REACQUIRING,0.0,SEARCH,SCAN,SCAN,74.8,99.5,,
2026-06-12T16:26:11.997,1781274371,nicole,REACQUIRING,0.0,SEARCH,SCAN,SCAN,77.8,97.7,,
2026-06-12T16:26:12.091,1781274372,nicole,REACQUIRING,0.0,SEARCH,SCAN,SCAN,80.8,95.9,,
2026-06-12T16:26:12.206,1781274372,nicole,REACQUIRING,0.0,SEARCH,SCAN,SCAN,83.8,94.1,,
2026-06-12T16:26:12.301,1781274372,nicole,REACQUIRING,0.0,SEARCH,SCAN,SCAN,86.8,92.3,,
2026-06-12T16:26:12.399,1781274372,nicole,REACQUIRING,0.0,SEARCH,SCAN,SCAN,89.8,90.5,,
2026-06-12T16:26:12.512,1781274372,nicole,REACQUIRING,0.0,SEARCH,SCAN,SCAN,92.8,88.7,,
2026-06-12T16:26:12.608,1781274372,nicole,REACQUIRING,0.0,SEARCH,SCAN,SCAN,95.8,86.9,,
2026-06-12T16:26:12.700,1781274372,nicole,REACQUIRING,0.0,SEARCH,SCAN,SCAN,98.8,86.5,,
2026-06-12T16:26:12.800,1781274372,nicole,REACQUIRING,0.0,SEARCH,SCAN,SCAN,101.8,88.3,,
2026-06-12T16:26:12.908,1781274372,nicole,REACQUIRING,0.0,SEARCH,SCAN,SCAN,104.8,90.1,,
2026-06-12T16:26:13.004,1781274373,nicole,REACQUIRING,0.0,SEARCH,SCAN,SCAN,106.8,91.9,,
2026-06-12T16:26:13.095,1781274373,nicole,REACQUIRING,0.0,SEARCH,SCAN,SCAN,103.8,93.7,,
2026-06-12T16:26:13.212,1781274373,nicole,REACQUIRING,0.0,SEARCH,SCAN,SCAN,100.8,95.5,,
2026-06-12T16:26:13.312,1781274373,nicole,REACQUIRING,0.0,SEARCH,SCAN,SCAN,97.8,97.3,,
2026-06-12T16:26:13.407,1781274373,nicole,REACQUIRING,0.0,SEARCH,SCAN,SCAN,94.8,99.1,,
2026-06-12T16:26:13.503,1781274373,nicole,REACQUIRING,0.0,SEARCH,SCAN,SCAN,91.8,100.9,,
2026-06-12T16:26:13.611,1781274373,nicole,REACQUIRING,0.0,SEARCH,SCAN,SCAN,88.8,102.7,,
2026-06-12T16:26:13.712,1781274373,nicole,REACQUIRING,0.0,SEARCH,SCAN,SCAN,85.8,104.5,,
2026-06-12T16:26:13.803,1781274373,nicole,REACQUIRING,0.0,SEARCH,SCAN,SCAN,82.8,106.3,,
2026-06-12T16:26:13.914,1781274373,nicole,REACQUIRING,0.0,SEARCH,SCAN,SCAN,79.8,108.1,,
2026-06-12T16:26:14.017,1781274374,nicole,REACQUIRING,0.0,SEARCH,SCAN,SCAN,76.8,109.9,,
2026-06-12T16:26:14.108,1781274374,nicole,REACQUIRING,0.0,SEARCH,SCAN,SCAN,73.8,111.7,,
2026-06-12T16:26:14.217,1781274374,nicole,REACQUIRING,0.0,SEARCH,SCAN,SCAN,70.8,113.5,,
2026-06-12T16:26:14.317,1781274374,nicole,REACQUIRING,0.0,SEARCH,SCAN,SCAN,67.8,115.3,,
2026-06-12T16:26:14.412,1781274374,nicole,REACQUIRING,0.0,SEARCH,SCAN,SCAN,64.8,117.1,,
2026-06-12T16:26:14.510,1781274374,nicole,REACQUIRING,0.0,SEARCH,SCAN,SCAN,61.8,118.9,,
2026-06-12T16:26:14.620,1781274374,nicole,REACQUIRING,0.0,SEARCH,SCAN,SCAN,58.8,120.7,,
2026-06-12T16:26:14.722,1781274374,nicole,REACQUIRING,0.0,SEARCH,SCAN,SCAN,55.8,122.5,,
2026-06-12T16:26:14.807,1781274374,nicole,REACQUIRING,0.0,SEARCH,SCAN,SCAN,52.8,124.3,,
2026-06-12T16:26:14.924,1781274374,nicole,REACQUIRING,0.0,SEARCH,SCAN,SCAN,49.8,126.1,,
2026-06-12T16:26:15.026,1781274375,nicole,REACQUIRING,0.0,SEARCH,SCAN,SCAN,46.8,126.5,,
2026-06-12T16:26:15.111,1781274375,nicole,REACQUIRING,0.0,SEARCH,SCAN,SCAN,43.8,124.7,,
2026-06-12T16:26:15.215,1781274375,nicole,REACQUIRING,0.0,SEARCH,SCAN,SCAN,40.8,122.9,,
2026-06-12T16:26:15.330,1781274375,nicole,REACQUIRING,0.0,SEARCH,SCAN,SCAN,37.8,121.1,,
2026-06-12T16:26:15.425,1781274375,nicole,REACQUIRING,0.0,SEARCH,SCAN,SCAN,34.8,119.3,,
2026-06-12T16:26:15.519,1781274375,nicole,REACQUIRING,0.0,SEARCH,SCAN,SCAN,31.8,117.5,,
2026-06-12T16:26:15.630,1781274375,nicole,REACQUIRING,0.0,SEARCH,SCAN,SCAN,28.8,115.7,,
2026-06-12T16:26:15.727,1781274375,nicole,REACQUIRING,0.0,SEARCH,SCAN,SCAN,26.8,113.9,,
2026-06-12T16:26:15.820,1781274375,nicole,REACQUIRING,0.0,SEARCH,SCAN,SCAN,29.8,112.1,,
2026-06-12T16:26:15.914,1781274375,nicole,REACQUIRING,0.0,SEARCH,SCAN,SCAN,32.8,110.3,,
2026-06-12T16:26:16.027,1781274376,nicole,REACQUIRING,0.0,SEARCH,SCAN,SCAN,35.8,108.5,,
2026-06-12T16:26:16.123,1781274376,nicole,REACQUIRING,0.0,SEARCH,SCAN,SCAN,38.8,106.7,,
2026-06-12T16:26:16.227,1781274376,nicole,REACQUIRING,0.0,SEARCH,SCAN,SCAN,41.8,104.9,,
2026-06-12T16:26:16.336,1781274376,nicole,REACQUIRING,0.0,SEARCH,SCAN,SCAN,44.8,103.1,,
2026-06-12T16:26:16.431,1781274376,nicole,REACQUIRING,0.0,SEARCH,SCAN,SCAN,47.8,101.3,,
2026-06-12T16:26:16.527,1781274376,nicole,REACQUIRING,0.0,SEARCH,SCAN,SCAN,50.8,99.5,,
2026-06-12T16:26:16.626,1781274376,nicole,REACQUIRING,0.0,SEARCH,SCAN,SCAN,53.8,97.7,,
2026-06-12T16:26:16.733,1781274376,nicole,REACQUIRING,0.0,SEARCH,SCAN,SCAN,56.8,95.9,,
2026-06-12T16:26:16.828,1781274376,nicole,REACQUIRING,0.0,SEARCH,SCAN,SCAN,59.8,94.1,,
2026-06-12T16:26:16.925,1781274376,nicole,REACQUIRING,0.0,SEARCH,SCAN,SCAN,62.8,92.3,,
2026-06-12T16:26:17.035,1781274377,nicole,REACQUIRING,0.0,SEARCH,SCAN,SCAN,65.8,90.5,,
2026-06-12T16:26:17.127,1781274377,nicole,REACQUIRING,0.0,SEARCH,SCAN,SCAN,68.8,88.7,,
2026-06-12T16:26:17.231,1781274377,nicole,REACQUIRING,0.0,SEARCH,SCAN,SCAN,71.8,86.9,,
2026-06-12T16:26:17.328,1781274377,nicole,REACQUIRING,0.0,SEARCH,SCAN,SCAN,74.8,86.5,,
2026-06-12T16:26:17.439,1781274377,nicole,REACQUIRING,0.0,SEARCH,SCAN,SCAN,77.8,88.3,,
2026-06-12T16:26:17.536,1781274377,nicole,REACQUIRING,0.0,SEARCH,SCAN,SCAN,80.8,90.1,,
2026-06-12T16:26:17.629,1781274377,nicole,REACQUIRING,0.0,SEARCH,SCAN,SCAN,83.8,91.9,,
2026-06-12T16:26:17.734,1781274377,nicole,REACQUIRING,0.0,SEARCH,SCAN,SCAN,86.8,93.7,,
2026-06-12T16:26:17.832,1781274377,nicole,REACQUIRING,0.0,SEARCH,SCAN,SCAN,89.8,95.5,,
2026-06-12T16:26:17.930,1781274377,nicole,REACQUIRING,0.0,SEARCH,SCAN,SCAN,92.8,97.3,,
2026-06-12T16:26:18.043,1781274378,nicole,REACQUIRING,0.0,SEARCH,SCAN,SCAN,95.8,99.1,,
2026-06-12T16:26:18.141,1781274378,nicole,REACQUIRING,0.0,SEARCH,SCAN,SCAN,98.8,100.9,,
2026-06-12T16:26:18.238,1781274378,nicole,REACQUIRING,0.0,SEARCH,SCAN,SCAN,101.8,102.7,,
2026-06-12T16:26:18.335,1781274378,nicole,REACQUIRING,0.0,SEARCH,SCAN,SCAN,104.8,104.5,,
2026-06-12T16:26:18.451,1781274378,nicole,REACQUIRING,0.0,SEARCH,SCAN,SCAN,106.8,106.3,,
2026-06-12T16:26:18.546,1781274378,nicole,REACQUIRING,0.0,SEARCH,SCAN,SCAN,103.8,108.1,,
2026-06-12T16:26:18.634,1781274378,nicole,REACQUIRING,0.0,SEARCH,SCAN,SCAN,100.8,109.9,,
2026-06-12T16:26:18.747,1781274378,nicole,REACQUIRING,0.0,SEARCH,SCAN,SCAN,97.8,111.7,,
2026-06-12T16:26:18.844,1781274378,nicole,REACQUIRING,0.0,SEARCH,SCAN,SCAN,94.8,113.5,,
2026-06-12T16:26:18.939,1781274378,nicole,REACQUIRING,0.0,SEARCH,SCAN,SCAN,91.8,115.3,,
2026-06-12T16:26:19.040,1781274379,nicole,REACQUIRING,0.0,SEARCH,SCAN,SCAN,88.8,117.1,,
2026-06-12T16:26:19.148,1781274379,nicole,REACQUIRING,0.0,SEARCH,SCAN,SCAN,85.8,118.9,,
2026-06-12T16:26:19.248,1781274379,nicole,REACQUIRING,0.0,SEARCH,SCAN,SCAN,82.8,120.7,,
2026-06-12T16:26:19.347,1781274379,nicole,REACQUIRING,0.0,SEARCH,SCAN,SCAN,79.8,122.5,,
2026-06-12T16:26:19.451,1781274379,nicole,REACQUIRING,0.0,SEARCH,SCAN,SCAN,76.8,124.3,,
2026-06-12T16:26:19.545,1781274379,nicole,REACQUIRING,0.0,SEARCH,SCAN,SCAN,73.8,126.1,,
2026-06-12T16:26:19.645,1781274379,nicole,REACQUIRING,0.0,SEARCH,SCAN,SCAN,70.8,126.5,,
2026-06-12T16:26:19.745,1781274379,nicole,REACQUIRING,0.0,SEARCH,SCAN,SCAN,67.8,124.7,,
2026-06-12T16:26:19.851,1781274379,nicole,REACQUIRING,0.0,SEARCH,SCAN,SCAN,64.8,122.9,,
2026-06-12T16:26:19.951,1781274379,nicole,REACQUIRING,0.0,SEARCH,SCAN,SCAN,61.8,121.1,,
2026-06-12T16:26:20.045,1781274380,nicole,REACQUIRING,0.0,SEARCH,SCAN,SCAN,58.8,119.3,,
2026-06-12T16:26:20.158,1781274380,nicole,REACQUIRING,0.0,SEARCH,SCAN,SCAN,55.8,117.5,,
2026-06-12T16:26:20.254,1781274380,nicole,REACQUIRING,0.0,SEARCH,SCAN,SCAN,52.8,115.7,,
2026-06-12T16:26:20.352,1781274380,nicole,REACQUIRING,0.0,SEARCH,SCAN,SCAN,49.8,113.9,,
2026-06-12T16:26:20.447,1781274380,nicole,REACQUIRING,0.0,SEARCH,SCAN,SCAN,46.8,112.1,,
2026-06-12T16:26:20.554,1781274380,nicole,REACQUIRING,0.0,SEARCH,SCAN,SCAN,43.8,110.3,,
2026-06-12T16:26:20.652,1781274380,nicole,REACQUIRING,0.0,SEARCH,SCAN,SCAN,40.8,108.5,,
2026-06-12T16:26:20.750,1781274380,nicole,REACQUIRING,0.0,SEARCH,SCAN,SCAN,37.8,106.7,,
2026-06-12T16:26:20.866,1781274380,nicole,REACQUIRING,0.0,SEARCH,SCAN,SCAN,34.8,104.9,,
2026-06-12T16:26:20.962,1781274380,nicole,REACQUIRING,0.0,SEARCH,SCAN,SCAN,31.8,103.1,,
2026-06-12T16:26:21.055,1781274381,nicole,REACQUIRING,0.0,SEARCH,SCAN,SCAN,28.8,101.3,,
2026-06-12T16:26:21.153,1781274381,nicole,REACQUIRING,0.0,SEARCH,SCAN,SCAN,26.8,99.5,,
2026-06-12T16:26:21.261,1781274381,nicole,REACQUIRING,0.0,SEARCH,SCAN,SCAN,29.8,97.7,,
2026-06-12T16:26:21.357,1781274381,nicole,REACQUIRING,0.0,SEARCH,SCAN,SCAN,32.8,95.9,,
2026-06-12T16:26:21.454,1781274381,nicole,REACQUIRING,0.0,SEARCH,SCAN,SCAN,35.8,94.1,,
2026-06-12T16:26:21.563,1781274381,nicole,REACQUIRING,0.0,SEARCH,SCAN,SCAN,38.8,92.3,,
2026-06-12T16:26:21.655,1781274381,nicole,REACQUIRING,0.0,SEARCH,SCAN,SCAN,41.8,90.5,,
2026-06-12T16:26:21.760,1781274381,nicole,REACQUIRING,0.0,SEARCH,SCAN,SCAN,44.8,88.7,,
2026-06-12T16:26:21.855,1781274381,nicole,REACQUIRING,0.0,SEARCH,SCAN,SCAN,47.8,86.9,,
2026-06-12T16:26:21.965,1781274381,nicole,REACQUIRING,0.0,SEARCH,SCAN,SCAN,50.8,86.5,,
2026-06-12T16:26:22.060,1781274382,nicole,REACQUIRING,0.0,SEARCH,SCAN,SCAN,53.8,88.3,,
2026-06-12T16:26:22.161,1781274382,nicole,REACQUIRING,0.0,SEARCH,SCAN,SCAN,56.8,90.1,,
2026-06-12T16:26:22.276,1781274382,nicole,REACQUIRING,0.0,SEARCH,SCAN,SCAN,59.8,91.9,,
2026-06-12T16:26:22.363,1781274382,nicole,REACQUIRING,0.0,SEARCH,SCAN,SCAN,62.8,93.7,,
2026-06-12T16:26:22.462,1781274382,nicole,REACQUIRING,0.0,SEARCH,SCAN,SCAN,65.8,95.5,,
2026-06-12T16:26:22.575,1781274382,nicole,REACQUIRING,0.0,SEARCH,SCAN,SCAN,68.8,97.3,,
2026-06-12T16:26:22.674,1781274382,nicole,REACQUIRING,0.0,SEARCH,SCAN,SCAN,71.8,99.1,,
2026-06-12T16:26:22.764,1781274382,nicole,REACQUIRING,0.0,SEARCH,SCAN,SCAN,74.8,100.9,,
2026-06-12T16:26:22.864,1781274382,nicole,REACQUIRING,0.0,SEARCH,SCAN,SCAN,77.8,102.7,,
2026-06-12T16:26:22.974,1781274382,nicole,REACQUIRING,0.0,SEARCH,SCAN,SCAN,80.8,104.5,,
2026-06-12T16:26:23.071,1781274383,nicole,REACQUIRING,0.0,SEARCH,SCAN,SCAN,83.8,106.3,,
2026-06-12T16:26:23.164,1781274383,nicole,REACQUIRING,0.0,SEARCH,SCAN,SCAN,86.8,108.1,,
2026-06-12T16:26:23.278,1781274383,nicole,REACQUIRING,0.0,SEARCH,SCAN,SCAN,89.8,109.9,,
2026-06-12T16:26:23.369,1781274383,nicole,REACQUIRING,0.0,SEARCH,SCAN,SCAN,92.8,111.7,,
2026-06-12T16:26:23.469,1781274383,nicole,REACQUIRING,0.0,SEARCH,SCAN,SCAN,95.8,113.5,,
2026-06-12T16:26:23.567,1781274383,nicole,REACQUIRING,0.0,SEARCH,SCAN,SCAN,98.8,115.3,,
2026-06-12T16:26:23.682,1781274383,nicole,REACQUIRING,0.0,SEARCH,SCAN,SCAN,101.8,117.1,,
2026-06-12T16:26:23.770,1781274383,nicole,REACQUIRING,0.0,SEARCH,SCAN,SCAN,104.8,118.9,,
2026-06-12T16:26:23.873,1781274383,nicole,REACQUIRING,0.0,SEARCH,SCAN,SCAN,106.8,120.7,,
2026-06-12T16:26:23.983,1781274383,nicole,REACQUIRING,0.0,SEARCH,SCAN,SCAN,103.8,122.5,,
2026-06-12T16:26:24.075,1781274384,nicole,REACQUIRING,0.0,SEARCH,SCAN,SCAN,100.8,124.3,,
2026-06-12T16:26:24.176,1781274384,nicole,REACQUIRING,0.0,SEARCH,SCAN,SCAN,97.8,126.1,,
2026-06-12T16:26:24.271,1781274384,nicole,REACQUIRING,0.0,SEARCH,SCAN,SCAN,94.8,126.5,,
2026-06-12T16:26:24.377,1781274384,nicole,REACQUIRING,0.0,SEARCH,SCAN,SCAN,91.8,124.7,,
2026-06-12T16:26:24.479,1781274384,nicole,REACQUIRING,0.0,SEARCH,SCAN,SCAN,88.8,122.9,,
2026-06-12T16:26:24.579,1781274384,nicole,REACQUIRING,0.0,SEARCH,SCAN,SCAN,85.8,121.1,,
2026-06-12T16:26:24.683,1781274384,nicole,REACQUIRING,0.0,SEARCH,SCAN,SCAN,82.8,119.3,,
2026-06-12T16:26:24.780,1781274384,nicole,REACQUIRING,0.0,SEARCH,SCAN,SCAN,79.8,117.5,,
2026-06-12T16:26:24.880,1781274384,nicole,REACQUIRING,0.0,SEARCH,SCAN,SCAN,76.8,115.7,,
2026-06-12T16:26:24.973,1781274384,nicole,REACQUIRING,0.0,SEARCH,SCAN,SCAN,73.8,113.9,,
2026-06-12T16:26:25.087,1781274385,nicole,REACQUIRING,0.0,SEARCH,SCAN,SCAN,70.8,112.1,,
2026-06-12T16:26:25.183,1781274385,nicole,REACQUIRING,0.0,SEARCH,SCAN,SCAN,67.8,110.3,,
2026-06-12T16:26:25.279,1781274385,nicole,REACQUIRING,0.0,SEARCH,SCAN,SCAN,64.8,108.5,,
2026-06-12T16:26:25.391,1781274385,nicole,REACQUIRING,0.0,SEARCH,SCAN,SCAN,61.8,106.7,,
2026-06-12T16:26:25.483,1781274385,nicole,REACQUIRING,0.0,SEARCH,SCAN,SCAN,58.8,104.9,,
2026-06-12T16:26:25.577,1781274385,nicole,REACQUIRING,0.0,SEARCH,SCAN,SCAN,55.8,103.1,,
2026-06-12T16:26:25.680,1781274385,nicole,REACQUIRING,0.0,SEARCH,SCAN,SCAN,52.8,101.3,,
2026-06-12T16:26:25.793,1781274385,nicole,REACQUIRING,0.0,SEARCH,SCAN,SCAN,49.8,99.5,,
2026-06-12T16:26:25.884,1781274385,nicole,REACQUIRING,0.0,SEARCH,SCAN,SCAN,46.8,97.7,,
2026-06-12T16:26:25.979,1781274385,nicole,REACQUIRING,0.0,SEARCH,SCAN,SCAN,43.8,95.9,,
2026-06-12T16:26:26.095,1781274386,nicole,REACQUIRING,0.0,SEARCH,SCAN,SCAN,40.8,94.1,,
2026-06-12T16:26:26.192,1781274386,nicole,REACQUIRING,0.0,SEARCH,SCAN,SCAN,37.8,92.3,,
2026-06-12T16:26:26.287,1781274386,nicole,REACQUIRING,0.0,SEARCH,SCAN,SCAN,34.8,90.5,,
2026-06-12T16:26:26.381,1781274386,nicole,REACQUIRING,0.0,SEARCH,SCAN,SCAN,31.8,88.7,,
2026-06-12T16:26:26.494,1781274386,nicole,REACQUIRING,0.0,SEARCH,SCAN,SCAN,28.8,86.9,,
2026-06-12T16:26:26.591,1781274386,nicole,REACQUIRING,0.0,SEARCH,SCAN,SCAN,26.8,86.5,,
2026-06-12T16:26:26.687,1781274386,nicole,REACQUIRING,0.0,SEARCH,SCAN,SCAN,29.8,88.3,,
2026-06-12T16:26:26.801,1781274386,nicole,REACQUIRING,0.0,SEARCH,SCAN,SCAN,32.8,90.1,,
2026-06-12T16:26:26.896,1781274386,nicole,REACQUIRING,0.0,SEARCH,SCAN,SCAN,35.8,91.9,,
2026-06-12T16:26:26.995,1781274386,nicole,REACQUIRING,0.0,SEARCH,SCAN,SCAN,38.8,93.7,,
2026-06-12T16:26:27.104,1781274387,nicole,REACQUIRING,0.0,SEARCH,SCAN,SCAN,41.8,95.5,,
2026-06-12T16:26:27.198,1781274387,nicole,REACQUIRING,0.0,SEARCH,SCAN,SCAN,44.8,97.3,,
2026-06-12T16:26:27.294,1781274387,nicole,REACQUIRING,0.0,SEARCH,SCAN,SCAN,47.8,99.1,,
2026-06-12T16:26:27.385,1781274387,nicole,REACQUIRING,0.0,SEARCH,SCAN,SCAN,50.8,100.9,,
2026-06-12T16:26:27.500,1781274387,nicole,REACQUIRING,0.0,SEARCH,SCAN,SCAN,53.8,102.7,,
2026-06-12T16:26:27.600,1781274387,nicole,REACQUIRING,0.0,SEARCH,SCAN,SCAN,56.8,104.5,,
2026-06-12T16:26:27.695,1781274387,nicole,REACQUIRING,0.0,SEARCH,SCAN,SCAN,59.8,106.3,,
2026-06-12T16:26:27.807,1781274387,nicole,REACQUIRING,0.0,SEARCH,SCAN,SCAN,62.8,108.1,,
2026-06-12T16:26:27.904,1781274387,nicole,REACQUIRING,0.0,SEARCH,SCAN,SCAN,65.8,109.9,,
2026-06-12T16:26:28.000,1781274388,nicole,REACQUIRING,0.0,SEARCH,SCAN,SCAN,68.8,111.7,,
2026-06-12T16:26:28.095,1781274388,nicole,REACQUIRING,0.0,SEARCH,SCAN,SCAN,71.8,113.5,,
2026-06-12T16:26:28.208,1781274388,nicole,REACQUIRING,0.0,SEARCH,SCAN,SCAN,74.8,115.3,,
2026-06-12T16:26:28.300,1781274388,nicole,REACQUIRING,0.0,SEARCH,SCAN,SCAN,77.8,117.1,,
2026-06-12T16:26:28.399,1781274388,nicole,REACQUIRING,0.0,SEARCH,SCAN,SCAN,80.8,118.9,,
2026-06-12T16:26:28.509,1781274388,nicole,REACQUIRING,0.0,SEARCH,SCAN,SCAN,83.8,120.7,,
2026-06-12T16:26:28.607,1781274388,nicole,REACQUIRING,0.0,SEARCH,SCAN,SCAN,86.8,122.5,,
2026-06-12T16:26:28.706,1781274388,nicole,REACQUIRING,0.0,SEARCH,SCAN,SCAN,89.8,124.3,,
2026-06-12T16:26:28.801,1781274388,nicole,REACQUIRING,0.0,SEARCH,SCAN,SCAN,92.8,126.1,,
2026-06-12T16:26:28.909,1781274388,nicole,REACQUIRING,0.0,SEARCH,SCAN,SCAN,95.8,126.5,,
2026-06-12T16:26:29.004,1781274389,nicole,REACQUIRING,0.0,SEARCH,SCAN,SCAN,98.8,124.7,,
2026-06-12T16:26:29.100,1781274389,nicole,REACQUIRING,0.0,SEARCH,SCAN,SCAN,101.8,122.9,,
2026-06-12T16:26:29.216,1781274389,nicole,REACQUIRING,0.0,SEARCH,SCAN,SCAN,104.8,121.1,,
2026-06-12T16:26:29.315,1781274389,nicole,REACQUIRING,0.0,SEARCH,SCAN,SCAN,106.8,119.3,,
2026-06-12T16:26:29.407,1781274389,nicole,REACQUIRING,0.0,SEARCH,SCAN,SCAN,103.8,117.5,,
2026-06-12T16:26:29.500,1781274389,nicole,REACQUIRING,0.0,SEARCH,SCAN,SCAN,100.8,115.7,,
2026-06-12T16:26:29.613,1781274389,nicole,REACQUIRING,0.0,SEARCH,SCAN,SCAN,97.8,113.9,,
2026-06-12T16:26:29.715,1781274389,nicole,REACQUIRING,0.0,SEARCH,SCAN,SCAN,94.8,112.1,,
2026-06-12T16:26:29.809,1781274389,nicole,REACQUIRING,0.0,SEARCH,SCAN,SCAN,91.8,110.3,,
2026-06-12T16:26:29.919,1781274389,nicole,REACQUIRING,0.0,SEARCH,SCAN,SCAN,88.8,108.5,,
2026-06-12T16:26:30.018,1781274390,nicole,REACQUIRING,0.0,SEARCH,SCAN,SCAN,85.8,106.7,,
2026-06-12T16:26:30.108,1781274390,nicole,REACQUIRING,0.0,SEARCH,SCAN,SCAN,82.8,104.9,,
2026-06-12T16:26:30.204,1781274390,nicole,REACQUIRING,0.0,SEARCH,SCAN,SCAN,79.8,103.1,,
2026-06-12T16:26:30.319,1781274390,nicole,REACQUIRING,0.0,SEARCH,SCAN,SCAN,76.8,101.3,,
2026-06-12T16:26:30.415,1781274390,nicole,REACQUIRING,0.0,SEARCH,SCAN,SCAN,73.8,99.5,,
2026-06-12T16:26:30.511,1781274390,nicole,REACQUIRING,0.0,SEARCH,SCAN,SCAN,70.8,97.7,,
2026-06-12T16:26:30.618,1781274390,nicole,REACQUIRING,0.0,SEARCH,SCAN,SCAN,67.8,95.9,,
2026-06-12T16:26:30.717,1781274390,nicole,REACQUIRING,0.0,SEARCH,SCAN,SCAN,64.8,94.1,,
2026-06-12T16:26:30.814,1781274390,nicole,REACQUIRING,0.0,SEARCH,SCAN,SCAN,61.8,92.3,,
2026-06-12T16:26:30.924,1781274390,nicole,REACQUIRING,0.0,SEARCH,SCAN,SCAN,58.8,90.5,,
2026-06-12T16:26:31.023,1781274391,nicole,REACQUIRING,0.0,SEARCH,SCAN,SCAN,55.8,88.7,,
2026-06-12T16:26:31.109,1781274391,nicole,REACQUIRING,0.0,SEARCH,SCAN,SCAN,52.8,86.9,,
2026-06-12T16:26:31.207,1781274391,nicole,REACQUIRING,0.0,SEARCH,SCAN,SCAN,49.8,86.5,,
2026-06-12T16:26:31.324,1781274391,nicole,REACQUIRING,0.0,SEARCH,SCAN,SCAN,46.8,88.3,,
2026-06-12T16:26:31.424,1781274391,nicole,REACQUIRING,0.0,SEARCH,SCAN,SCAN,43.8,90.1,,
2026-06-12T16:26:31.517,1781274391,nicole,REACQUIRING,0.0,SEARCH,SCAN,SCAN,40.8,91.9,,
2026-06-12T16:26:31.627,1781274391,nicole,REACQUIRING,0.0,SEARCH,SCAN,SCAN,37.8,93.7,,
2026-06-12T16:26:31.725,1781274391,nicole,REACQUIRING,0.0,SEARCH,SCAN,SCAN,34.8,95.5,,
2026-06-12T16:26:31.823,1781274391,nicole,REACQUIRING,0.0,SEARCH,SCAN,SCAN,31.8,97.3,,
2026-06-12T16:26:31.917,1781274391,nicole,REACQUIRING,0.0,SEARCH,SCAN,SCAN,28.8,99.1,,
2026-06-12T16:26:32.027,1781274392,nicole,REACQUIRING,0.0,SEARCH,SCAN,SCAN,26.8,100.9,,
2026-06-12T16:26:32.125,1781274392,nicole,REACQUIRING,0.0,SEARCH,SCAN,SCAN,29.8,102.7,,
2026-06-12T16:26:32.223,1781274392,nicole,REACQUIRING,0.0,SEARCH,SCAN,SCAN,32.8,104.5,,
2026-06-12T16:26:32.333,1781274392,nicole,REACQUIRING,0.0,SEARCH,SCAN,SCAN,35.8,106.3,,
2026-06-12T16:26:32.429,1781274392,nicole,REACQUIRING,0.0,SEARCH,SCAN,SCAN,38.8,108.1,,
2026-06-12T16:26:32.528,1781274392,nicole,REACQUIRING,0.0,SEARCH,SCAN,SCAN,41.8,109.9,,
2026-06-12T16:26:32.624,1781274392,nicole,REACQUIRING,0.0,SEARCH,SCAN,SCAN,44.8,111.7,,
2026-06-12T16:26:32.732,1781274392,nicole,REACQUIRING,0.0,SEARCH,SCAN,SCAN,47.8,113.5,,
2026-06-12T16:26:32.822,1781274392,nicole,REACQUIRING,0.0,SEARCH,SCAN,SCAN,50.8,115.3,,
2026-06-12T16:26:32.928,1781274392,nicole,REACQUIRING,0.0,SEARCH,SCAN,SCAN,53.8,117.1,,
2026-06-12T16:26:33.039,1781274393,nicole,REACQUIRING,0.0,SEARCH,SCAN,SCAN,56.8,118.9,,
2026-06-12T16:26:33.128,1781274393,nicole,REACQUIRING,0.0,SEARCH,SCAN,SCAN,59.8,120.7,,
2026-06-12T16:26:33.233,1781274393,nicole,REACQUIRING,0.0,SEARCH,SCAN,SCAN,62.8,122.5,,
2026-06-12T16:26:33.329,1781274393,nicole,REACQUIRING,0.0,SEARCH,SCAN,SCAN,65.8,124.3,,
2026-06-12T16:26:33.437,1781274393,nicole,REACQUIRING,0.0,SEARCH,SCAN,SCAN,68.8,126.1,,
2026-06-12T16:26:33.537,1781274393,nicole,REACQUIRING,0.0,SEARCH,SCAN,SCAN,71.8,126.5,,
2026-06-12T16:26:33.630,1781274393,nicole,REACQUIRING,0.0,SEARCH,SCAN,SCAN,74.8,124.7,,
2026-06-12T16:26:33.739,1781274393,nicole,REACQUIRING,0.0,SEARCH,SCAN,SCAN,77.8,122.9,,
2026-06-12T16:26:33.832,1781274393,nicole,REACQUIRING,0.0,SEARCH,SCAN,SCAN,80.8,121.1,,
2026-06-12T16:26:33.936,1781274393,nicole,REACQUIRING,0.0,SEARCH,SCAN,SCAN,83.8,119.3,,
2026-06-12T16:26:34.048,1781274394,nicole,REACQUIRING,0.0,SEARCH,SCAN,SCAN,86.8,117.5,,
2026-06-12T16:26:34.135,1781274394,nicole,REACQUIRING,0.0,SEARCH,SCAN,SCAN,89.8,115.7,,
2026-06-12T16:26:34.235,1781274394,nicole,REACQUIRING,0.0,SEARCH,SCAN,SCAN,92.8,113.9,,
2026-06-12T16:26:34.335,1781274394,nicole,REACQUIRING,0.0,SEARCH,SCAN,SCAN,95.8,112.1,,
2026-06-12T16:26:34.450,1781274394,nicole,REACQUIRING,0.0,SEARCH,SCAN,SCAN,98.8,110.3,,
2026-06-12T16:26:34.538,1781274394,nicole,REACQUIRING,0.0,SEARCH,SCAN,SCAN,101.8,108.5,,
2026-06-12T16:26:34.635,1781274394,nicole,REACQUIRING,0.0,SEARCH,SCAN,SCAN,104.8,106.7,,
2026-06-12T16:26:34.753,1781274394,nicole,REACQUIRING,0.0,SEARCH,SCAN,SCAN,106.8,104.9,,
2026-06-12T16:26:34.843,1781274394,nicole,REACQUIRING,0.0,SEARCH,SCAN,SCAN,103.8,103.1,,
2026-06-12T16:26:34.946,1781274394,nicole,REACQUIRING,0.0,SEARCH,SCAN,SCAN,100.8,101.3,,
2026-06-12T16:26:35.042,1781274395,nicole,REACQUIRING,0.0,SEARCH,SCAN,SCAN,97.8,99.5,,
2026-06-12T16:26:35.146,1781274395,nicole,REACQUIRING,0.0,SEARCH,SCAN,SCAN,94.8,97.7,,
2026-06-12T16:26:35.246,1781274395,nicole,REACQUIRING,0.0,SEARCH,SCAN,SCAN,91.8,95.9,,
2026-06-12T16:26:35.343,1781274395,nicole,REACQUIRING,0.0,SEARCH,SCAN,SCAN,88.8,94.1,,
2026-06-12T16:26:35.452,1781274395,nicole,REACQUIRING,0.0,SEARCH,SCAN,SCAN,85.8,92.3,,
2026-06-12T16:26:35.542,1781274395,nicole,REACQUIRING,0.0,SEARCH,SCAN,SCAN,82.8,90.5,,
2026-06-12T16:26:35.643,1781274395,nicole,REACQUIRING,0.0,SEARCH,SCAN,SCAN,79.8,88.7,,
2026-06-12T16:26:35.742,1781274395,nicole,REACQUIRING,0.0,SEARCH,SCAN,SCAN,76.8,86.9,,
2026-06-12T16:26:35.852,1781274395,nicole,REACQUIRING,0.0,SEARCH,SCAN,SCAN,73.8,86.5,,
2026-06-12T16:26:35.951,1781274395,nicole,REACQUIRING,0.0,SEARCH,SCAN,SCAN,70.8,88.3,,
2026-06-12T16:26:36.047,1781274396,nicole,REACQUIRING,0.0,SEARCH,SCAN,SCAN,67.8,90.1,,
2026-06-12T16:26:36.156,1781274396,nicole,REACQUIRING,0.0,SEARCH,SCAN,SCAN,64.8,91.9,,
2026-06-12T16:26:36.251,1781274396,nicole,REACQUIRING,0.0,SEARCH,SCAN,SCAN,61.8,93.7,,
2026-06-12T16:26:36.348,1781274396,nicole,REACQUIRING,0.0,SEARCH,SCAN,SCAN,58.8,95.5,,
2026-06-12T16:26:36.452,1781274396,nicole,REACQUIRING,0.0,SEARCH,SCAN,SCAN,55.8,97.3,,
2026-06-12T16:26:36.558,1781274396,nicole,REACQUIRING,0.0,SEARCH,SCAN,SCAN,52.8,99.1,,
2026-06-12T16:26:36.656,1781274396,nicole,REACQUIRING,0.0,SEARCH,SCAN,SCAN,49.8,100.9,,
2026-06-12T16:26:36.742,1781274396,nicole,REACQUIRING,0.0,SEARCH,SCAN,SCAN,46.8,102.7,,
2026-06-12T16:26:36.865,1781274396,nicole,REACQUIRING,0.0,SEARCH,SCAN,SCAN,43.8,104.5,,
2026-06-12T16:26:36.960,1781274396,nicole,REACQUIRING,0.0,SEARCH,SCAN,SCAN,40.8,106.3,,
2026-06-12T16:26:37.056,1781274397,nicole,REACQUIRING,0.0,SEARCH,SCAN,SCAN,37.8,108.1,,
2026-06-12T16:26:37.149,1781274397,nicole,REACQUIRING,0.0,SEARCH,SCAN,SCAN,34.8,109.9,,
2026-06-12T16:26:37.266,1781274397,nicole,REACQUIRING,0.0,SEARCH,SCAN,SCAN,31.8,111.7,,
2026-06-12T16:26:37.356,1781274397,nicole,REACQUIRING,0.0,SEARCH,SCAN,SCAN,28.8,113.5,,
2026-06-12T16:26:37.456,1781274397,nicole,REACQUIRING,0.0,SEARCH,SCAN,SCAN,26.8,115.3,,
2026-06-12T16:26:37.568,1781274397,nicole,REACQUIRING,0.0,SEARCH,SCAN,SCAN,29.8,117.1,,
2026-06-12T16:26:37.661,1781274397,nicole,REACQUIRING,0.0,SEARCH,SCAN,SCAN,32.8,118.9,,
2026-06-12T16:26:37.755,1781274397,nicole,REACQUIRING,0.0,SEARCH,SCAN,SCAN,35.8,120.7,,
2026-06-12T16:26:37.872,1781274397,nicole,REACQUIRING,0.0,SEARCH,SCAN,SCAN,38.8,122.5,,
2026-06-12T16:26:37.968,1781274397,nicole,REACQUIRING,0.0,SEARCH,SCAN,SCAN,41.8,124.3,,
2026-06-12T16:26:38.054,1781274398,nicole,REACQUIRING,0.0,SEARCH,SCAN,SCAN,44.8,126.1,,
2026-06-12T16:26:38.158,1781274398,nicole,REACQUIRING,0.0,SEARCH,SCAN,SCAN,47.8,126.5,,
2026-06-12T16:26:38.270,1781274398,nicole,REACQUIRING,0.0,SEARCH,SCAN,SCAN,50.8,124.7,,
2026-06-12T16:26:38.367,1781274398,nicole,REACQUIRING,0.0,SEARCH,SCAN,SCAN,53.8,122.9,,
2026-06-12T16:26:38.464,1781274398,nicole,REACQUIRING,0.0,SEARCH,SCAN,SCAN,56.8,121.1,,
2026-06-12T16:26:38.569,1781274398,nicole,REACQUIRING,0.0,SEARCH,SCAN,SCAN,59.8,119.3,,
2026-06-12T16:26:38.668,1781274398,nicole,REACQUIRING,0.0,SEARCH,SCAN,SCAN,62.8,117.5,,
2026-06-12T16:26:38.768,1781274398,nicole,REACQUIRING,0.0,SEARCH,SCAN,SCAN,65.8,115.7,,
2026-06-12T16:26:38.854,1781274398,nicole,REACQUIRING,0.0,SEARCH,SCAN,SCAN,68.8,113.9,,
2026-06-12T16:26:38.972,1781274398,nicole,REACQUIRING,0.0,SEARCH,SCAN,SCAN,71.8,112.1,,
2026-06-12T16:26:39.075,1781274399,nicole,REACQUIRING,0.0,SEARCH,SCAN,SCAN,74.8,110.3,,
2026-06-12T16:26:39.165,1781274399,nicole,REACQUIRING,0.0,SEARCH,SCAN,SCAN,77.8,108.5,,
2026-06-12T16:26:39.275,1781274399,nicole,REACQUIRING,0.0,SEARCH,SCAN,SCAN,80.8,106.7,,
2026-06-12T16:26:39.375,1781274399,nicole,REACQUIRING,0.0,SEARCH,SCAN,SCAN,83.8,104.9,,
2026-06-12T16:26:39.474,1781274399,nicole,REACQUIRING,0.0,SEARCH,SCAN,SCAN,86.8,103.1,,
2026-06-12T16:26:39.559,1781274399,nicole,REACQUIRING,0.0,SEARCH,SCAN,SCAN,89.8,101.3,,
2026-06-12T16:26:39.679,1781274399,nicole,REACQUIRING,0.0,SEARCH,SCAN,SCAN,92.8,99.5,,
2026-06-12T16:26:39.775,1781274399,nicole,REACQUIRING,0.0,SEARCH,SCAN,SCAN,95.8,97.7,,
2026-06-12T16:26:39.870,1781274399,nicole,REACQUIRING,0.0,SEARCH,SCAN,SCAN,98.8,95.9,,
2026-06-12T16:26:39.985,1781274399,nicole,REACQUIRING,0.0,SEARCH,SCAN,SCAN,101.8,94.1,,
2026-06-12T16:26:40.071,1781274400,nicole,REACQUIRING,0.0,SEARCH,SCAN,SCAN,104.8,92.3,,
2026-06-12T16:26:40.172,1781274400,nicole,REACQUIRING,0.0,SEARCH,SCAN,SCAN,106.8,90.5,,
2026-06-12T16:26:40.269,1781274400,nicole,REACQUIRING,0.0,SEARCH,SCAN,SCAN,103.8,88.7,,
2026-06-12T16:26:40.380,1781274400,nicole,REACQUIRING,0.0,SEARCH,SCAN,SCAN,100.8,86.9,,
2026-06-12T16:26:40.480,1781274400,nicole,REACQUIRING,0.0,SEARCH,SCAN,SCAN,97.8,86.5,,
2026-06-12T16:26:40.576,1781274400,nicole,REACQUIRING,0.0,SEARCH,SCAN,SCAN,94.8,88.3,,
2026-06-12T16:26:40.688,1781274400,nicole,REACQUIRING,0.0,SEARCH,SCAN,SCAN,91.8,90.1,,
2026-06-12T16:26:40.781,1781274400,nicole,REACQUIRING,0.0,SEARCH,SCAN,SCAN,88.8,91.9,,
2026-06-12T16:26:40.875,1781274400,nicole,REACQUIRING,0.0,SEARCH,SCAN,SCAN,85.8,93.7,,
2026-06-12T16:26:40.976,1781274400,nicole,REACQUIRING,0.0,SEARCH,SCAN,SCAN,82.8,95.5,,
2026-06-12T16:26:41.087,1781274401,nicole,REACQUIRING,0.0,SEARCH,SCAN,SCAN,79.8,97.3,,
2026-06-12T16:26:41.184,1781274401,nicole,REACQUIRING,0.0,SEARCH,SCAN,SCAN,76.8,99.1,,
2026-06-12T16:26:41.281,1781274401,nicole,REACQUIRING,0.0,SEARCH,SCAN,SCAN,73.8,100.9,,
2026-06-12T16:26:41.387,1781274401,nicole,REACQUIRING,0.0,SEARCH,SCAN,SCAN,70.8,102.7,,
2026-06-12T16:26:41.486,1781274401,nicole,REACQUIRING,0.0,SEARCH,SCAN,SCAN,67.8,104.5,,
2026-06-12T16:26:41.584,1781274401,nicole,REACQUIRING,0.0,SEARCH,SCAN,SCAN,64.8,106.3,,
2026-06-12T16:26:41.691,1781274401,nicole,REACQUIRING,0.0,SEARCH,SCAN,SCAN,61.8,108.1,,
2026-06-12T16:26:41.789,1781274401,nicole,REACQUIRING,0.0,SEARCH,SCAN,SCAN,58.8,109.9,,
2026-06-12T16:26:41.886,1781274401,nicole,REACQUIRING,0.0,SEARCH,SCAN,SCAN,55.8,111.7,,
2026-06-12T16:26:41.985,1781274401,nicole,REACQUIRING,0.0,SEARCH,SCAN,SCAN,52.8,113.5,,
2026-06-12T16:26:42.095,1781274402,nicole,REACQUIRING,0.0,SEARCH,SCAN,SCAN,49.8,115.3,,
2026-06-12T16:26:42.186,1781274402,nicole,REACQUIRING,0.0,SEARCH,SCAN,SCAN,46.8,117.1,,
2026-06-12T16:26:42.288,1781274402,nicole,REACQUIRING,0.0,SEARCH,SCAN,SCAN,43.8,118.9,,
2026-06-12T16:26:42.394,1781274402,nicole,REACQUIRING,0.0,SEARCH,SCAN,SCAN,40.8,120.7,,
2026-06-12T16:26:42.491,1781274402,nicole,REACQUIRING,0.0,SEARCH,SCAN,SCAN,37.8,122.5,,
2026-06-12T16:26:42.595,1781274402,nicole,REACQUIRING,0.0,SEARCH,SCAN,SCAN,34.8,124.3,,
2026-06-12T16:26:42.685,1781274402,nicole,REACQUIRING,0.0,SEARCH,SCAN,SCAN,31.8,126.1,,
2026-06-12T16:26:42.800,1781274402,nicole,REACQUIRING,0.0,SEARCH,SCAN,SCAN,28.8,126.5,,
2026-06-12T16:26:42.898,1781274402,nicole,REACQUIRING,0.0,SEARCH,SCAN,SCAN,26.8,124.7,,
2026-06-12T16:26:42.993,1781274402,nicole,REACQUIRING,0.0,SEARCH,SCAN,SCAN,29.8,122.9,,
2026-06-12T16:26:43.103,1781274403,nicole,REACQUIRING,0.0,SEARCH,SCAN,SCAN,32.8,121.1,,
2026-06-12T16:26:43.200,1781274403,nicole,REACQUIRING,0.0,SEARCH,SCAN,SCAN,35.8,119.3,,
2026-06-12T16:26:43.291,1781274403,nicole,REACQUIRING,0.0,SEARCH,SCAN,SCAN,38.8,117.5,,
2026-06-12T16:26:43.388,1781274403,nicole,REACQUIRING,0.0,SEARCH,SCAN,SCAN,41.8,115.7,,
2026-06-12T16:26:43.503,1781274403,nicole,REACQUIRING,0.0,SEARCH,SCAN,SCAN,44.8,113.9,,
2026-06-12T16:26:43.598,1781274403,nicole,REACQUIRING,0.0,SEARCH,SCAN,SCAN,47.8,112.1,,
2026-06-12T16:26:43.687,1781274403,nicole,REACQUIRING,0.0,SEARCH,SCAN,SCAN,50.8,110.3,,
2026-06-12T16:26:43.805,1781274403,nicole,REACQUIRING,0.0,SEARCH,SCAN,SCAN,53.8,108.5,,
2026-06-12T16:26:43.904,1781274403,nicole,REACQUIRING,0.0,SEARCH,SCAN,SCAN,56.8,106.7,,
2026-06-12T16:26:44.074,1781274404,nicole,REACQUIRING,0.0,SEARCH,SCAN,SCAN,59.8,104.9,,
2026-06-12T16:26:44.162,1781274404,nicole,REACQUIRING,0.0,SEARCH,SCAN,SCAN,62.8,103.1,,
2026-06-12T16:26:44.277,1781274404,nicole,REACQUIRING,0.0,SEARCH,SCAN,SCAN,65.8,101.3,,
2026-06-12T16:26:44.377,1781274404,nicole,REACQUIRING,0.0,SEARCH,SCAN,SCAN,68.8,99.5,,
2026-06-12T16:26:44.437,1781274404,nicole,TRACKING,0.5968,MOVE_RIGHT,RIGHT,CENTERED,64.1,96.6,901,360
2026-06-12T16:26:44.588,1781274404,nicole,TRACKING,0.6602,MOVE_RIGHT,RIGHT,CENTERED,61.7,94.7,881,360
2026-06-12T16:26:44.669,1781274404,nicole,TRACKING,0.5943,MOVE_RIGHT,RIGHT,CENTERED,60.7,93.3,865,360
2026-06-12T16:26:44.778,1781274404,nicole,TRACKING,0.5913,MOVE_RIGHT,RIGHT,CENTERED,60.1,92.9,863,368
2026-06-12T16:26:44.875,1781274404,nicole,TRACKING,0.6112,MOVE_RIGHT,RIGHT,CENTERED,59.6,92.5,865,366
2026-06-12T16:26:44.984,1781274404,nicole,TRACKING,0.6153,MOVE_RIGHT,RIGHT,CENTERED,59.2,92.2,865,366
2026-06-12T16:26:45.079,1781274405,nicole,TRACKING,0.624,MOVE_RIGHT,RIGHT,CENTERED,58.8,92.0,868,367
2026-06-12T16:26:45.185,1781274405,nicole,TRACKING,0.6167,MOVE_RIGHT,RIGHT,CENTERED,58.2,91.9,877,366
2026-06-12T16:26:45.287,1781274405,nicole,TRACKING,0.6197,MOVE_RIGHT,RIGHT,CENTERED,57.4,91.6,884,364
2026-06-12T16:26:45.398,1781274405,nicole,TRACKING,0.6481,MOVE_RIGHT,RIGHT,CENTERED,56.8,91.1,886,360
2026-06-12T16:26:45.487,1781274405,nicole,TRACKING,0.634,MOVE_RIGHT,RIGHT,CENTERED,56.4,90.9,886,361
2026-06-12T16:26:45.594,1781274405,nicole,TRACKING,0.639,MOVE_RIGHT,RIGHT,CENTERED,56.1,90.8,886,363
2026-06-12T16:26:45.687,1781274405,nicole,TRACKING,0.6333,MOVE_RIGHT,RIGHT,CENTERED,55.9,91.0,885,365
2026-06-12T16:26:45.787,1781274405,nicole,TRACKING,0.6284,MOVE_RIGHT,RIGHT,CENTERED,55.6,91.0,889,365
2026-06-12T16:26:45.878,1781274405,nicole,TRACKING,0.639,MOVE_RIGHT,RIGHT,CENTERED,55.5,91.0,887,364
2026-06-12T16:26:45.987,1781274405,nicole,TRACKING,0.6518,MOVE_RIGHT,RIGHT,CENTERED,55.4,90.9,889,363
2026-06-12T16:26:46.089,1781274406,nicole,TRACKING,0.641,MOVE_RIGHT,RIGHT,CENTERED,55.1,91.0,892,364
2026-06-12T16:26:46.184,1781274406,nicole,TRACKING,0.6142,MOVE_RIGHT,RIGHT,CENTERED,55.0,91.0,890,364
2026-06-12T16:26:46.300,1781274406,nicole,TRACKING,0.6401,MOVE_RIGHT,RIGHT,CENTERED,54.9,91.2,892,367
2026-06-12T16:26:46.397,1781274406,nicole,TRACKING,0.6742,MOVE_RIGHT,RIGHT,CENTERED,54.8,91.4,892,368
2026-06-12T16:26:46.493,1781274406,nicole,TRACKING,0.6384,MOVE_RIGHT,RIGHT,CENTERED,54.9,91.4,888,365
2026-06-12T16:26:46.568,1781274406,nicole,TRACKING,0.6091,MOVE_RIGHT,RIGHT,CENTERED,55.0,91.5,887,367
2026-06-12T16:26:46.698,1781274406,nicole,TRACKING,0.6449,MOVE_RIGHT,RIGHT,CENTERED,55.1,91.3,886,364
2026-06-12T16:26:46.792,1781274406,nicole,TRACKING,0.6623,MOVE_RIGHT,RIGHT,CENTERED,55.4,91.5,882,368
2026-06-12T16:26:46.890,1781274406,nicole,TRACKING,0.6277,MOVE_RIGHT,RIGHT,CENTERED,56.0,91.3,871,363
2026-06-12T16:26:46.995,1781274406,nicole,TRACKING,0.5975,MOVE_RIGHT,RIGHT,CENTERED,57.1,91.7,855,370
2026-06-12T16:26:47.105,1781274407,nicole,TRACKING,0.5788,MOVE_RIGHT,RIGHT,CENTERED,59.7,91.8,814,369
2026-06-12T16:26:47.903,1781274407,nicole,REACQUIRING,0.0,SEARCH,SCAN,SCAN,68.5,90.4,,
2026-06-12T16:26:47.985,1781274407,nicole,REACQUIRING,0.0,SEARCH,SCAN,SCAN,71.5,88.6,,
2026-06-12T16:26:48.027,1781274408,nicole,REACQUIRING,0.0,SEARCH,SCAN,SCAN,74.5,86.8,,
2026-06-12T16:26:48.129,1781274408,nicole,REACQUIRING,0.0,SEARCH,SCAN,SCAN,77.5,85.0,,
2026-06-12T16:26:48.226,1781274408,nicole,REACQUIRING,0.0,SEARCH,SCAN,SCAN,80.5,83.2,,
2026-06-12T16:26:48.331,1781274408,nicole,REACQUIRING,0.0,SEARCH,SCAN,SCAN,83.5,81.4,,
2026-06-12T16:26:48.428,1781274408,nicole,REACQUIRING,0.0,SEARCH,SCAN,SCAN,86.5,79.6,,
2026-06-12T16:26:48.523,1781274408,nicole,REACQUIRING,0.0,SEARCH,SCAN,SCAN,89.5,77.8,,
2026-06-12T16:26:48.633,1781274408,nicole,REACQUIRING,0.0,SEARCH,SCAN,SCAN,92.5,76.0,,
2026-06-12T16:26:48.741,1781274408,nicole,REACQUIRING,0.0,SEARCH,SCAN,SCAN,95.5,74.2,,
2026-06-12T16:26:48.839,1781274408,nicole,REACQUIRING,0.0,SEARCH,SCAN,SCAN,98.5,72.4,,
2026-06-12T16:26:48.924,1781274408,nicole,REACQUIRING,0.0,SEARCH,SCAN,SCAN,101.5,72.2,,
2026-06-12T16:26:49.036,1781274409,nicole,REACQUIRING,0.0,SEARCH,SCAN,SCAN,104.5,74.0,,
2026-06-12T16:26:49.137,1781274409,nicole,REACQUIRING,0.0,SEARCH,SCAN,SCAN,105.5,75.8,,
2026-06-12T16:26:49.231,1781274409,nicole,REACQUIRING,0.0,SEARCH,SCAN,SCAN,102.5,77.6,,
2026-06-12T16:26:49.345,1781274409,nicole,REACQUIRING,0.0,SEARCH,SCAN,SCAN,99.5,79.4,,
2026-06-12T16:26:49.441,1781274409,nicole,REACQUIRING,0.0,SEARCH,SCAN,SCAN,96.5,81.2,,
2026-06-12T16:26:49.536,1781274409,nicole,REACQUIRING,0.0,SEARCH,SCAN,SCAN,93.5,83.0,,
2026-06-12T16:26:49.629,1781274409,nicole,REACQUIRING,0.0,SEARCH,SCAN,SCAN,90.5,84.8,,
2026-06-12T16:26:49.740,1781274409,nicole,REACQUIRING,0.0,SEARCH,SCAN,SCAN,87.5,86.6,,
2026-06-12T16:26:49.840,1781274409,nicole,REACQUIRING,0.0,SEARCH,SCAN,SCAN,84.5,88.4,,
2026-06-12T16:26:49.934,1781274409,nicole,REACQUIRING,0.0,SEARCH,SCAN,SCAN,81.5,90.2,,
2026-06-12T16:26:50.050,1781274410,nicole,REACQUIRING,0.0,SEARCH,SCAN,SCAN,78.5,92.0,,
2026-06-12T16:26:50.141,1781274410,nicole,REACQUIRING,0.0,SEARCH,SCAN,SCAN,75.5,93.8,,
2026-06-12T16:26:50.237,1781274410,nicole,REACQUIRING,0.0,SEARCH,SCAN,SCAN,72.5,95.6,,
2026-06-12T16:26:50.335,1781274410,nicole,REACQUIRING,0.0,SEARCH,SCAN,SCAN,69.5,97.4,,
2026-06-12T16:26:50.447,1781274410,nicole,REACQUIRING,0.0,SEARCH,SCAN,SCAN,66.5,99.2,,
2026-06-12T16:26:50.543,1781274410,nicole,REACQUIRING,0.0,SEARCH,SCAN,SCAN,63.5,101.0,,
2026-06-12T16:26:50.635,1781274410,nicole,REACQUIRING,0.0,SEARCH,SCAN,SCAN,60.5,102.8,,
2026-06-12T16:26:50.751,1781274410,nicole,REACQUIRING,0.0,SEARCH,SCAN,SCAN,57.5,104.6,,
2026-06-12T16:26:50.847,1781274410,nicole,REACQUIRING,0.0,SEARCH,SCAN,SCAN,54.5,106.4,,
2026-06-12T16:26:50.939,1781274410,nicole,REACQUIRING,0.0,SEARCH,SCAN,SCAN,51.5,108.2,,
2026-06-12T16:26:51.038,1781274411,nicole,REACQUIRING,0.0,SEARCH,SCAN,SCAN,48.5,110.0,,
2026-06-12T16:26:51.150,1781274411,nicole,REACQUIRING,0.0,SEARCH,SCAN,SCAN,45.5,111.8,,
2026-06-12T16:26:51.243,1781274411,nicole,REACQUIRING,0.0,SEARCH,SCAN,SCAN,42.5,112.2,,
2026-06-12T16:26:51.345,1781274411,nicole,REACQUIRING,0.0,SEARCH,SCAN,SCAN,39.5,110.4,,
2026-06-12T16:26:51.454,1781274411,nicole,REACQUIRING,0.0,SEARCH,SCAN,SCAN,36.5,108.6,,
2026-06-12T16:26:51.555,1781274411,nicole,REACQUIRING,0.0,SEARCH,SCAN,SCAN,33.5,106.8,,
2026-06-12T16:26:51.644,1781274411,nicole,REACQUIRING,0.0,SEARCH,SCAN,SCAN,30.5,105.0,,
2026-06-12T16:26:51.744,1781274411,nicole,REACQUIRING,0.0,SEARCH,SCAN,SCAN,27.5,103.2,,
2026-06-12T16:26:51.853,1781274411,nicole,REACQUIRING,0.0,SEARCH,SCAN,SCAN,25.5,101.4,,
2026-06-12T16:26:51.954,1781274411,nicole,REACQUIRING,0.0,SEARCH,SCAN,SCAN,28.5,99.6,,
2026-06-12T16:26:52.049,1781274412,nicole,REACQUIRING,0.0,SEARCH,SCAN,SCAN,31.5,97.8,,
2026-06-12T16:26:52.158,1781274412,nicole,REACQUIRING,0.0,SEARCH,SCAN,SCAN,34.5,96.0,,
2026-06-12T16:26:52.251,1781274412,nicole,REACQUIRING,0.0,SEARCH,SCAN,SCAN,37.5,94.2,,
2026-06-12T16:26:52.349,1781274412,nicole,REACQUIRING,0.0,SEARCH,SCAN,SCAN,40.5,92.4,,
2026-06-12T16:26:52.443,1781274412,nicole,REACQUIRING,0.0,SEARCH,SCAN,SCAN,43.5,90.6,,
2026-06-12T16:26:52.558,1781274412,nicole,REACQUIRING,0.0,SEARCH,SCAN,SCAN,46.5,88.8,,
2026-06-12T16:26:52.647,1781274412,nicole,REACQUIRING,0.0,SEARCH,SCAN,SCAN,49.5,87.0,,
2026-06-12T16:26:52.747,1781274412,nicole,REACQUIRING,0.0,SEARCH,SCAN,SCAN,52.5,85.2,,
2026-06-12T16:26:52.865,1781274412,nicole,REACQUIRING,0.0,SEARCH,SCAN,SCAN,55.5,83.4,,
2026-06-12T16:26:52.960,1781274412,nicole,REACQUIRING,0.0,SEARCH,SCAN,SCAN,58.5,81.6,,
2026-06-12T16:26:53.055,1781274413,nicole,REACQUIRING,0.0,SEARCH,SCAN,SCAN,61.5,79.8,,
2026-06-12T16:26:53.169,1781274413,nicole,REACQUIRING,0.0,SEARCH,SCAN,SCAN,64.5,78.0,,
2026-06-12T16:26:53.259,1781274413,nicole,REACQUIRING,0.0,SEARCH,SCAN,SCAN,67.5,76.2,,
2026-06-12T16:26:53.357,1781274413,nicole,REACQUIRING,0.0,SEARCH,SCAN,SCAN,70.5,74.4,,
2026-06-12T16:26:53.451,1781274413,nicole,REACQUIRING,0.0,SEARCH,SCAN,SCAN,73.5,72.6,,
2026-06-12T16:26:53.567,1781274413,nicole,REACQUIRING,0.0,SEARCH,SCAN,SCAN,76.5,72.2,,
2026-06-12T16:26:53.662,1781274413,nicole,REACQUIRING,0.0,SEARCH,SCAN,SCAN,79.5,74.0,,
2026-06-12T16:26:53.759,1781274413,nicole,REACQUIRING,0.0,SEARCH,SCAN,SCAN,82.5,75.8,,
2026-06-12T16:26:53.867,1781274413,nicole,REACQUIRING,0.0,SEARCH,SCAN,SCAN,85.5,77.6,,
2026-06-12T16:26:53.967,1781274413,nicole,REACQUIRING,0.0,SEARCH,SCAN,SCAN,88.5,79.4,,
2026-06-12T16:26:54.062,1781274414,nicole,REACQUIRING,0.0,SEARCH,SCAN,SCAN,91.5,81.2,,
2026-06-12T16:26:54.150,1781274414,nicole,REACQUIRING,0.0,SEARCH,SCAN,SCAN,94.5,83.0,,
2026-06-12T16:26:54.266,1781274414,nicole,REACQUIRING,0.0,SEARCH,SCAN,SCAN,97.5,84.8,,
2026-06-12T16:26:54.365,1781274414,nicole,REACQUIRING,0.0,SEARCH,SCAN,SCAN,100.5,86.6,,
2026-06-12T16:26:54.457,1781274414,nicole,REACQUIRING,0.0,SEARCH,SCAN,SCAN,103.5,88.4,,
2026-06-12T16:26:54.570,1781274414,nicole,REACQUIRING,0.0,SEARCH,SCAN,SCAN,105.5,90.2,,
2026-06-12T16:26:54.663,1781274414,nicole,REACQUIRING,0.0,SEARCH,SCAN,SCAN,102.5,92.0,,
2026-06-12T16:26:54.771,1781274414,nicole,REACQUIRING,0.0,SEARCH,SCAN,SCAN,99.5,93.8,,
2026-06-12T16:26:54.861,1781274414,nicole,REACQUIRING,0.0,SEARCH,SCAN,SCAN,96.5,95.6,,
2026-06-12T16:26:54.977,1781274414,nicole,REACQUIRING,0.0,SEARCH,SCAN,SCAN,93.5,97.4,,
2026-06-12T16:26:55.073,1781274415,nicole,REACQUIRING,0.0,SEARCH,SCAN,SCAN,90.5,99.2,,
2026-06-12T16:26:55.165,1781274415,nicole,REACQUIRING,0.0,SEARCH,SCAN,SCAN,87.5,101.0,,
2026-06-12T16:26:55.354,1781274415,nicole,REACQUIRING,0.0,SEARCH,SCAN,SCAN,84.5,102.8,,
2026-06-12T16:26:55.448,1781274415,nicole,REACQUIRING,0.0,SEARCH,SCAN,SCAN,81.5,104.6,,
2026-06-12T16:26:55.546,1781274415,nicole,REACQUIRING,0.0,SEARCH,SCAN,SCAN,78.5,106.4,,
2026-06-12T16:26:55.636,1781274415,nicole,REACQUIRING,0.0,SEARCH,SCAN,SCAN,75.5,108.2,,
2026-06-12T16:26:55.741,1781274415,nicole,REACQUIRING,0.0,SEARCH,SCAN,SCAN,72.5,110.0,,
2026-06-12T16:26:55.844,1781274415,nicole,REACQUIRING,0.0,SEARCH,SCAN,SCAN,69.5,111.8,,
2026-06-12T16:26:55.953,1781274415,nicole,REACQUIRING,0.0,SEARCH,SCAN,SCAN,66.5,112.2,,
2026-06-12T16:26:56.060,1781274416,nicole,REACQUIRING,0.0,SEARCH,SCAN,SCAN,63.5,110.4,,
2026-06-12T16:26:56.146,1781274416,nicole,REACQUIRING,0.0,SEARCH,SCAN,SCAN,60.5,108.6,,
2026-06-12T16:26:56.215,1781274416,nicole,REACQUIRING,0.0,SEARCH,SCAN,SCAN,57.5,106.8,,
2026-06-12T16:26:56.338,1781274416,nicole,REACQUIRING,0.0,SEARCH,SCAN,SCAN,54.5,105.0,,
2026-06-12T16:26:56.443,1781274416,nicole,REACQUIRING,0.0,SEARCH,SCAN,SCAN,51.5,103.2,,
2026-06-12T16:26:56.522,1781274416,nicole,REACQUIRING,0.0,SEARCH,SCAN,SCAN,48.5,101.4,,
2026-06-12T16:26:56.614,1781274416,nicole,REACQUIRING,0.0,SEARCH,SCAN,SCAN,45.5,99.6,,
2026-06-12T16:26:56.727,1781274416,nicole,REACQUIRING,0.0,SEARCH,SCAN,SCAN,42.5,97.8,,
2026-06-12T16:26:56.822,1781274416,nicole,REACQUIRING,0.0,SEARCH,SCAN,SCAN,39.5,96.0,,
2026-06-12T16:26:56.917,1781274416,nicole,REACQUIRING,0.0,SEARCH,SCAN,SCAN,36.5,94.2,,
2026-06-12T16:26:57.028,1781274417,nicole,REACQUIRING,0.0,SEARCH,SCAN,SCAN,33.5,92.4,,
2026-06-12T16:26:57.084,1781274417,nicole,REACQUIRING,0.0,SEARCH,SCAN,SCAN,30.5,90.6,,
2026-06-12T16:26:57.179,1781274417,nicole,REACQUIRING,0.0,SEARCH,SCAN,SCAN,27.5,88.8,,
2026-06-12T16:26:57.323,1781274417,nicole,REACQUIRING,0.0,SEARCH,SCAN,SCAN,25.5,87.0,,
2026-06-12T16:26:57.427,1781274417,nicole,REACQUIRING,0.0,SEARCH,SCAN,SCAN,28.5,85.2,,
2026-06-12T16:26:57.533,1781274417,nicole,REACQUIRING,0.0,SEARCH,SCAN,SCAN,31.5,83.4,,
2026-06-12T16:26:57.624,1781274417,nicole,REACQUIRING,0.0,SEARCH,SCAN,SCAN,34.5,81.6,,
2026-06-12T16:26:57.762,1781274417,nicole,REACQUIRING,0.0,SEARCH,SCAN,SCAN,37.5,79.8,,
2026-06-12T16:26:57.828,1781274417,nicole,REACQUIRING,0.0,SEARCH,SCAN,SCAN,40.5,78.0,,
2026-06-12T16:26:57.924,1781274417,nicole,REACQUIRING,0.0,SEARCH,SCAN,SCAN,43.5,76.2,,
2026-06-12T16:26:58.024,1781274418,nicole,REACQUIRING,0.0,SEARCH,SCAN,SCAN,46.5,74.4,,
2026-06-12T16:26:58.167,1781274418,nicole,REACQUIRING,0.0,SEARCH,SCAN,SCAN,49.5,72.6,,
2026-06-12T16:26:58.256,1781274418,nicole,REACQUIRING,0.0,SEARCH,SCAN,SCAN,52.5,72.2,,
2026-06-12T16:26:58.345,1781274418,nicole,REACQUIRING,0.0,SEARCH,SCAN,SCAN,55.5,74.0,,
2026-06-12T16:26:58.466,1781274418,nicole,REACQUIRING,0.0,SEARCH,SCAN,SCAN,58.5,75.8,,
2026-06-12T16:26:58.533,1781274418,nicole,REACQUIRING,0.0,SEARCH,SCAN,SCAN,61.5,77.6,,
2026-06-12T16:26:58.661,1781274418,nicole,REACQUIRING,0.0,SEARCH,SCAN,SCAN,64.5,79.4,,
2026-06-12T16:26:58.750,1781274418,nicole,REACQUIRING,0.0,SEARCH,SCAN,SCAN,67.5,81.2,,
2026-06-12T16:26:58.874,1781274418,nicole,REACQUIRING,0.0,SEARCH,SCAN,SCAN,70.5,83.0,,
2026-06-12T16:26:58.962,1781274418,nicole,REACQUIRING,0.0,SEARCH,SCAN,SCAN,73.5,84.8,,
2026-06-12T16:26:59.065,1781274419,nicole,REACQUIRING,0.0,SEARCH,SCAN,SCAN,76.5,86.6,,
2026-06-12T16:26:59.170,1781274419,nicole,REACQUIRING,0.0,SEARCH,SCAN,SCAN,79.5,88.4,,
2026-06-12T16:26:59.243,1781274419,nicole,REACQUIRING,0.0,SEARCH,SCAN,SCAN,82.5,90.2,,
2026-06-12T16:26:59.362,1781274419,nicole,REACQUIRING,0.0,SEARCH,SCAN,SCAN,85.5,92.0,,
2026-06-12T16:26:59.476,1781274419,nicole,REACQUIRING,0.0,SEARCH,SCAN,SCAN,88.5,93.8,,
2026-06-12T16:26:59.579,1781274419,nicole,REACQUIRING,0.0,SEARCH,SCAN,SCAN,91.5,95.6,,
2026-06-12T16:26:59.683,1781274419,nicole,REACQUIRING,0.0,SEARCH,SCAN,SCAN,94.5,97.4,,
2026-06-12T16:26:59.776,1781274419,nicole,REACQUIRING,0.0,SEARCH,SCAN,SCAN,97.5,99.2,,
2026-06-12T16:26:59.887,1781274419,nicole,REACQUIRING,0.0,SEARCH,SCAN,SCAN,100.5,101.0,,
2026-06-12T16:26:59.975,1781274419,nicole,REACQUIRING,0.0,SEARCH,SCAN,SCAN,103.5,102.8,,
2026-06-12T16:27:00.060,1781274420,nicole,REACQUIRING,0.0,SEARCH,SCAN,SCAN,105.5,104.6,,
2026-06-12T16:27:00.153,1781274420,nicole,REACQUIRING,0.0,SEARCH,SCAN,SCAN,102.5,106.4,,
2026-06-12T16:27:00.277,1781274420,nicole,REACQUIRING,0.0,SEARCH,SCAN,SCAN,99.5,108.2,,
2026-06-12T16:27:00.369,1781274420,nicole,REACQUIRING,0.0,SEARCH,SCAN,SCAN,96.5,110.0,,
2026-06-12T16:27:00.473,1781274420,nicole,REACQUIRING,0.0,SEARCH,SCAN,SCAN,93.5,111.8,,
2026-06-12T16:27:00.563,1781274420,nicole,REACQUIRING,0.0,SEARCH,SCAN,SCAN,90.5,112.2,,
2026-06-12T16:27:00.668,1781274420,nicole,REACQUIRING,0.0,SEARCH,SCAN,SCAN,87.5,110.4,,
2026-06-12T16:27:00.749,1781274420,nicole,REACQUIRING,0.0,SEARCH,SCAN,SCAN,84.5,108.6,,
2026-06-12T16:27:00.864,1781274420,nicole,REACQUIRING,0.0,SEARCH,SCAN,SCAN,81.5,106.8,,
2026-06-12T16:27:00.978,1781274420,nicole,REACQUIRING,0.0,SEARCH,SCAN,SCAN,78.5,105.0,,
2026-06-12T16:27:01.093,1781274421,nicole,REACQUIRING,0.0,SEARCH,SCAN,SCAN,75.5,103.2,,
2026-06-12T16:27:01.165,1781274421,nicole,REACQUIRING,0.0,SEARCH,SCAN,SCAN,72.5,101.4,,
2026-06-12T16:27:01.260,1781274421,nicole,REACQUIRING,0.0,SEARCH,SCAN,SCAN,69.5,99.6,,
2026-06-12T16:27:01.359,1781274421,nicole,REACQUIRING,0.0,SEARCH,SCAN,SCAN,66.5,97.8,,
2026-06-12T16:27:01.469,1781274421,nicole,REACQUIRING,0.0,SEARCH,SCAN,SCAN,63.5,96.0,,
2026-06-12T16:27:01.557,1781274421,nicole,REACQUIRING,0.0,SEARCH,SCAN,SCAN,60.5,94.2,,
2026-06-12T16:27:01.654,1781274421,nicole,REACQUIRING,0.0,SEARCH,SCAN,SCAN,57.5,92.4,,
2026-06-12T16:27:01.744,1781274421,nicole,REACQUIRING,0.0,SEARCH,SCAN,SCAN,54.5,90.6,,
2026-06-12T16:27:01.843,1781274421,nicole,REACQUIRING,0.0,SEARCH,SCAN,SCAN,51.5,88.8,,
2026-06-12T16:27:01.959,1781274421,nicole,REACQUIRING,0.0,SEARCH,SCAN,SCAN,48.5,87.0,,
2026-06-12T16:27:02.050,1781274422,nicole,REACQUIRING,0.0,SEARCH,SCAN,SCAN,45.5,85.2,,
2026-06-12T16:27:02.150,1781274422,nicole,REACQUIRING,0.0,SEARCH,SCAN,SCAN,42.5,83.4,,
2026-06-12T16:27:02.259,1781274422,nicole,REACQUIRING,0.0,SEARCH,SCAN,SCAN,39.5,81.6,,
2026-06-12T16:27:02.357,1781274422,nicole,REACQUIRING,0.0,SEARCH,SCAN,SCAN,36.5,79.8,,
2026-06-12T16:27:02.452,1781274422,nicole,REACQUIRING,0.0,SEARCH,SCAN,SCAN,33.5,78.0,,
2026-06-12T16:27:02.561,1781274422,nicole,REACQUIRING,0.0,SEARCH,SCAN,SCAN,30.5,76.2,,
2026-06-12T16:27:02.660,1781274422,nicole,REACQUIRING,0.0,SEARCH,SCAN,SCAN,27.5,74.4,,
2026-06-12T16:27:02.764,1781274422,nicole,REACQUIRING,0.0,SEARCH,SCAN,SCAN,25.5,72.6,,
2026-06-12T16:27:02.854,1781274422,nicole,REACQUIRING,0.0,SEARCH,SCAN,SCAN,28.5,72.2,,
2026-06-12T16:27:02.987,1781274422,nicole,REACQUIRING,0.0,SEARCH,SCAN,SCAN,31.5,74.0,,
2026-06-12T16:27:03.060,1781274423,nicole,REACQUIRING,0.0,SEARCH,SCAN,SCAN,34.5,75.8,,
2026-06-12T16:27:03.159,1781274423,nicole,REACQUIRING,0.0,SEARCH,SCAN,SCAN,37.5,77.6,,
2026-06-12T16:27:03.252,1781274423,nicole,REACQUIRING,0.0,SEARCH,SCAN,SCAN,40.5,79.4,,
2026-06-12T16:27:03.378,1781274423,nicole,REACQUIRING,0.0,SEARCH,SCAN,SCAN,43.5,81.2,,
2026-06-12T16:27:03.463,1781274423,nicole,REACQUIRING,0.0,SEARCH,SCAN,SCAN,46.5,83.0,,
2026-06-12T16:27:03.572,1781274423,nicole,REACQUIRING,0.0,SEARCH,SCAN,SCAN,49.5,84.8,,
2026-06-12T16:27:03.669,1781274423,nicole,REACQUIRING,0.0,SEARCH,SCAN,SCAN,52.5,86.6,,
2026-06-12T16:27:03.794,1781274423,nicole,REACQUIRING,0.0,SEARCH,SCAN,SCAN,55.5,88.4,,
2026-06-12T16:27:03.863,1781274423,nicole,REACQUIRING,0.0,SEARCH,SCAN,SCAN,58.5,90.2,,
2026-06-12T16:27:03.991,1781274423,nicole,REACQUIRING,0.0,SEARCH,SCAN,SCAN,61.5,92.0,,
2026-06-12T16:27:04.095,1781274424,nicole,REACQUIRING,0.0,SEARCH,SCAN,SCAN,64.5,93.8,,
2026-06-12T16:27:04.163,1781274424,nicole,REACQUIRING,0.0,SEARCH,SCAN,SCAN,67.5,95.6,,
2026-06-12T16:27:04.294,1781274424,nicole,REACQUIRING,0.0,SEARCH,SCAN,SCAN,70.5,97.4,,
2026-06-12T16:27:04.376,1781274424,nicole,REACQUIRING,0.0,SEARCH,SCAN,SCAN,73.5,99.2,,
2026-06-12T16:27:04.470,1781274424,nicole,REACQUIRING,0.0,SEARCH,SCAN,SCAN,76.5,101.0,,
2026-06-12T16:27:04.564,1781274424,nicole,REACQUIRING,0.0,SEARCH,SCAN,SCAN,79.5,102.8,,
2026-06-12T16:27:04.667,1781274424,nicole,REACQUIRING,0.0,SEARCH,SCAN,SCAN,82.5,104.6,,
2026-06-12T16:27:04.773,1781274424,nicole,REACQUIRING,0.0,SEARCH,SCAN,SCAN,85.5,106.4,,
2026-06-12T16:27:04.868,1781274424,nicole,REACQUIRING,0.0,SEARCH,SCAN,SCAN,88.5,108.2,,
2026-06-12T16:27:04.966,1781274424,nicole,REACQUIRING,0.0,SEARCH,SCAN,SCAN,91.5,110.0,,
2026-06-12T16:27:05.107,1781274425,nicole,REACQUIRING,0.0,SEARCH,SCAN,SCAN,94.5,111.8,,
2026-06-12T16:27:05.196,1781274425,nicole,REACQUIRING,0.0,SEARCH,SCAN,SCAN,97.5,112.2,,
2026-06-12T16:27:05.302,1781274425,nicole,REACQUIRING,0.0,SEARCH,SCAN,SCAN,100.5,110.4,,
2026-06-12T16:27:05.419,1781274425,nicole,REACQUIRING,0.0,SEARCH,SCAN,SCAN,103.5,108.6,,
2026-06-12T16:27:05.485,1781274425,nicole,REACQUIRING,0.0,SEARCH,SCAN,SCAN,105.5,106.8,,
2026-06-12T16:27:05.604,1781274425,nicole,REACQUIRING,0.0,SEARCH,SCAN,SCAN,102.5,105.0,,
2026-06-12T16:27:05.669,1781274425,nicole,REACQUIRING,0.0,SEARCH,SCAN,SCAN,99.5,103.2,,
2026-06-12T16:27:05.804,1781274425,nicole,REACQUIRING,0.0,SEARCH,SCAN,SCAN,96.5,101.4,,
2026-06-12T16:27:05.880,1781274425,nicole,REACQUIRING,0.0,SEARCH,SCAN,SCAN,93.5,99.6,,
2026-06-12T16:27:05.993,1781274425,nicole,REACQUIRING,0.0,SEARCH,SCAN,SCAN,90.5,97.8,,
2026-06-12T16:27:06.108,1781274426,nicole,REACQUIRING,0.0,SEARCH,SCAN,SCAN,87.5,96.0,,
2026-06-12T16:27:06.208,1781274426,nicole,REACQUIRING,0.0,SEARCH,SCAN,SCAN,84.5,94.2,,
2026-06-12T16:27:06.298,1781274426,nicole,REACQUIRING,0.0,SEARCH,SCAN,SCAN,81.5,92.4,,
2026-06-12T16:27:06.374,1781274426,nicole,REACQUIRING,0.0,SEARCH,SCAN,SCAN,78.5,90.6,,
2026-06-12T16:27:06.485,1781274426,nicole,REACQUIRING,0.0,SEARCH,SCAN,SCAN,75.5,88.8,,
2026-06-12T16:27:06.618,1781274426,nicole,REACQUIRING,0.0,SEARCH,SCAN,SCAN,72.5,87.0,,
2026-06-12T16:27:06.683,1781274426,nicole,REACQUIRING,0.0,SEARCH,SCAN,SCAN,69.5,85.2,,
2026-06-12T16:27:06.814,1781274426,nicole,REACQUIRING,0.0,SEARCH,SCAN,SCAN,66.5,83.4,,
2026-06-12T16:27:06.882,1781274426,nicole,REACQUIRING,0.0,SEARCH,SCAN,SCAN,63.5,81.6,,
2026-06-12T16:27:06.985,1781274426,nicole,REACQUIRING,0.0,SEARCH,SCAN,SCAN,60.5,79.8,,
2026-06-12T16:27:07.111,1781274427,nicole,REACQUIRING,0.0,SEARCH,SCAN,SCAN,57.5,78.0,,
2026-06-12T16:27:07.228,1781274427,nicole,REACQUIRING,0.0,SEARCH,SCAN,SCAN,54.5,76.2,,
2026-06-12T16:27:07.283,1781274427,nicole,REACQUIRING,0.0,SEARCH,SCAN,SCAN,51.5,74.4,,
2026-06-12T16:27:07.382,1781274427,nicole,REACQUIRING,0.0,SEARCH,SCAN,SCAN,48.5,72.6,,
2026-06-12T16:27:07.521,1781274427,nicole,REACQUIRING,0.0,SEARCH,SCAN,SCAN,45.5,72.2,,
2026-06-12T16:27:07.590,1781274427,nicole,REACQUIRING,0.0,SEARCH,SCAN,SCAN,42.5,74.0,,
2026-06-12T16:27:07.691,1781274427,nicole,REACQUIRING,0.0,SEARCH,SCAN,SCAN,39.5,75.8,,
2026-06-12T16:27:07.779,1781274427,nicole,REACQUIRING,0.0,SEARCH,SCAN,SCAN,36.5,77.6,,
2026-06-12T16:27:07.894,1781274427,nicole,REACQUIRING,0.0,SEARCH,SCAN,SCAN,33.5,79.4,,
2026-06-12T16:27:08.018,1781274428,nicole,REACQUIRING,0.0,SEARCH,SCAN,SCAN,30.5,81.2,,
2026-06-12T16:27:08.123,1781274428,nicole,REACQUIRING,0.0,SEARCH,SCAN,SCAN,27.5,83.0,,
2026-06-12T16:27:08.230,1781274428,nicole,REACQUIRING,0.0,SEARCH,SCAN,SCAN,25.5,84.8,,
2026-06-12T16:27:08.314,1781274428,nicole,REACQUIRING,0.0,SEARCH,SCAN,SCAN,28.5,86.6,,
2026-06-12T16:27:08.390,1781274428,nicole,REACQUIRING,0.0,SEARCH,SCAN,SCAN,31.5,88.4,,
2026-06-12T16:27:08.506,1781274428,nicole,REACQUIRING,0.0,SEARCH,SCAN,SCAN,34.5,90.2,,
2026-06-12T16:27:08.597,1781274428,nicole,REACQUIRING,0.0,SEARCH,SCAN,SCAN,37.5,92.0,,
2026-06-12T16:27:08.716,1781274428,nicole,REACQUIRING,0.0,SEARCH,SCAN,SCAN,40.5,93.8,,
2026-06-12T16:27:08.811,1781274428,nicole,REACQUIRING,0.0,SEARCH,SCAN,SCAN,43.5,95.6,,
2026-06-12T16:27:08.934,1781274428,nicole,REACQUIRING,0.0,SEARCH,SCAN,SCAN,46.5,97.4,,
2026-06-12T16:27:09.031,1781274429,nicole,REACQUIRING,0.0,SEARCH,SCAN,SCAN,49.5,99.2,,
2026-06-12T16:27:09.120,1781274429,nicole,REACQUIRING,0.0,SEARCH,SCAN,SCAN,52.5,101.0,,
2026-06-12T16:27:09.228,1781274429,nicole,REACQUIRING,0.0,SEARCH,SCAN,SCAN,55.5,102.8,,
2026-06-12T16:27:09.301,1781274429,nicole,REACQUIRING,0.0,SEARCH,SCAN,SCAN,58.5,104.6,,
2026-06-12T16:27:09.397,1781274429,nicole,REACQUIRING,0.0,SEARCH,SCAN,SCAN,61.5,106.4,,
2026-06-12T16:27:09.490,1781274429,nicole,REACQUIRING,0.0,SEARCH,SCAN,SCAN,64.5,108.2,,
2026-06-12T16:27:09.603,1781274429,nicole,REACQUIRING,0.0,SEARCH,SCAN,SCAN,67.5,110.0,,
2026-06-12T16:27:09.701,1781274429,nicole,REACQUIRING,0.0,SEARCH,SCAN,SCAN,70.5,111.8,,
2026-06-12T16:27:09.794,1781274429,nicole,REACQUIRING,0.0,SEARCH,SCAN,SCAN,73.5,112.2,,
2026-06-12T16:27:09.924,1781274429,nicole,REACQUIRING,0.0,SEARCH,SCAN,SCAN,76.5,110.4,,
2026-06-12T16:27:10.015,1781274430,nicole,REACQUIRING,0.0,SEARCH,SCAN,SCAN,79.5,108.6,,
2026-06-12T16:27:10.139,1781274430,nicole,REACQUIRING,0.0,SEARCH,SCAN,SCAN,82.5,106.8,,
2026-06-12T16:27:10.197,1781274430,nicole,REACQUIRING,0.0,SEARCH,SCAN,SCAN,85.5,105.0,,
2026-06-12T16:27:10.319,1781274430,nicole,REACQUIRING,0.0,SEARCH,SCAN,SCAN,88.5,103.2,,
2026-06-12T16:27:10.430,1781274430,nicole,REACQUIRING,0.0,SEARCH,SCAN,SCAN,91.5,101.4,,
2026-06-12T16:27:10.502,1781274430,nicole,REACQUIRING,0.0,SEARCH,SCAN,SCAN,94.5,99.6,,
2026-06-12T16:27:10.613,1781274430,nicole,REACQUIRING,0.0,SEARCH,SCAN,SCAN,97.5,97.8,,
2026-06-12T16:27:10.714,1781274430,nicole,REACQUIRING,0.0,SEARCH,SCAN,SCAN,100.5,96.0,,
2026-06-12T16:27:10.820,1781274430,nicole,REACQUIRING,0.0,SEARCH,SCAN,SCAN,103.5,94.2,,
2026-06-12T16:27:10.899,1781274430,nicole,REACQUIRING,0.0,SEARCH,SCAN,SCAN,105.5,92.4,,
2026-06-12T16:27:11.046,1781274431,nicole,REACQUIRING,0.0,SEARCH,SCAN,SCAN,102.5,90.6,,
2026-06-12T16:27:11.125,1781274431,nicole,REACQUIRING,0.0,SEARCH,SCAN,SCAN,99.5,88.8,,
2026-06-12T16:27:11.204,1781274431,nicole,REACQUIRING,0.0,SEARCH,SCAN,SCAN,96.5,87.0,,
2026-06-12T16:27:11.319,1781274431,nicole,REACQUIRING,0.0,SEARCH,SCAN,SCAN,93.5,85.2,,
2026-06-12T16:27:11.445,1781274431,nicole,REACQUIRING,0.0,SEARCH,SCAN,SCAN,90.5,83.4,,
2026-06-12T16:27:11.522,1781274431,nicole,REACQUIRING,0.0,SEARCH,SCAN,SCAN,87.5,81.6,,
2026-06-12T16:27:11.636,1781274431,nicole,REACQUIRING,0.0,SEARCH,SCAN,SCAN,84.5,79.8,,
2026-06-12T16:27:11.750,1781274431,nicole,REACQUIRING,0.0,SEARCH,SCAN,SCAN,81.5,78.0,,
2026-06-12T16:27:11.814,1781274431,nicole,REACQUIRING,0.0,SEARCH,SCAN,SCAN,78.5,76.2,,
2026-06-12T16:27:11.937,1781274431,nicole,REACQUIRING,0.0,SEARCH,SCAN,SCAN,75.5,74.4,,
2026-06-12T16:27:12.028,1781274432,nicole,REACQUIRING,0.0,SEARCH,SCAN,SCAN,72.5,72.6,,
2026-06-12T16:27:12.141,1781274432,nicole,REACQUIRING,0.0,SEARCH,SCAN,SCAN,69.5,72.2,,
2026-06-12T16:27:12.225,1781274432,nicole,REACQUIRING,0.0,SEARCH,SCAN,SCAN,66.5,74.0,,
2026-06-12T16:27:12.309,1781274432,nicole,REACQUIRING,0.0,SEARCH,SCAN,SCAN,63.5,75.8,,
2026-06-12T16:27:12.418,1781274432,nicole,REACQUIRING,0.0,SEARCH,SCAN,SCAN,60.5,77.6,,
2026-06-12T16:27:12.515,1781274432,nicole,REACQUIRING,0.0,SEARCH,SCAN,SCAN,57.5,79.4,,
2026-06-12T16:27:12.616,1781274432,nicole,REACQUIRING,0.0,SEARCH,SCAN,SCAN,54.5,81.2,,
2026-06-12T16:27:12.725,1781274432,nicole,REACQUIRING,0.0,SEARCH,SCAN,SCAN,51.5,83.0,,
2026-06-12T16:27:12.850,1781274432,nicole,REACQUIRING,0.0,SEARCH,SCAN,SCAN,48.5,84.8,,
2026-06-12T16:27:12.917,1781274432,nicole,REACQUIRING,0.0,SEARCH,SCAN,SCAN,45.5,86.6,,
2026-06-12T16:27:13.035,1781274433,nicole,REACQUIRING,0.0,SEARCH,SCAN,SCAN,42.5,88.4,,
2026-06-12T16:27:13.142,1781274433,nicole,REACQUIRING,0.0,SEARCH,SCAN,SCAN,39.5,90.2,,
2026-06-12T16:27:13.221,1781274433,nicole,REACQUIRING,0.0,SEARCH,SCAN,SCAN,36.5,92.0,,
2026-06-12T16:27:13.348,1781274433,nicole,REACQUIRING,0.0,SEARCH,SCAN,SCAN,33.5,93.8,,
2026-06-12T16:27:13.463,1781274433,nicole,REACQUIRING,0.0,SEARCH,SCAN,SCAN,30.5,95.6,,
2026-06-12T16:27:13.526,1781274433,nicole,REACQUIRING,0.0,SEARCH,SCAN,SCAN,27.5,97.4,,
2026-06-12T16:27:13.657,1781274433,nicole,REACQUIRING,0.0,SEARCH,SCAN,SCAN,25.5,99.2,,
2026-06-12T16:27:13.761,1781274433,nicole,REACQUIRING,0.0,SEARCH,SCAN,SCAN,28.5,101.0,,
2026-06-12T16:27:13.837,1781274433,nicole,REACQUIRING,0.0,SEARCH,SCAN,SCAN,31.5,102.8,,
2026-06-12T16:27:13.953,1781274433,nicole,REACQUIRING,0.0,SEARCH,SCAN,SCAN,34.5,104.6,,
2026-06-12T16:27:14.072,1781274434,nicole,REACQUIRING,0.0,SEARCH,SCAN,SCAN,37.5,106.4,,
2026-06-12T16:27:14.160,1781274434,nicole,REACQUIRING,0.0,SEARCH,SCAN,SCAN,40.5,108.2,,
2026-06-12T16:27:14.257,1781274434,nicole,REACQUIRING,0.0,SEARCH,SCAN,SCAN,43.5,110.0,,
2026-06-12T16:27:14.363,1781274434,nicole,REACQUIRING,0.0,SEARCH,SCAN,SCAN,46.5,111.8,,
2026-06-12T16:27:14.441,1781274434,nicole,REACQUIRING,0.0,SEARCH,SCAN,SCAN,49.5,112.2,,
2026-06-12T16:27:14.568,1781274434,nicole,REACQUIRING,0.0,SEARCH,SCAN,SCAN,52.5,110.4,,
2026-06-12T16:27:14.630,1781274434,nicole,REACQUIRING,0.0,SEARCH,SCAN,SCAN,55.5,108.6,,
2026-06-12T16:27:14.727,1781274434,nicole,REACQUIRING,0.0,SEARCH,SCAN,SCAN,58.5,106.8,,
2026-06-12T16:27:14.834,1781274434,nicole,REACQUIRING,0.0,SEARCH,SCAN,SCAN,61.5,105.0,,
2026-06-12T16:27:14.942,1781274434,nicole,REACQUIRING,0.0,SEARCH,SCAN,SCAN,64.5,103.2,,
2026-06-12T16:27:15.050,1781274435,nicole,REACQUIRING,0.0,SEARCH,SCAN,SCAN,67.5,101.4,,
2026-06-12T16:27:15.153,1781274435,nicole,REACQUIRING,0.0,SEARCH,SCAN,SCAN,70.5,99.6,,
2026-06-12T16:27:15.236,1781274435,nicole,REACQUIRING,0.0,SEARCH,SCAN,SCAN,73.5,97.8,,
2026-06-12T16:27:15.331,1781274435,nicole,REACQUIRING,0.0,SEARCH,SCAN,SCAN,76.5,96.0,,
2026-06-12T16:27:15.430,1781274435,nicole,REACQUIRING,0.0,SEARCH,SCAN,SCAN,79.5,94.2,,
2026-06-12T16:27:15.544,1781274435,nicole,REACQUIRING,0.0,SEARCH,SCAN,SCAN,82.5,92.4,,
2026-06-12T16:27:15.639,1781274435,nicole,REACQUIRING,0.0,SEARCH,SCAN,SCAN,85.5,90.6,,
2026-06-12T16:27:15.730,1781274435,nicole,REACQUIRING,0.0,SEARCH,SCAN,SCAN,88.5,88.8,,
2026-06-12T16:27:15.873,1781274435,nicole,REACQUIRING,0.0,SEARCH,SCAN,SCAN,91.5,87.0,,
2026-06-12T16:27:15.972,1781274435,nicole,REACQUIRING,0.0,SEARCH,SCAN,SCAN,94.5,85.2,,
2026-06-12T16:27:16.058,1781274436,nicole,REACQUIRING,0.0,SEARCH,SCAN,SCAN,97.5,83.4,,
2026-06-12T16:27:16.132,1781274436,nicole,REACQUIRING,0.0,SEARCH,SCAN,SCAN,100.5,81.6,,
2026-06-12T16:27:16.247,1781274436,nicole,REACQUIRING,0.0,SEARCH,SCAN,SCAN,103.5,79.8,,
2026-06-12T16:27:16.340,1781274436,nicole,REACQUIRING,0.0,SEARCH,SCAN,SCAN,105.5,78.0,,
2026-06-12T16:27:16.439,1781274436,nicole,REACQUIRING,0.0,SEARCH,SCAN,SCAN,102.5,76.2,,
2026-06-12T16:27:16.551,1781274436,nicole,REACQUIRING,0.0,SEARCH,SCAN,SCAN,99.5,74.4,,
2026-06-12T16:27:16.651,1781274436,nicole,REACQUIRING,0.0,SEARCH,SCAN,SCAN,96.5,72.6,,
2026-06-12T16:27:16.780,1781274436,nicole,REACQUIRING,0.0,SEARCH,SCAN,SCAN,93.5,72.2,,
2026-06-12T16:27:16.837,1781274436,nicole,REACQUIRING,0.0,SEARCH,SCAN,SCAN,90.5,74.0,,
2026-06-12T16:27:16.972,1781274436,nicole,REACQUIRING,0.0,SEARCH,SCAN,SCAN,87.5,75.8,,
2026-06-12T16:27:17.044,1781274437,nicole,REACQUIRING,0.0,SEARCH,SCAN,SCAN,84.5,77.6,,
2026-06-12T16:27:17.143,1781274437,nicole,REACQUIRING,0.0,SEARCH,SCAN,SCAN,81.5,79.4,,
2026-06-12T16:27:17.276,1781274437,nicole,REACQUIRING,0.0,SEARCH,SCAN,SCAN,78.5,81.2,,
2026-06-12T16:27:17.378,1781274437,nicole,REACQUIRING,0.0,SEARCH,SCAN,SCAN,75.5,83.0,,
2026-06-12T16:27:17.447,1781274437,nicole,REACQUIRING,0.0,SEARCH,SCAN,SCAN,72.5,84.8,,
2026-06-12T16:27:17.568,1781274437,nicole,REACQUIRING,0.0,SEARCH,SCAN,SCAN,69.5,86.6,,
2026-06-12T16:27:17.687,1781274437,nicole,REACQUIRING,0.0,SEARCH,SCAN,SCAN,66.5,88.4,,
2026-06-12T16:27:17.776,1781274437,nicole,REACQUIRING,0.0,SEARCH,SCAN,SCAN,63.5,90.2,,
2026-06-12T16:27:17.847,1781274437,nicole,REACQUIRING,0.0,SEARCH,SCAN,SCAN,60.5,92.0,,
2026-06-12T16:27:17.984,1781274437,nicole,REACQUIRING,0.0,SEARCH,SCAN,SCAN,57.5,93.8,,
2026-06-12T16:27:18.056,1781274438,nicole,REACQUIRING,0.0,SEARCH,SCAN,SCAN,54.5,95.6,,
2026-06-12T16:27:18.168,1781274438,nicole,REACQUIRING,0.0,SEARCH,SCAN,SCAN,51.5,97.4,,
2026-06-12T16:27:18.276,1781274438,nicole,REACQUIRING,0.0,SEARCH,SCAN,SCAN,48.5,99.2,,
2026-06-12T16:27:18.386,1781274438,nicole,REACQUIRING,0.0,SEARCH,SCAN,SCAN,45.5,101.0,,
2026-06-12T16:27:18.476,1781274438,nicole,REACQUIRING,0.0,SEARCH,SCAN,SCAN,42.5,102.8,,
2026-06-12T16:27:18.585,1781274438,nicole,REACQUIRING,0.0,SEARCH,SCAN,SCAN,39.5,104.6,,
2026-06-12T16:27:18.694,1781274438,nicole,REACQUIRING,0.0,SEARCH,SCAN,SCAN,36.5,106.4,,
2026-06-12T16:27:18.792,1781274438,nicole,REACQUIRING,0.0,SEARCH,SCAN,SCAN,33.5,108.2,,
2026-06-12T16:27:18.891,1781274438,nicole,REACQUIRING,0.0,SEARCH,SCAN,SCAN,30.5,110.0,,
2026-06-12T16:27:18.984,1781274438,nicole,REACQUIRING,0.0,SEARCH,SCAN,SCAN,27.5,111.8,,
2026-06-12T16:27:19.088,1781274439,nicole,REACQUIRING,0.0,SEARCH,SCAN,SCAN,25.5,112.2,,
2026-06-12T16:27:19.117,1781274439,nicole,REACQUIRING,0.0,SEARCH,SCAN,SCAN,28.5,110.4,,
2026-06-12T16:27:19.292,1781274439,nicole,REACQUIRING,0.0,SEARCH,SCAN,SCAN,31.5,108.6,,
2026-06-12T16:27:19.367,1781274439,nicole,REACQUIRING,0.0,SEARCH,SCAN,SCAN,34.5,106.8,,
2026-06-12T16:27:19.500,1781274439,nicole,REACQUIRING,0.0,SEARCH,SCAN,SCAN,37.5,105.0,,
2026-06-12T16:27:19.563,1781274439,nicole,REACQUIRING,0.0,SEARCH,SCAN,SCAN,40.5,103.2,,
2026-06-12T16:27:19.675,1781274439,nicole,REACQUIRING,0.0,SEARCH,SCAN,SCAN,43.5,101.4,,
2026-06-12T16:27:19.798,1781274439,nicole,REACQUIRING,0.0,SEARCH,SCAN,SCAN,46.5,99.6,,
2026-06-12T16:27:19.871,1781274439,nicole,REACQUIRING,0.0,SEARCH,SCAN,SCAN,49.5,97.8,,
2026-06-12T16:27:19.972,1781274439,nicole,REACQUIRING,0.0,SEARCH,SCAN,SCAN,52.5,96.0,,
2026-06-12T16:27:20.076,1781274440,nicole,REACQUIRING,0.0,SEARCH,SCAN,SCAN,55.5,94.2,,
2026-06-12T16:27:20.174,1781274440,nicole,REACQUIRING,0.0,SEARCH,SCAN,SCAN,58.5,92.4,,
2026-06-12T16:27:20.261,1781274440,nicole,REACQUIRING,0.0,SEARCH,SCAN,SCAN,61.5,90.6,,
2026-06-12T16:27:20.383,1781274440,nicole,REACQUIRING,0.0,SEARCH,SCAN,SCAN,64.5,88.8,,
2026-06-12T16:27:20.468,1781274440,nicole,REACQUIRING,0.0,SEARCH,SCAN,SCAN,67.5,87.0,,
2026-06-12T16:27:20.565,1781274440,nicole,REACQUIRING,0.0,SEARCH,SCAN,SCAN,70.5,85.2,,
2026-06-12T16:27:20.667,1781274440,nicole,REACQUIRING,0.0,SEARCH,SCAN,SCAN,73.5,83.4,,
2026-06-12T16:27:20.804,1781274440,nicole,REACQUIRING,0.0,SEARCH,SCAN,SCAN,76.5,81.6,,
2026-06-12T16:27:20.870,1781274440,nicole,REACQUIRING,0.0,SEARCH,SCAN,SCAN,79.5,79.8,,
2026-06-12T16:27:20.988,1781274440,nicole,REACQUIRING,0.0,SEARCH,SCAN,SCAN,82.5,78.0,,
2026-06-12T16:27:21.080,1781274441,nicole,REACQUIRING,0.0,SEARCH,SCAN,SCAN,85.5,76.2,,
2026-06-12T16:27:21.206,1781274441,nicole,REACQUIRING,0.0,SEARCH,SCAN,SCAN,88.5,74.4,,
2026-06-12T16:27:21.306,1781274441,nicole,REACQUIRING,0.0,SEARCH,SCAN,SCAN,91.5,72.6,,
2026-06-12T16:27:21.379,1781274441,nicole,REACQUIRING,0.0,SEARCH,SCAN,SCAN,94.5,72.2,,
2026-06-12T16:27:21.500,1781274441,nicole,REACQUIRING,0.0,SEARCH,SCAN,SCAN,97.5,74.0,,
2026-06-12T16:27:21.585,1781274441,nicole,REACQUIRING,0.0,SEARCH,SCAN,SCAN,100.5,75.8,,
2026-06-12T16:27:21.669,1781274441,nicole,REACQUIRING,0.0,SEARCH,SCAN,SCAN,103.5,77.6,,
2026-06-12T16:27:21.779,1781274441,nicole,REACQUIRING,0.0,SEARCH,SCAN,SCAN,105.5,79.4,,
2026-06-12T16:27:21.875,1781274441,nicole,REACQUIRING,0.0,SEARCH,SCAN,SCAN,102.5,81.2,,
2026-06-12T16:27:21.972,1781274441,nicole,REACQUIRING,0.0,SEARCH,SCAN,SCAN,99.5,83.0,,
2026-06-12T16:27:22.069,1781274442,nicole,REACQUIRING,0.0,SEARCH,SCAN,SCAN,96.5,84.8,,
2026-06-12T16:27:22.182,1781274442,nicole,REACQUIRING,0.0,SEARCH,SCAN,SCAN,93.5,86.6,,
2026-06-12T16:27:22.279,1781274442,nicole,REACQUIRING,0.0,SEARCH,SCAN,SCAN,90.5,88.4,,
2026-06-12T16:27:22.376,1781274442,nicole,REACQUIRING,0.0,SEARCH,SCAN,SCAN,87.5,90.2,,
2026-06-12T16:27:22.445,1781274442,nicole,REACQUIRING,0.0,SEARCH,SCAN,SCAN,84.5,92.0,,
2026-06-12T16:27:22.541,1781274442,nicole,REACQUIRING,0.0,SEARCH,SCAN,SCAN,81.5,93.8,,
2026-06-12T16:27:22.676,1781274442,nicole,REACQUIRING,0.0,SEARCH,SCAN,SCAN,78.5,95.6,,
2026-06-12T16:27:22.803,1781274442,nicole,REACQUIRING,0.0,SEARCH,SCAN,SCAN,75.5,97.4,,
2026-06-12T16:27:22.888,1781274442,nicole,REACQUIRING,0.0,SEARCH,SCAN,SCAN,72.5,99.2,,
2026-06-12T16:27:22.993,1781274442,nicole,REACQUIRING,0.0,SEARCH,SCAN,SCAN,69.5,101.0,,
2026-06-12T16:27:23.105,1781274443,nicole,REACQUIRING,0.0,SEARCH,SCAN,SCAN,66.5,102.8,,
2026-06-12T16:27:23.188,1781274443,nicole,REACQUIRING,0.0,SEARCH,SCAN,SCAN,63.5,104.6,,
2026-06-12T16:27:23.290,1781274443,nicole,REACQUIRING,0.0,SEARCH,SCAN,SCAN,60.5,106.4,,
2026-06-12T16:27:23.395,1781274443,nicole,REACQUIRING,0.0,SEARCH,SCAN,SCAN,57.5,108.2,,
2026-06-12T16:27:23.495,1781274443,nicole,REACQUIRING,0.0,SEARCH,SCAN,SCAN,54.5,110.0,,
2026-06-12T16:27:23.623,1781274443,nicole,REACQUIRING,0.0,SEARCH,SCAN,SCAN,51.5,111.8,,
2026-06-12T16:27:23.688,1781274443,nicole,REACQUIRING,0.0,SEARCH,SCAN,SCAN,48.5,112.2,,
2026-06-12T16:27:23.812,1781274443,nicole,REACQUIRING,0.0,SEARCH,SCAN,SCAN,45.5,110.4,,
2026-06-12T16:27:23.920,1781274443,nicole,REACQUIRING,0.0,SEARCH,SCAN,SCAN,42.5,108.6,,
2026-06-12T16:27:23.994,1781274443,nicole,REACQUIRING,0.0,SEARCH,SCAN,SCAN,39.5,106.8,,
2026-06-12T16:27:24.083,1781274444,nicole,REACQUIRING,0.0,SEARCH,SCAN,SCAN,36.5,105.0,,
2026-06-12T16:27:24.211,1781274444,nicole,REACQUIRING,0.0,SEARCH,SCAN,SCAN,33.5,103.2,,
2026-06-12T16:27:24.291,1781274444,nicole,REACQUIRING,0.0,SEARCH,SCAN,SCAN,30.5,101.4,,
2026-06-12T16:27:24.419,1781274444,nicole,REACQUIRING,0.0,SEARCH,SCAN,SCAN,27.5,99.6,,
2026-06-12T16:27:24.517,1781274444,nicole,REACQUIRING,0.0,SEARCH,SCAN,SCAN,25.5,97.8,,
2026-06-12T16:27:24.606,1781274444,nicole,REACQUIRING,0.0,SEARCH,SCAN,SCAN,28.5,96.0,,
2026-06-12T16:27:24.701,1781274444,nicole,REACQUIRING,0.0,SEARCH,SCAN,SCAN,31.5,94.2,,
2026-06-12T16:27:24.804,1781274444,nicole,REACQUIRING,0.0,SEARCH,SCAN,SCAN,34.5,92.4,,
2026-06-12T16:27:24.932,1781274444,nicole,REACQUIRING,0.0,SEARCH,SCAN,SCAN,37.5,90.6,,
2026-06-12T16:27:24.999,1781274444,nicole,REACQUIRING,0.0,SEARCH,SCAN,SCAN,40.5,88.8,,
2026-06-12T16:27:25.094,1781274445,nicole,REACQUIRING,0.0,SEARCH,SCAN,SCAN,43.5,87.0,,
2026-06-12T16:27:25.221,1781274445,nicole,REACQUIRING,0.0,SEARCH,SCAN,SCAN,46.5,85.2,,
2026-06-12T16:27:25.305,1781274445,nicole,REACQUIRING,0.0,SEARCH,SCAN,SCAN,49.5,83.4,,
2026-06-12T16:27:25.403,1781274445,nicole,REACQUIRING,0.0,SEARCH,SCAN,SCAN,52.5,81.6,,
2026-06-12T16:27:25.494,1781274445,nicole,REACQUIRING,0.0,SEARCH,SCAN,SCAN,55.5,79.8,,
2026-06-12T16:27:25.604,1781274445,nicole,REACQUIRING,0.0,SEARCH,SCAN,SCAN,58.5,78.0,,
2026-06-12T16:27:25.701,1781274445,nicole,REACQUIRING,0.0,SEARCH,SCAN,SCAN,61.5,76.2,,
2026-06-12T16:27:25.799,1781274445,nicole,REACQUIRING,0.0,SEARCH,SCAN,SCAN,64.5,74.4,,
2026-06-12T16:27:25.919,1781274445,nicole,REACQUIRING,0.0,SEARCH,SCAN,SCAN,67.5,72.6,,
2026-06-12T16:27:26.004,1781274446,nicole,REACQUIRING,0.0,SEARCH,SCAN,SCAN,70.5,72.2,,
2026-06-12T16:27:26.104,1781274446,nicole,REACQUIRING,0.0,SEARCH,SCAN,SCAN,73.5,74.0,,
2026-06-12T16:27:26.196,1781274446,nicole,REACQUIRING,0.0,SEARCH,SCAN,SCAN,76.5,75.8,,
2026-06-12T16:27:26.310,1781274446,nicole,REACQUIRING,0.0,SEARCH,SCAN,SCAN,79.5,77.6,,
2026-06-12T16:27:26.405,1781274446,nicole,REACQUIRING,0.0,SEARCH,SCAN,SCAN,82.5,79.4,,
2026-06-12T16:27:26.511,1781274446,nicole,REACQUIRING,0.0,SEARCH,SCAN,SCAN,85.5,81.2,,
2026-06-12T16:27:26.652,1781274446,nicole,REACQUIRING,0.0,SEARCH,SCAN,SCAN,88.5,83.0,,
2026-06-12T16:27:26.745,1781274446,nicole,REACQUIRING,0.0,SEARCH,SCAN,SCAN,91.5,84.8,,
2026-06-12T16:27:26.807,1781274446,nicole,REACQUIRING,0.0,SEARCH,SCAN,SCAN,94.5,86.6,,
2026-06-12T16:27:26.944,1781274446,nicole,REACQUIRING,0.0,SEARCH,SCAN,SCAN,97.5,88.4,,
2026-06-12T16:27:27.024,1781274447,nicole,REACQUIRING,0.0,SEARCH,SCAN,SCAN,100.5,90.2,,
2026-06-12T16:27:27.164,1781274447,nicole,REACQUIRING,0.0,SEARCH,SCAN,SCAN,103.5,92.0,,
2026-06-12T16:27:27.233,1781274447,nicole,REACQUIRING,0.0,SEARCH,SCAN,SCAN,105.5,93.8,,
2026-06-12T16:27:27.335,1781274447,nicole,REACQUIRING,0.0,SEARCH,SCAN,SCAN,102.5,95.6,,
2026-06-12T16:27:27.432,1781274447,nicole,REACQUIRING,0.0,SEARCH,SCAN,SCAN,99.5,97.4,,
2026-06-12T16:27:27.514,1781274447,nicole,REACQUIRING,0.0,SEARCH,SCAN,SCAN,96.5,99.2,,
2026-06-12T16:27:27.625,1781274447,nicole,REACQUIRING,0.0,SEARCH,SCAN,SCAN,93.5,101.0,,
2026-06-12T16:27:27.678,1781274447,nicole,REACQUIRING,0.0,SEARCH,SCAN,SCAN,90.5,102.8,,
2026-06-12T16:27:27.773,1781274447,nicole,REACQUIRING,0.0,SEARCH,SCAN,SCAN,87.5,104.6,,
2026-06-12T16:27:27.936,1781274447,nicole,REACQUIRING,0.0,SEARCH,SCAN,SCAN,84.5,106.4,,
2026-06-12T16:27:28.051,1781274448,nicole,REACQUIRING,0.0,SEARCH,SCAN,SCAN,81.5,108.2,,
2026-06-12T16:27:28.154,1781274448,nicole,REACQUIRING,0.0,SEARCH,SCAN,SCAN,78.5,110.0,,
2026-06-12T16:27:28.236,1781274448,nicole,REACQUIRING,0.0,SEARCH,SCAN,SCAN,75.5,111.8,,
2026-06-12T16:27:28.334,1781274448,nicole,REACQUIRING,0.0,SEARCH,SCAN,SCAN,72.5,112.2,,
2026-06-12T16:27:28.446,1781274448,nicole,REACQUIRING,0.0,SEARCH,SCAN,SCAN,69.5,110.4,,
2026-06-12T16:27:28.519,1781274448,nicole,REACQUIRING,0.0,SEARCH,SCAN,SCAN,66.5,108.6,,
2026-06-12T16:27:28.626,1781274448,nicole,REACQUIRING,0.0,SEARCH,SCAN,SCAN,63.5,106.8,,
2026-06-12T16:27:28.726,1781274448,nicole,REACQUIRING,0.0,SEARCH,SCAN,SCAN,60.5,105.0,,
2026-06-12T16:27:28.836,1781274448,nicole,REACQUIRING,0.0,SEARCH,SCAN,SCAN,57.5,103.2,,
2026-06-12T16:27:28.942,1781274448,nicole,REACQUIRING,0.0,SEARCH,SCAN,SCAN,54.5,101.4,,
2026-06-12T16:27:29.023,1781274449,nicole,REACQUIRING,0.0,SEARCH,SCAN,SCAN,51.5,99.6,,
2026-06-12T16:27:29.128,1781274449,nicole,REACQUIRING,0.0,SEARCH,SCAN,SCAN,48.5,97.8,,
2026-06-12T16:27:29.257,1781274449,nicole,REACQUIRING,0.0,SEARCH,SCAN,SCAN,45.5,96.0,,
2026-06-12T16:27:29.344,1781274449,nicole,REACQUIRING,0.0,SEARCH,SCAN,SCAN,42.5,94.2,,
2026-06-12T16:27:29.463,1781274449,nicole,REACQUIRING,0.0,SEARCH,SCAN,SCAN,39.5,92.4,,
2026-06-12T16:27:29.528,1781274449,nicole,REACQUIRING,0.0,SEARCH,SCAN,SCAN,36.5,90.6,,
2026-06-12T16:27:29.633,1781274449,nicole,REACQUIRING,0.0,SEARCH,SCAN,SCAN,33.5,88.8,,
2026-06-12T16:27:29.738,1781274449,nicole,REACQUIRING,0.0,SEARCH,SCAN,SCAN,30.5,87.0,,
2026-06-12T16:27:29.839,1781274449,nicole,TRACKING,0.5993,CENTERED,CENTERED,CENTERED,51.9,89.7,556,384
2026-06-12T16:27:29.927,1781274449,nicole,TRACKING,0.6342,CENTERED,CENTERED,CENTERED,66.8,91.5,559,383
2026-06-12T16:27:30.024,1781274450,nicole,TRACKING,0.6497,CENTERED,CENTERED,CENTERED,77.5,92.8,551,383
2026-06-12T16:27:30.150,1781274450,nicole,TRACKING,0.6397,CENTERED,CENTERED,CENTERED,85.3,94.1,543,388
2026-06-12T16:27:30.259,1781274450,nicole,TRACKING,0.6663,CENTERED,CENTERED,CENTERED,91.2,95.2,535,392
2026-06-12T16:27:30.355,1781274450,nicole,TRACKING,0.6887,CENTERED,CENTERED,CENTERED,95.7,95.9,523,390
2026-06-12T16:27:30.468,1781274450,nicole,TRACKING,0.6993,CENTERED,CENTERED,CENTERED,99.2,96.5,517,392
2026-06-12T16:27:30.541,1781274450,nicole,TRACKING,0.7121,MOVE_LEFT,LEFT,CENTERED,101.9,96.3,511,383
2026-06-12T16:27:30.636,1781274450,nicole,TRACKING,0.6945,CENTERED,CENTERED,CENTERED,103.6,96.3,515,385
2026-06-12T16:27:30.737,1781274450,nicole,TRACKING,0.7099,CENTERED,CENTERED,CENTERED,104.7,96.6,516,389
2026-06-12T16:27:30.841,1781274450,nicole,TRACKING,0.7119,CENTERED,CENTERED,CENTERED,105.4,96.9,520,390
2026-06-12T16:27:30.941,1781274450,nicole,TRACKING,0.6982,CENTERED,CENTERED,CENTERED,105.7,96.8,523,387
2026-06-12T16:27:31.063,1781274451,nicole,TRACKING,0.6563,CENTERED,CENTERED,CENTERED,106.0,96.7,522,385
2026-06-12T16:27:31.165,1781274451,nicole,TRACKING,0.6692,CENTERED,CENTERED,CENTERED,106.1,96.5,523,384
2026-06-12T16:27:31.267,1781274451,nicole,TRACKING,0.6024,CENTERED,CENTERED,CENTERED,106.1,96.2,526,382
2026-06-12T16:27:32.071,1781274452,nicole,REACQUIRING,0.0,SEARCH,SCAN,SCAN,103.0,93.7,,
2026-06-12T16:27:32.181,1781274452,nicole,REACQUIRING,0.0,SEARCH,SCAN,SCAN,100.0,91.9,,
2026-06-12T16:27:32.276,1781274452,nicole,REACQUIRING,0.0,SEARCH,SCAN,SCAN,97.0,90.1,,
2026-06-12T16:27:32.357,1781274452,nicole,REACQUIRING,0.0,SEARCH,SCAN,SCAN,94.0,88.3,,
2026-06-12T16:27:32.474,1781274452,nicole,REACQUIRING,0.0,SEARCH,SCAN,SCAN,91.0,86.5,,
2026-06-12T16:27:32.588,1781274452,nicole,REACQUIRING,0.0,SEARCH,SCAN,SCAN,88.0,84.7,,
2026-06-12T16:27:32.673,1781274452,nicole,REACQUIRING,0.0,SEARCH,SCAN,SCAN,85.0,82.9,,
2026-06-12T16:27:32.776,1781274452,nicole,REACQUIRING,0.0,SEARCH,SCAN,SCAN,82.0,81.1,,
2026-06-12T16:27:32.867,1781274452,nicole,REACQUIRING,0.0,SEARCH,SCAN,SCAN,79.0,79.3,,
2026-06-12T16:27:32.986,1781274452,nicole,REACQUIRING,0.0,SEARCH,SCAN,SCAN,76.0,77.5,,
2026-06-12T16:27:33.089,1781274453,nicole,REACQUIRING,0.0,SEARCH,SCAN,SCAN,73.0,75.7,,
2026-06-12T16:27:33.177,1781274453,nicole,REACQUIRING,0.0,SEARCH,SCAN,SCAN,70.0,75.5,,
2026-06-12T16:27:33.287,1781274453,nicole,REACQUIRING,0.0,SEARCH,SCAN,SCAN,67.0,77.3,,
2026-06-12T16:27:33.392,1781274453,nicole,REACQUIRING,0.0,SEARCH,SCAN,SCAN,66.0,79.1,,
2026-06-12T16:27:33.488,1781274453,nicole,REACQUIRING,0.0,SEARCH,SCAN,SCAN,69.0,80.9,,
2026-06-12T16:27:33.591,1781274453,nicole,TRACKING,0.565,CENTERED,CENTERED,CENTERED,80.5,85.1,518,379
2026-06-12T16:27:33.680,1781274453,nicole,TRACKING,0.5946,CENTERED,CENTERED,CENTERED,88.5,87.9,517,378
2026-06-12T16:27:33.781,1781274453,nicole,TRACKING,0.623,CENTERED,CENTERED,CENTERED,94.4,90.5,512,386
2026-06-12T16:27:33.884,1781274453,nicole,TRACKING,0.7004,MOVE_LEFT,LEFT,CENTERED,98.7,91.8,506,379
2026-06-12T16:27:34.001,1781274454,nicole,TRACKING,0.6774,CENTERED,CENTERED,CENTERED,101.1,92.2,522,373
2026-06-12T16:27:34.089,1781274454,nicole,TRACKING,0.6853,CENTERED,CENTERED,CENTERED,102.3,92.7,533,376
2026-06-12T16:27:34.182,1781274454,nicole,TRACKING,0.695,CENTERED,CENTERED,CENTERED,102.8,92.7,539,371
2026-06-12T16:27:34.296,1781274454,nicole,TRACKING,0.6794,CENTERED,CENTERED,CENTERED,103.3,93.0,537,375
2026-06-12T16:27:34.390,1781274454,nicole,TRACKING,0.6341,CENTERED,CENTERED,CENTERED,103.4,93.9,543,383
2026-06-12T16:27:34.502,1781274454,nicole,TRACKING,0.6385,CENTERED,CENTERED,CENTERED,103.8,93.6,536,372
2026-06-12T16:27:34.598,1781274454,nicole,TRACKING,0.6666,CENTERED,CENTERED,CENTERED,104.5,94.0,525,380
2026-06-12T16:27:34.691,1781274454,nicole,TRACKING,0.6399,CENTERED,CENTERED,CENTERED,105.0,94.2,526,378
2026-06-12T16:27:34.794,1781274454,nicole,TRACKING,0.6419,CENTERED,CENTERED,CENTERED,105.5,94.4,522,380
2026-06-12T16:27:34.891,1781274454,nicole,TRACKING,0.6288,CENTERED,CENTERED,CENTERED,105.7,94.1,525,373
2026-06-12T16:27:34.987,1781274454,nicole,TRACKING,0.6157,CENTERED,CENTERED,CENTERED,105.9,94.5,524,382
2026-06-12T16:27:35.095,1781274455,nicole,TRACKING,0.6483,CENTERED,CENTERED,CENTERED,106.0,94.5,523,378
2026-06-12T16:27:35.203,1781274455,nicole,TRACKING,0.6379,CENTERED,CENTERED,CENTERED,106.0,94.9,526,383
2026-06-12T16:27:35.500,1781274455,nicole,TRACKING,0.5684,CENTERED,CENTERED,CENTERED,106.2,94.3,521,372
2026-06-12T16:27:35.997,1781274455,nicole,TRACKING,0.55,CENTERED,CENTERED,CENTERED,106.5,94.0,518,373
2026-06-12T16:27:36.333,1781274456,nicole,REACQUIRING,0.0,SEARCH,SCAN,SCAN,110.2,95.1,,
2026-06-12T16:27:36.422,1781274456,nicole,REACQUIRING,0.0,SEARCH,SCAN,SCAN,113.2,96.9,,
2026-06-12T16:27:36.526,1781274456,nicole,REACQUIRING,0.0,SEARCH,SCAN,SCAN,116.2,98.7,,
2026-06-12T16:27:36.638,1781274456,nicole,REACQUIRING,0.0,SEARCH,SCAN,SCAN,119.2,100.5,,
2026-06-12T16:27:36.731,1781274456,nicole,REACQUIRING,0.0,SEARCH,SCAN,SCAN,122.2,102.3,,
2026-06-12T16:27:36.828,1781274456,nicole,REACQUIRING,0.0,SEARCH,SCAN,SCAN,125.2,104.1,,
2026-06-12T16:27:36.927,1781274456,nicole,REACQUIRING,0.0,SEARCH,SCAN,SCAN,128.2,105.9,,
2026-06-12T16:27:37.040,1781274457,nicole,REACQUIRING,0.0,SEARCH,SCAN,SCAN,131.2,107.7,,
2026-06-12T16:27:37.138,1781274457,nicole,REACQUIRING,0.0,SEARCH,SCAN,SCAN,134.2,109.5,,
2026-06-12T16:27:37.288,1781274457,nicole,REACQUIRING,0.0,SEARCH,SCAN,SCAN,137.2,111.3,,
2026-06-12T16:27:37.413,1781274457,nicole,REACQUIRING,0.0,SEARCH,SCAN,SCAN,140.2,113.1,,
2026-06-12T16:27:37.515,1781274457,nicole,REACQUIRING,0.0,SEARCH,SCAN,SCAN,143.2,113.3,,
2026-06-12T16:27:37.609,1781274457,nicole,REACQUIRING,0.0,SEARCH,SCAN,SCAN,146.2,111.5,,
2026-06-12T16:27:37.693,1781274457,nicole,REACQUIRING,0.0,SEARCH,SCAN,SCAN,147.2,109.7,,
2026-06-12T16:27:37.814,1781274457,nicole,REACQUIRING,0.0,SEARCH,SCAN,SCAN,144.2,107.9,,
2026-06-12T16:27:37.919,1781274457,nicole,REACQUIRING,0.0,SEARCH,SCAN,SCAN,141.2,106.1,,
2026-06-12T16:27:38.003,1781274458,nicole,REACQUIRING,0.0,SEARCH,SCAN,SCAN,138.2,104.3,,
2026-06-12T16:27:38.121,1781274458,nicole,TRACKING,0.725,MOVE_RIGHT,RIGHT,CENTERED,117.6,100.1,785,361
2026-06-12T16:27:38.225,1781274458,nicole,TRACKING,0.7303,MOVE_RIGHT,RIGHT,CENTERED,103.6,97.3,776,363
2026-06-12T16:27:38.319,1781274458,nicole,TRACKING,0.7892,CENTERED,CENTERED,CENTERED,94.1,95.5,768,365
2026-06-12T16:27:38.417,1781274458,nicole,TRACKING,0.7805,CENTERED,CENTERED,CENTERED,87.6,94.1,765,364
2026-06-12T16:27:38.529,1781274458,nicole,TRACKING,0.772,CENTERED,CENTERED,CENTERED,83.0,93.2,767,364
2026-06-12T16:27:38.621,1781274458,nicole,TRACKING,0.7712,CENTERED,CENTERED,CENTERED,79.8,92.4,764,362
2026-06-12T16:27:38.713,1781274458,nicole,TRACKING,0.7788,CENTERED,CENTERED,CENTERED,77.9,92.0,759,365
2026-06-12T16:27:38.825,1781274458,nicole,TRACKING,0.7637,CENTERED,CENTERED,CENTERED,76.5,91.9,759,366
2026-06-12T16:27:38.913,1781274458,nicole,TRACKING,0.7476,CENTERED,CENTERED,CENTERED,75.8,91.8,753,366
2026-06-12T16:27:39.018,1781274459,nicole,TRACKING,0.7774,CENTERED,CENTERED,CENTERED,75.4,91.6,749,365
2026-06-12T16:27:39.116,1781274459,nicole,TRACKING,0.7601,CENTERED,CENTERED,CENTERED,75.5,91.4,742,364
2026-06-12T16:27:39.233,1781274459,nicole,TRACKING,0.7398,CENTERED,CENTERED,CENTERED,75.7,91.2,739,363
2026-06-12T16:27:39.325,1781274459,nicole,TRACKING,0.7619,CENTERED,CENTERED,CENTERED,75.9,91.1,736,363
2026-06-12T16:27:39.416,1781274459,nicole,TRACKING,0.7462,CENTERED,CENTERED,CENTERED,76.3,91.3,732,367
2026-06-12T16:27:39.527,1781274459,nicole,TRACKING,0.763,CENTERED,CENTERED,CENTERED,76.5,91.1,733,363
2026-06-12T16:27:39.625,1781274459,nicole,TRACKING,0.7513,CENTERED,CENTERED,CENTERED,76.6,90.8,734,360
2026-06-12T16:27:39.704,1781274459,nicole,TRACKING,0.7342,CENTERED,CENTERED,CENTERED,76.7,90.6,732,361
2026-06-12T16:27:39.811,1781274459,nicole,TRACKING,0.6912,CENTERED,CENTERED,CENTERED,76.6,90.6,736,362
2026-06-12T16:27:39.928,1781274459,nicole,TRACKING,0.7212,CENTERED,CENTERED,CENTERED,76.7,90.7,734,364
2026-06-12T16:27:40.029,1781274460,nicole,TRACKING,0.7315,CENTERED,CENTERED,CENTERED,77.0,90.5,728,360
2026-06-12T16:27:40.120,1781274460,nicole,TRACKING,0.7066,CENTERED,CENTERED,CENTERED,77.0,90.3,731,360
2026-06-12T16:27:40.207,1781274460,nicole,TRACKING,0.7053,CENTERED,CENTERED,CENTERED,76.9,90.4,736,362
2026-06-12T16:27:40.325,1781274460,nicole,TRACKING,0.6894,CENTERED,CENTERED,CENTERED,77.2,90.3,726,360
2026-06-12T16:27:40.412,1781274460,nicole,TRACKING,0.7033,CENTERED,CENTERED,CENTERED,77.5,90.3,724,361
2026-06-12T16:27:40.521,1781274460,nicole,TRACKING,0.6946,CENTERED,CENTERED,CENTERED,78.0,90.3,716,362
2026-06-12T16:27:40.627,1781274460,nicole,TRACKING,0.6893,CENTERED,CENTERED,CENTERED,78.5,90.8,713,367
2026-06-12T16:27:40.711,1781274460,nicole,TRACKING,0.6846,CENTERED,CENTERED,CENTERED,79.2,90.9,707,365
2026-06-12T16:27:40.826,1781274460,nicole,TRACKING,0.657,CENTERED,CENTERED,CENTERED,79.6,90.7,707,361
2026-06-12T16:27:40.936,1781274460,nicole,TRACKING,0.6099,CENTERED,CENTERED,CENTERED,79.8,90.5,709,360
2026-06-12T16:27:41.037,1781274461,nicole,TRACKING,0.601,CENTERED,CENTERED,CENTERED,80.1,90.3,705,360
2026-06-12T16:27:41.146,1781274461,nicole,TRACKING,0.6275,CENTERED,CENTERED,CENTERED,80.5,90.2,701,360
2026-06-12T16:27:41.223,1781274461,nicole,TRACKING,0.6018,CENTERED,CENTERED,CENTERED,80.8,90.2,701,360
2026-06-12T16:27:41.328,1781274461,nicole,TRACKING,0.6008,CENTERED,CENTERED,CENTERED,81.1,90.1,699,360
2026-06-12T16:27:41.441,1781274461,nicole,TRACKING,0.5504,CENTERED,CENTERED,CENTERED,81.3,90.1,698,360
2026-06-12T16:27:41.521,1781274461,nicole,TRACKING,0.5942,CENTERED,CENTERED,CENTERED,81.6,90.1,694,360
2026-06-12T16:27:41.645,1781274461,nicole,TRACKING,0.5525,CENTERED,CENTERED,CENTERED,81.8,90.0,696,360
2026-06-12T16:27:41.741,1781274461,nicole,TRACKING,0.6141,CENTERED,CENTERED,CENTERED,81.9,90.0,696,360
2026-06-12T16:27:41.830,1781274461,nicole,TRACKING,0.5623,CENTERED,CENTERED,CENTERED,82.1,90.0,692,360
2026-06-12T16:27:42.039,1781274462,nicole,TRACKING,0.6016,CENTERED,CENTERED,CENTERED,82.0,90.0,698,360
2026-06-12T16:27:42.438,1781274462,nicole,TRACKING,0.5685,CENTERED,CENTERED,CENTERED,83.0,90.0,675,360
2026-06-12T16:27:43.069,1781274463,nicole,REACQUIRING,0.0,SEARCH,SCAN,SCAN,82.1,88.2,,
2026-06-12T16:27:43.169,1781274463,nicole,REACQUIRING,0.0,SEARCH,SCAN,SCAN,79.1,86.4,,
2026-06-12T16:27:43.277,1781274463,nicole,REACQUIRING,0.0,SEARCH,SCAN,SCAN,76.1,84.6,,
2026-06-12T16:27:43.374,1781274463,nicole,REACQUIRING,0.0,SEARCH,SCAN,SCAN,73.1,82.8,,
2026-06-12T16:27:43.473,1781274463,nicole,REACQUIRING,0.0,SEARCH,SCAN,SCAN,70.1,81.0,,
2026-06-12T16:27:43.592,1781274463,nicole,REACQUIRING,0.0,SEARCH,SCAN,SCAN,67.1,79.2,,
2026-06-12T16:27:43.679,1781274463,nicole,REACQUIRING,0.0,SEARCH,SCAN,SCAN,64.1,77.4,,
2026-06-12T16:27:43.777,1781274463,nicole,REACQUIRING,0.0,SEARCH,SCAN,SCAN,61.1,75.6,,
2026-06-12T16:27:43.872,1781274463,nicole,REACQUIRING,0.0,SEARCH,SCAN,SCAN,58.1,73.8,,
2026-06-12T16:27:43.986,1781274463,nicole,REACQUIRING,0.0,SEARCH,SCAN,SCAN,55.1,72.0,,
2026-06-12T16:27:44.077,1781274464,nicole,REACQUIRING,0.0,SEARCH,SCAN,SCAN,52.1,70.2,,
2026-06-12T16:27:44.176,1781274464,nicole,REACQUIRING,0.0,SEARCH,SCAN,SCAN,49.1,70.0,,
2026-06-12T16:27:44.287,1781274464,nicole,REACQUIRING,0.0,SEARCH,SCAN,SCAN,46.1,71.8,,
2026-06-12T16:27:44.382,1781274464,nicole,REACQUIRING,0.0,SEARCH,SCAN,SCAN,45.1,73.6,,
2026-06-12T16:27:44.482,1781274464,nicole,REACQUIRING,0.0,SEARCH,SCAN,SCAN,48.1,75.4,,
2026-06-12T16:27:44.578,1781274464,nicole,REACQUIRING,0.0,SEARCH,SCAN,SCAN,51.1,77.2,,
2026-06-12T16:27:44.683,1781274464,nicole,REACQUIRING,0.0,SEARCH,SCAN,SCAN,54.1,79.0,,
2026-06-12T16:27:44.779,1781274464,nicole,REACQUIRING,0.0,SEARCH,SCAN,SCAN,57.1,80.8,,
2026-06-12T16:27:44.876,1781274464,nicole,REACQUIRING,0.0,SEARCH,SCAN,SCAN,60.1,82.6,,
2026-06-12T16:27:44.993,1781274464,nicole,REACQUIRING,0.0,SEARCH,SCAN,SCAN,63.1,84.4,,
2026-06-12T16:27:45.088,1781274465,nicole,REACQUIRING,0.0,SEARCH,SCAN,SCAN,66.1,86.2,,
2026-06-12T16:27:45.180,1781274465,nicole,REACQUIRING,0.0,SEARCH,SCAN,SCAN,69.1,88.0,,
2026-06-12T16:27:45.279,1781274465,nicole,REACQUIRING,0.0,SEARCH,SCAN,SCAN,72.1,89.8,,
2026-06-12T16:27:45.397,1781274465,nicole,REACQUIRING,0.0,SEARCH,SCAN,SCAN,75.1,91.6,,
2026-06-12T16:27:45.489,1781274465,nicole,REACQUIRING,0.0,SEARCH,SCAN,SCAN,78.1,93.4,,
2026-06-12T16:27:45.586,1781274465,nicole,REACQUIRING,0.0,SEARCH,SCAN,SCAN,81.1,95.2,,
2026-06-12T16:27:45.697,1781274465,nicole,REACQUIRING,0.0,SEARCH,SCAN,SCAN,84.1,97.0,,
2026-06-12T16:27:45.793,1781274465,nicole,REACQUIRING,0.0,SEARCH,SCAN,SCAN,87.1,98.8,,
2026-06-12T16:27:45.883,1781274465,nicole,REACQUIRING,0.0,SEARCH,SCAN,SCAN,90.1,100.6,,
2026-06-12T16:27:45.986,1781274465,nicole,REACQUIRING,0.0,SEARCH,SCAN,SCAN,93.1,102.4,,
2026-06-12T16:27:46.092,1781274466,nicole,REACQUIRING,0.0,SEARCH,SCAN,SCAN,96.1,104.2,,
2026-06-12T16:27:46.194,1781274466,nicole,REACQUIRING,0.0,SEARCH,SCAN,SCAN,99.1,106.0,,
2026-06-12T16:27:46.291,1781274466,nicole,REACQUIRING,0.0,SEARCH,SCAN,SCAN,102.1,107.8,,
2026-06-12T16:27:46.402,1781274466,nicole,REACQUIRING,0.0,SEARCH,SCAN,SCAN,105.1,109.6,,
2026-06-12T16:27:46.498,1781274466,nicole,REACQUIRING,0.0,SEARCH,SCAN,SCAN,108.1,110.0,,
2026-06-12T16:27:46.595,1781274466,nicole,REACQUIRING,0.0,SEARCH,SCAN,SCAN,111.1,108.2,,
2026-06-12T16:27:46.687,1781274466,nicole,REACQUIRING,0.0,SEARCH,SCAN,SCAN,114.1,106.4,,
2026-06-12T16:27:46.803,1781274466,nicole,REACQUIRING,0.0,SEARCH,SCAN,SCAN,117.1,104.6,,
2026-06-12T16:27:46.899,1781274466,nicole,REACQUIRING,0.0,SEARCH,SCAN,SCAN,120.1,102.8,,
2026-06-12T16:27:46.996,1781274466,nicole,REACQUIRING,0.0,SEARCH,SCAN,SCAN,123.1,101.0,,
2026-06-12T16:27:47.113,1781274467,nicole,REACQUIRING,0.0,SEARCH,SCAN,SCAN,125.1,99.2,,
2026-06-12T16:27:47.203,1781274467,nicole,REACQUIRING,0.0,SEARCH,SCAN,SCAN,122.1,97.4,,
2026-06-12T16:27:47.306,1781274467,nicole,REACQUIRING,0.0,SEARCH,SCAN,SCAN,119.1,95.6,,
2026-06-12T16:27:47.408,1781274467,nicole,REACQUIRING,0.0,SEARCH,SCAN,SCAN,116.1,93.8,,
2026-06-12T16:27:47.502,1781274467,nicole,REACQUIRING,0.0,SEARCH,SCAN,SCAN,113.1,92.0,,
2026-06-12T16:27:47.601,1781274467,nicole,REACQUIRING,0.0,SEARCH,SCAN,SCAN,110.1,90.2,,
2026-06-12T16:27:47.698,1781274467,nicole,REACQUIRING,0.0,SEARCH,SCAN,SCAN,107.1,88.4,,
2026-06-12T16:27:47.810,1781274467,nicole,REACQUIRING,0.0,SEARCH,SCAN,SCAN,104.1,86.6,,
2026-06-12T16:27:47.904,1781274467,nicole,REACQUIRING,0.0,SEARCH,SCAN,SCAN,101.1,84.8,,
2026-06-12T16:27:47.998,1781274467,nicole,REACQUIRING,0.0,SEARCH,SCAN,SCAN,98.1,83.0,,
2026-06-12T16:27:48.109,1781274468,nicole,REACQUIRING,0.0,SEARCH,SCAN,SCAN,95.1,81.2,,
2026-06-12T16:27:48.207,1781274468,nicole,REACQUIRING,0.0,SEARCH,SCAN,SCAN,92.1,79.4,,
2026-06-12T16:27:48.373,1781274468,nicole,REACQUIRING,0.0,SEARCH,SCAN,SCAN,89.1,77.6,,
2026-06-12T16:27:48.454,1781274468,nicole,TRACKING,0.5778,CENTERED,CENTERED,CENTERED,89.4,81.3,640,360
2026-06-12T16:27:48.565,1781274468,nicole,TRACKING,0.6653,CENTERED,CENTERED,CENTERED,89.9,83.9,631,360
2026-06-12T16:27:48.679,1781274468,nicole,TRACKING,0.7289,CENTERED,CENTERED,CENTERED,90.6,85.7,625,360
2026-06-12T16:27:48.770,1781274468,nicole,TRACKING,0.7068,CENTERED,CENTERED,CENTERED,91.8,87.0,606,360
2026-06-12T16:27:48.882,1781274468,nicole,TRACKING,0.6556,CENTERED,CENTERED,CENTERED,93.5,87.9,587,360
2026-06-12T16:27:48.980,1781274468,nicole,TRACKING,0.6112,CENTERED,CENTERED,CENTERED,95.1,88.5,578,360
2026-06-12T16:27:49.078,1781274469,nicole,TRACKING,0.6364,CENTERED,CENTERED,CENTERED,96.4,89.0,572,360
2026-06-12T16:27:49.179,1781274469,nicole,TRACKING,0.6007,CENTERED,CENTERED,CENTERED,97.3,89.3,574,360
2026-06-12T16:27:49.296,1781274469,nicole,TRACKING,0.6147,CENTERED,CENTERED,CENTERED,98.0,89.5,571,360
2026-06-12T16:27:49.386,1781274469,nicole,TRACKING,0.646,CENTERED,CENTERED,CENTERED,98.4,89.6,574,360
2026-06-12T16:27:49.471,1781274469,nicole,TRACKING,0.5958,CENTERED,CENTERED,CENTERED,98.6,89.8,576,360
2026-06-12T16:27:49.590,1781274469,nicole,TRACKING,0.5887,CENTERED,CENTERED,CENTERED,98.7,89.8,576,360
2026-06-12T16:27:49.682,1781274469,nicole,TRACKING,0.6264,CENTERED,CENTERED,CENTERED,98.6,89.9,580,360
2026-06-12T16:27:49.789,1781274469,nicole,TRACKING,0.6459,CENTERED,CENTERED,CENTERED,98.4,89.9,584,360
2026-06-12T16:27:49.887,1781274469,nicole,TRACKING,0.621,CENTERED,CENTERED,CENTERED,98.2,89.9,585,360
2026-06-12T16:27:49.992,1781274469,nicole,TRACKING,0.6318,CENTERED,CENTERED,CENTERED,97.9,90.0,589,360
2026-06-12T16:27:50.089,1781274470,nicole,TRACKING,0.6259,CENTERED,CENTERED,CENTERED,97.3,90.0,598,360
2026-06-12T16:27:50.184,1781274470,nicole,TRACKING,0.6323,CENTERED,CENTERED,CENTERED,96.6,90.0,604,360
2026-06-12T16:27:50.292,1781274470,nicole,TRACKING,0.6472,CENTERED,CENTERED,CENTERED,96.3,90.0,601,360
2026-06-12T16:27:50.398,1781274470,nicole,TRACKING,0.6332,CENTERED,CENTERED,CENTERED,96.0,90.0,602,360
2026-06-12T16:27:50.487,1781274470,nicole,TRACKING,0.6313,CENTERED,CENTERED,CENTERED,95.9,90.0,600,360
2026-06-12T16:27:50.593,1781274470,nicole,TRACKING,0.6348,CENTERED,CENTERED,CENTERED,95.9,90.0,598,360
2026-06-12T16:27:50.697,1781274470,nicole,TRACKING,0.6349,CENTERED,CENTERED,CENTERED,95.8,90.0,600,360
2026-06-12T16:27:50.791,1781274470,nicole,TRACKING,0.6254,CENTERED,CENTERED,CENTERED,95.7,90.0,602,360
2026-06-12T16:27:50.880,1781274470,nicole,TRACKING,0.6149,CENTERED,CENTERED,CENTERED,95.7,90.0,598,360
2026-06-12T16:27:51.000,1781274471,nicole,TRACKING,0.6213,CENTERED,CENTERED,CENTERED,95.7,90.0,600,360
2026-06-12T16:27:51.099,1781274471,nicole,TRACKING,0.6131,CENTERED,CENTERED,CENTERED,95.8,90.0,598,360
2026-06-12T16:27:51.191,1781274471,nicole,TRACKING,0.6317,CENTERED,CENTERED,CENTERED,95.8,90.0,598,360
2026-06-12T16:27:51.303,1781274471,nicole,TRACKING,0.6362,CENTERED,CENTERED,CENTERED,95.8,90.0,598,360
2026-06-12T16:27:51.401,1781274471,nicole,TRACKING,0.6199,CENTERED,CENTERED,CENTERED,95.6,90.0,603,360
2026-06-12T16:27:51.498,1781274471,nicole,TRACKING,0.6277,CENTERED,CENTERED,CENTERED,95.6,90.0,601,360
2026-06-12T16:27:51.589,1781274471,nicole,TRACKING,0.623,CENTERED,CENTERED,CENTERED,95.4,90.0,605,360
2026-06-12T16:27:51.709,1781274471,nicole,TRACKING,0.6257,CENTERED,CENTERED,CENTERED,95.3,90.0,605,360
2026-06-12T16:27:51.795,1781274471,nicole,TRACKING,0.6081,CENTERED,CENTERED,CENTERED,95.1,90.0,606,360
2026-06-12T16:27:51.899,1781274471,nicole,TRACKING,0.6354,CENTERED,CENTERED,CENTERED,95.1,90.0,605,360
2026-06-12T16:27:52.012,1781274472,nicole,TRACKING,0.6268,CENTERED,CENTERED,CENTERED,94.9,90.0,607,360
2026-06-12T16:27:52.092,1781274472,nicole,TRACKING,0.6252,CENTERED,CENTERED,CENTERED,94.8,90.0,607,360
2026-06-12T16:27:52.202,1781274472,nicole,TRACKING,0.6281,CENTERED,CENTERED,CENTERED,94.7,90.0,608,360
2026-06-12T16:27:52.298,1781274472,nicole,TRACKING,0.6251,CENTERED,CENTERED,CENTERED,94.8,90.0,605,360
2026-06-12T16:27:52.413,1781274472,nicole,TRACKING,0.6085,CENTERED,CENTERED,CENTERED,94.6,90.0,610,360
2026-06-12T16:27:52.508,1781274472,nicole,TRACKING,0.6221,CENTERED,CENTERED,CENTERED,94.2,90.0,616,360
2026-06-12T16:27:52.603,1781274472,nicole,TRACKING,0.609,CENTERED,CENTERED,CENTERED,93.9,90.0,619,360
2026-06-12T16:27:52.702,1781274472,nicole,TRACKING,0.6179,CENTERED,CENTERED,CENTERED,92.9,90.0,636,360
2026-06-12T16:27:52.791,1781274472,nicole,TRACKING,0.5902,CENTERED,CENTERED,CENTERED,91.3,90.0,656,360
2026-06-12T16:27:52.881,1781274472,nicole,TRACKING,0.6004,CENTERED,CENTERED,CENTERED,89.1,90.0,683,360
2026-06-12T16:27:53.134,1781274473,nicole,REACQUIRING,0.0,SEARCH,SCAN,SCAN,81.0,88.2,,
2026-06-12T16:27:53.229,1781274473,nicole,REACQUIRING,0.0,SEARCH,SCAN,SCAN,78.0,86.4,,
2026-06-12T16:27:53.352,1781274473,nicole,REACQUIRING,0.0,SEARCH,SCAN,SCAN,75.0,84.6,,
2026-06-12T16:27:53.508,1781274473,nicole,TRACKING,0.676,CENTERED,CENTERED,CENTERED,77.6,86.2,684,360
2026-06-12T16:27:53.620,1781274473,nicole,TRACKING,0.6566,CENTERED,CENTERED,CENTERED,79.6,87.4,682,360
2026-06-12T16:27:53.703,1781274473,nicole,TRACKING,0.5903,CENTERED,CENTERED,CENTERED,81.3,88.1,674,360
2026-06-12T16:27:54.526,1781274474,nicole,REACQUIRING,0.0,SEARCH,SCAN,SCAN,82.2,88.2,,
2026-06-12T16:27:54.617,1781274474,nicole,REACQUIRING,0.0,SEARCH,SCAN,SCAN,79.2,86.4,,
2026-06-12T16:27:54.710,1781274474,nicole,REACQUIRING,0.0,SEARCH,SCAN,SCAN,76.2,84.6,,
2026-06-12T16:27:54.803,1781274474,nicole,REACQUIRING,0.0,SEARCH,SCAN,SCAN,73.2,82.8,,
2026-06-12T16:27:54.905,1781274474,nicole,REACQUIRING,0.0,SEARCH,SCAN,SCAN,70.2,81.0,,
2026-06-12T16:27:55.004,1781274475,nicole,REACQUIRING,0.0,SEARCH,SCAN,SCAN,67.2,79.2,,
2026-06-12T16:27:55.126,1781274475,nicole,REACQUIRING,0.0,SEARCH,SCAN,SCAN,64.2,77.4,,
2026-06-12T16:27:55.228,1781274475,nicole,REACQUIRING,0.0,SEARCH,SCAN,SCAN,61.2,75.6,,
2026-06-12T16:27:55.316,1781274475,nicole,REACQUIRING,0.0,SEARCH,SCAN,SCAN,58.2,73.8,,
2026-06-12T16:27:55.404,1781274475,nicole,REACQUIRING,0.0,SEARCH,SCAN,SCAN,55.2,72.0,,
2026-06-12T16:27:55.511,1781274475,nicole,REACQUIRING,0.0,SEARCH,SCAN,SCAN,52.2,70.2,,
2026-06-12T16:27:55.549,1781274475,nicole,REACQUIRING,0.0,SEARCH,SCAN,SCAN,49.2,70.0,,
2026-06-12T16:27:55.646,1781274475,nicole,REACQUIRING,0.0,SEARCH,SCAN,SCAN,46.2,71.8,,
2026-06-12T16:27:55.831,1781274475,nicole,REACQUIRING,0.0,SEARCH,SCAN,SCAN,45.2,73.6,,
2026-06-12T16:27:55.939,1781274475,nicole,REACQUIRING,0.0,SEARCH,SCAN,SCAN,48.2,75.4,,
2026-06-12T16:27:56.035,1781274476,nicole,REACQUIRING,0.0,SEARCH,SCAN,SCAN,51.2,77.2,,
